file_number,category,doc_type,order_date,fsa,url,extraction_method,all_amounts_found,fee_amounts_found,primary_amount,amount_type,matched_context,notes
LTB-L-107329-25,L1,ExParte Order,2026-02-25,N8Y,https://d3hf2qahezjxpx.cloudfront.net/attachments/exportedBinaries20260723_175229/069N300000udqRaIAI/LTB-L-107329-25_EX.pdf,text,"[845.48, 464.48, 186.0, 195.0, 110.0, 110.0, 110.0, 110.0, 110.0, 110.0, 110.0, 75.48]","[464.48, 186.0, 195.0]",845.48,arrears,"it is ordered that:   1. The Tenant shall pay the Landlord >>>$845.48<<<, which includes:   o $464.48 for arrears owing up to February 28, 2026,  o $186",found in operative 'It is ordered that' section; matched expected keyword for category
LTB-L-093481-25,L1,Order,2026-01-26,M3A,https://d3hf2qahezjxpx.cloudfront.net/attachments/exportedBinaries20260723_175229/069N300000siatVIAQ/LTB-L-093481-25-HR - signed.pdf,text,"[2266.79, 74.52, 2266.79, 1800.0, 7033.95, 186.0, 2266.79, 2.74, 7219.95, 9486.74, 4248.55, 74.52, 8833.95, 186.0, 1800.0, 7219.95, 11100.74, 186.0, 1800.0, 9486.74, 8132.08, 186.0, 1800.0, 2266.79, 2.74, 4248.55, 50000.0, 74.52]","[8833.95, 186.0, 11100.74, 186.0, 8132.08, 186.0]",9486.74,arrears,"ary 31, 2026. See Schedule 1  for the calculation of the amount owing.   OR  •  >>>$9,486.74<<< if the payment is made on or before February 6, 2026. See Schedule 1  for the c",found in operative 'It is ordered that' section; matched expected keyword for category
LTB-L-002624-26,L1,Order,2026-04-28,N6B,https://d3hf2qahezjxpx.cloudfront.net/attachments/exportedBinaries20260723_175229/069N300000yKOtFIAW/LTB-L-002624-26-HR.pdf,text,"[2100.0, 69.04, 2100.0, 4200.0, 2600.81, 186.0, 2100.0, 17.88, 4886.81, 6986.81, 326.43, 69.04, 8900.81, 186.0, 4200.0, 4886.81, 11000.81, 186.0, 4200.0, 6986.81, 5805.45, 186.0, 4200.0, 2100.0, 17.88, 50000.0, 69.04]","[326.43, 8900.81, 186.0, 11000.81, 186.0, 5805.45, 186.0]",6986.81,arrears,"ril 30, 2026. See Schedule 1 for  the calculation of the amount owing.   OR  •  >>>$6,986.81<<< if the payment is made on or before May 9, 2026. See Schedule 1 for the  calcul",found in operative 'It is ordered that' section; matched expected keyword for category
LTB-L-002419-26,L1,Order,2026-04-09,L3T,https://d3hf2qahezjxpx.cloudfront.net/attachments/exportedBinaries20260723_175229/069N300000xFdIWIA0/LTB-L-002419-26-Signed.pdf,text,[],[],,,,no dollar amount found
LTB-L-008239-26,L1,ExParte Order,2026-04-08,L8H,https://d3hf2qahezjxpx.cloudfront.net/attachments/exportedBinaries20260723_175229/069N300000xIARyIAO/LTB-L-008239-26-EX-signed.pdf,ocr,[],[],,,,no dollar amount found
LTB-L-019028-26,L1,Order,2026-05-21,K8V,"https://d3hf2qahezjxpx.cloudfront.net/attachments/exportedBinaries20260723_175229/069N300000zqOEXIA2/LTB-L-019028-26-HR May 21, 2026.pdf",text,"[3221.0, 269.0, 269.0, 269.0, 269.0, 269.0, 269.0, 269.0, 269.0, 269.0, 269.0, 269.0, 262.0]",[],3221.0,arrears,"It is ordered on consent that:  1. The Tenant shall pay to the Landlord >>>$3,221.00<<< for arrears of rent up to May 31, 2026, and  costs.  2. The Tenant shall pay to",found in operative 'It is ordered that' section; matched expected keyword for category
LTB-L-020600-26,L1,ExParte Order,2026-05-11,M2R,https://d3hf2qahezjxpx.cloudfront.net/attachments/exportedBinaries20260723_175229/069N300000zWgNZIA0/LTB-L-020600-26-EX.pdf,text,"[1000.0, 186.0, 4186.0]",[],1000.0,stated_total,"the Landlord paid for filing the application at the LTB.  Example: the rent is >>>$1,000.00<<< per month for a monthly tenancy and the tenant pays the rent on the 1st day of","no operative section found, or it had no dollar mentions at all; fell back to full-document search; explicit stated-total phrasing (""...is \$X"")"
LTB-L-100307-25,L1,Order,2026-02-19,L6S,https://d3hf2qahezjxpx.cloudfront.net/attachments/exportedBinaries20260723_175229/069N300000uAl73IAC/LTB-L-100307-25-HR.pdf,text,"[1463.0, 48.1, 1463.0, 2600.0, 4230.09, 186.0, 137.72, 3.77, 4416.09, 5879.09, 3292.6, 48.1, 6830.09, 186.0, 2600.0, 4416.09, 8293.09, 186.0, 2600.0, 5879.09, 5848.09, 186.0, 2600.0, 137.72, 3.77, 3292.6, 50000.0, 48.1]","[6830.09, 186.0, 8293.09, 186.0, 5848.09, 186.0]",5879.09,arrears,"ary 28, 2026. See Schedule 1  for the calculation of the amount owing.   OR    >>>$5,879.09<<< if the payment is made on or before March 31, 2026. See Schedule 1 for  the cal",found in operative 'It is ordered that' section; matched expected keyword for category
LTB-L-108311-25,L1,Order,2026-03-09,L1W,https://d3hf2qahezjxpx.cloudfront.net/attachments/exportedBinaries20260723_175229/069N300000v82aGIAQ/LTB-L-108311-25-HR.pdf,text,[],[],,,,no dollar amount found
LTB-L-002153-26,L1,Order,2026-03-24,L5A,https://d3hf2qahezjxpx.cloudfront.net/attachments/exportedBinaries20260723_175229/069N300000vyB9aIAE/LTB-L-002153-26_L1_2026_03_24 - cert.pdf,text,"[1900.7, 1900.7]",[1900.7],1900.7,arrears,"the Tenants vacated the rental unit.  2. The Tenants shall pay to the Landlord >>>$1,900.70<<< for arrears of rent up to February 28,  2026, and costs.       File Number: LTB",found in operative 'It is ordered that' section; matched expected keyword for category
LTB-L-109487-25,L2,Order,2026-02-13,L6Y,https://d3hf2qahezjxpx.cloudfront.net/attachments/exportedBinaries20260723_175229/069N300000tzplyIAA/LTB-L-0109487-25-sign.pdf,text,[186.0],[186.0],,,,operative section found but contained only fee/rate/boilerplate amounts — likely no lump sum ordered
LTB-L-013409-26,L2,Order,2026-05-22,M3K,https://d3hf2qahezjxpx.cloudfront.net/attachments/exportedBinaries20260723_175229/069N300000zwgocIAA/LTB-L-013409-26_HR.pdf,text,"[1917.34, 1782.58, 427.14, 935.08, 935.08, 847.5, 186.0, 1782.58, 186.0]",[186.0],1782.58,other,"ants meet the  conditions set out below.  2. The Tenants shall pay the Landlord >>>$1,782.58<<< by June 30, 2026.   3. The Tenants shall not smoke in the rental unit or 3 mete","found in operative 'It is ordered that' section; single candidate amount, no strong keyword match"
LTB-L-002790-26,L2,Order,2026-03-06,L9T,https://d3hf2qahezjxpx.cloudfront.net/attachments/exportedBinaries20260723_175229/069N300000uv93BIAQ/LTB-L-002790-26-HR - March 6 2026 cert.pdf,text,"[100000.0, 15000.0, 186.0, 186.0]",[186.0],,,,operative section found but contained only fee/rate/boilerplate amounts — likely no lump sum ordered
LTB-L-071581-25,L2,Order,2026-03-16,M8W,https://d3hf2qahezjxpx.cloudfront.net/attachments/exportedBinaries20260723_175229/069N300000vTKSPIA4/LTB-L-071581-25_HR.pdf,text,"[3000.0, 186.0]",[186.0],,,,operative section found but contained only fee/rate/boilerplate amounts — likely no lump sum ordered
LTB-L-064947-25,L2,Order,2026-01-22,K9V,https://d3hf2qahezjxpx.cloudfront.net/attachments/exportedBinaries20260723_175229/069N300000sRqDBIA0/LTB-L-064947-25-HR.pdf,text,[200.0],[],200.0,other,"s 62, 63, 65 and  66 of the Act.  6. Included in the application is a claim for >>>$200.00<<< under section 88.1 of the Residential  Tenancies Act, 2006 (the ‘Act’) but with","no operative section found, or it had no dollar mentions at all; fell back to full-document search; single candidate amount, no strong keyword match"
LTB-L-059454-25,L2,Review Order,2026-02-23,M1B,"https://d3hf2qahezjxpx.cloudfront.net/attachments/exportedBinaries20260723_175229/069N300000uQ63FIAS/LTB-L-058502-25-RV, LTB-L-059454-25-RV-cert.pdf",text,[],[],,,,no dollar amount found
LTB-L-019854-26,L2,Order,2026-05-12,M5A,https://d3hf2qahezjxpx.cloudfront.net/attachments/exportedBinaries20260723_175229/069N300000zazcyIAA/LTB-L-019854-26-HR - May 12 2026.pdf,text,"[186.0, 15.5]","[186.0, 15.5]",,,,operative section found but contained only fee/rate/boilerplate amounts — likely no lump sum ordered
LTB-L-012206-25,L2,Order,2026-01-07,L8P,https://d3hf2qahezjxpx.cloudfront.net/attachments/exportedBinaries20260723_175229/069N300000rcGV3IAM/LTB-L-012206-25-HR.pdf,text,"[3000.0, 186.0, 3000.0, 3000.0, 3139.75, 3000.0, 186.0, 45.0, 1.25, 130.0, 3000.0, 3000.0, 1000.0, 500.0, 1000.0, 500.0, 3000.0, 186.0, 45.0, 1.25, 3000.0, 3000.0, 186.0, 46.25, 45.0, 1.25, 3139.75]","[186.0, 3000.0, 186.0, 186.0, 46.25]",3139.75,stated_total,"owing by the Tenant.   7. The total amount the Tenant must pay the Landlord is >>>$3,139.75<<<.  8. If the Tenant does not pay the Landlord the full amount owing on or before","found in operative 'It is ordered that' section; explicit stated-total phrasing (""...is \$X"")"
LTB-L-100862-25,L2,Order,2026-04-13,L3X,https://d3hf2qahezjxpx.cloudfront.net/attachments/exportedBinaries20260723_175229/069N300000xBNU0IAO/LTB-L-100862-25-HR.pdf,text,"[2749.47, 24.77, 753.5, 186.0, 753.5, 19.08, 2749.47, 24.77, 186.0, 772.58, 753.5, 19.08, 2162.89, 2749.47, 186.0, 772.75]","[186.0, 772.58, 753.5, 2162.89, 2749.47, 186.0, 772.75]",2749.47,arrears,"xpedite the enforcement of this order.  4. The Tenant shall pay to the Landlord >>>$2,749.47<<<, which represents compensation for the  use of the unit from November 26, 2025",found in operative 'It is ordered that' section; matched expected keyword for category
LTB-L-009881-26,L2,Order,2026-05-25,P5A,https://d3hf2qahezjxpx.cloudfront.net/attachments/exportedBinaries20260723_175229/069N300001076V1IAI/LTB-L-009881-26 Consent Order May 25 2026 Certf..pdf,text,"[186.0, 186.0]",[],186.0,other,"on is made to the LTB without notice to the  Tenants.  4. The Tenants shall pay >>>$186.00<<< to the Landlord which is the cost of the application on or  before July 15, 202","found in operative 'It is ordered that' section; single candidate amount, no strong keyword match"
LTB-L-102596-25,L4,Order,2026-03-12,M4X,https://d3hf2qahezjxpx.cloudfront.net/attachments/exportedBinaries20260723_175229/069N300000vVYz5IAG/LTB-L-102596-25-SA - March 12 2026.pdf,text,"[2886.09, 1414.55, 1471.54]",[],2886.09,arrears,"cannot be  enforced.  3. The arrears and costs owing to January 31, 2026 total >>>$2,886.09<<< which shall be paid by  the Tenant to the Landlord as follows:  a) $1,414.55 (b",found in operative 'It is ordered that' section; matched expected keyword for category
LTB-L-014372-26,L4,Order,2026-04-08,N8M,https://d3hf2qahezjxpx.cloudfront.net/attachments/exportedBinaries20260723_175229/069N300000x5833IAA/LTB-L-014372-26-SA.pdf,text,[],[],,,,no dollar amount found
LTB-L-099589-25,L4,Order,2026-01-16,M1C,https://d3hf2qahezjxpx.cloudfront.net/attachments/exportedBinaries20260723_175229/069N300000rnjYXIAY/LTB-L-099589-25-SA.pdf,text,"[700.0, 1502.63, 700.0, 733.0]",[],733.0,stated_total,"ble to maintain his  rent payments until recently. His sole source of income is >>>$733.00<<< per month from Ontario  Works. The Tenant resides alone, though he has 16-year-","no operative section found, or it had no dollar mentions at all; fell back to full-document search; explicit stated-total phrasing (""...is \$X"")"
LTB-L-035197-26,L4,ExParte Order,2026-04-27,L8H,https://d3hf2qahezjxpx.cloudfront.net/attachments/exportedBinaries20260723_175229/069N300000yY9nvIAC/LTB-L-035197-26-EX - April 27 2026.pdf,text,"[300.0, 4684.82, 1684.82, 1699.0, 57.25, 1741.47, 1465.73, 57.25, 1684.82, 1545.75, 1699.0, 65.84, 57.25, 1465.73, 57.25]",[4684.82],1684.82,arrears,"g  Period  Amount  Amount owing from previous  order   Up to March 31, 2026     >>>$1,684.82<<<     New Arrears     April 1, 2026, to April 27, 2026     $1,545.75     Less the",found in operative 'It is ordered that' section; matched expected keyword for category
LTB-L-016227-26,L4,Order,2026-04-02,L6S,https://d3hf2qahezjxpx.cloudfront.net/attachments/exportedBinaries20260723_175229/069N300000wxMKwIAM/LTB-L-016227-26-SA Certified.pdf,text,[],[],,,,no dollar amount found
LTB-L-039144-26,L4,ExParte Order,2026-05-11,L0E,https://d3hf2qahezjxpx.cloudfront.net/attachments/exportedBinaries20260723_175229/069N300000zOd0ZIAS/LTB-L-039144-26-EX.pdf,text,"[12403.0, 11603.0, 3054.25, 100.41, 3054.25, 9537.19, 100.41, 11603.0, 1104.51, 3054.25, 116.07, 100.41, 9537.19, 100.41]",[12403.0],11603.0,arrears,"g  Period  Amount  Amount owing from previous  order   Up to March 31, 2026     >>>$11,603.00<<<     New Arrears     May 1, 2026, to May 11, 2026     $1,104.51     Less the ren",found in operative 'It is ordered that' section; matched expected keyword for category
LTB-L-105560-25,L4,ExParte Order,2026-01-06,M4K,https://d3hf2qahezjxpx.cloudfront.net/attachments/exportedBinaries20260723_175229/069N300000qZXG7IAO/LTB-L-105560-25-EX(L4).pdf,text,"[4000.0, 400.0, 7200.0, 4000.0, 131.51, 4000.0, 12789.06, 131.51, 4000.0, 8789.06, 131.51, 12789.06, 131.51]",[7200.0],12789.06,arrears,"Landlord on or after January 18, 2026.  5. The Tenant shall pay to the Landlord >>>$12,789.06<<< (Less any payments made by the  Tenant after this application was filed on Dece",found in operative 'It is ordered that' section; matched expected keyword for category
LTB-L-020877-26,L4,ExParte Order,2026-03-10,L6X,https://d3hf2qahezjxpx.cloudfront.net/attachments/exportedBinaries20260723_175229/069N300000vFzQaIAK/LTB-L-020877-26-EX -Signed.pdf,text,"[8986.0, 0.0, 2850.0, 91.13, 2772.0, 2869.68, 91.13, 0.0, 0.0, 2850.0, 19.68, 91.13, 2869.68, 91.13]",[8986.0],0.0,arrears,"Period  Amount  Amount owing from previous  order    Up to April 30, 2025     >>>$0.00<<<  New NSF cheque charges and  related administration charges    $0.00     Less t",found in operative 'It is ordered that' section; matched expected keyword for category
LTB-L-000537-26,L4,ExParte Order,2026-01-12,L8V,https://d3hf2qahezjxpx.cloudfront.net/attachments/exportedBinaries20260723_175229/069N300000rilw1IAA/LTB-L-000537-26-Signed.pdf,text,[],[],,,,no dollar amount found
LTB-L-011227-26,L4,ExParte Order,2026-02-13,N3T,https://d3hf2qahezjxpx.cloudfront.net/attachments/exportedBinaries20260723_175229/069N300000tocs4IAA/LTB-L-011227-26-EX.pdf,text,"[1208.58, 500.0, 5583.2, 4550.66, 1212.95, 39.73, 1208.58, 3853.29, 39.73, 4550.66, 516.49, 1212.95, 0.91, 39.73, 3853.29, 39.73]",[5583.2],4550.66,arrears,"Period  Amount  Amount owing from previous  order   Up to November 30, 2025     >>>$4,550.66<<<     New Arrears     February 1, 2026, to February  13, 2026     $516.49     Les",found in operative 'It is ordered that' section; matched expected keyword for category
LTB-T-083516-25,T2,Order,2026-05-12,M4L,https://d3hf2qahezjxpx.cloudfront.net/attachments/exportedBinaries20260723_175229/069N300000zQEtvIAG/LTB-T-083516-25-HR.pdf,text,[],[],,,,no dollar amount found
LTB-T-070725-25,T2,Order,2026-04-13,L7E,https://d3hf2qahezjxpx.cloudfront.net/attachments/exportedBinaries20260723_175229/069N300000xc7xqIAA/LTB-T-070725-25-FR.pdf,text,[],[],,,,no dollar amount found
LTB-T-061072-25,T2,Order,2026-04-16,N0J,https://d3hf2qahezjxpx.cloudfront.net/attachments/exportedBinaries20260723_175229/069N300000y1l0sIAA/LTB-T-061072-25-EX- April 16 2026.pdf,text,[],[],,,,no dollar amount found
LTB-T-038587-23,T2,Order,2026-03-27,M6H,https://d3hf2qahezjxpx.cloudfront.net/attachments/exportedBinaries20260723_175229/069N300000wa5atIAA/LTB-T-038587-23 & LTB-T-005642-26.pdf,text,"[1801.87, 200.0, 52.6, 1600.0, 236.7, 52.6, 244.78, 56.58, 1721.0, 1085.98, 52.6, 1322.67, 244.78, 244.78, 244.78, 186.42, 431.2, 6250.0, 1801.87, 1322.67, 431.2, 48.0]","[431.2, 48.0]",1801.87,stated_total,"It is ordered that:  1. The total amount the Landlord shall pay the Tenant is >>>$1,801.87<<<. This amount represents:   •  $1,322.67 for a rent abatement.  •  $431.20 for c","found in operative 'It is ordered that' section; explicit stated-total phrasing (""...is \$X"")"
LTB-T-049866-25,T2,Order,2026-01-07,L1G,https://d3hf2qahezjxpx.cloudfront.net/attachments/exportedBinaries20260723_175229/069N300000qrn1RIAQ/LTB-T-049866-25 HR.pdf,text,[50.0],[],,,,"found in operative 'It is ordered that' section; only opposite-direction amount(s) found (money flowing the other way, likely a combined hearing) — no correctly-directed amount found; largest opposite-direction figure was \$50.00, excluded"
LTB-T-070146-24,T2,Order,2026-03-11,K9H,https://d3hf2qahezjxpx.cloudfront.net/attachments/exportedBinaries20260723_175229/069N300000vJatOIAS/LTB-T-070146-24-cert.pdf,text,[],[],,,,no dollar amount found
LTB-T-027406-25,T2,Order,2026-04-15,L8R,https://d3hf2qahezjxpx.cloudfront.net/attachments/exportedBinaries20260723_175229/069N300000xVvT3IAK/LTB-T-027406-25-cert.pdf,text,[],[],,,,no dollar amount found
LTB-T-024537-25,T2,Order,2026-02-05,L6X,https://d3hf2qahezjxpx.cloudfront.net/attachments/exportedBinaries20260723_175229/069N300000tAqX9IAK/LTB-T-024537-25 HR.pdf,text,[],[],,,,no dollar amount found
LTB-T-076473-25,T2,Order,2026-05-11,M4Y,https://d3hf2qahezjxpx.cloudfront.net/attachments/exportedBinaries20260723_175229/069N300000zIhY1IAK/LTB-T-076472-25; LTB-T-076473-25- May 11 2026.pdf,text,[],[],,,,no dollar amount found
LTB-T-025800-25,T2,Order,2026-03-06,K0H,https://d3hf2qahezjxpx.cloudfront.net/attachments/exportedBinaries20260723_175229/069N300000upORRIA2/LTB-T-025800-25-HR.pdf,text,[],[],,,,no dollar amount found
LTB-T-072088-25,T6,Order,2026-03-05,L3C,https://d3hf2qahezjxpx.cloudfront.net/attachments/exportedBinaries20260723_175229/069N300000ulLlZIAU/LTB-T-072088-25-HR - March 5 2026.pdf,text,[],[],,,,no dollar amount found
LTB-T-070026-25,T6,Order,2026-01-13,P7B,https://d3hf2qahezjxpx.cloudfront.net/attachments/exportedBinaries20260723_175229/069N300000rwyzpIAA/LTB-L-084697-25-HR - January 13 2026.pdf,text,"[1025.0, 33.7, 1025.0, 6150.0, 186.0, 33.7]",[],,,,operative section found but contained only fee/rate/boilerplate amounts — likely no lump sum ordered
LTB-T-058065-22,T6,Order,2026-03-05,K9A,https://d3hf2qahezjxpx.cloudfront.net/attachments/exportedBinaries20260723_175229/069N300000v0wJPIAY/LTB-T-058065-22-HR Order_CERT.pdf,text,"[2509.71, 1425.0, 723.82, 1442.1, 327.14, 1442.1, 170.68, 1221.64, 723.82, 327.14, 170.68, 1442.1, 1235.07, 2509.71, 2456.71, 53.0, 418.28, 418.31]","[2509.71, 2456.71, 53.0]",2509.71,stated_total,"It is ordered that:  1. The Landlord shall pay the Tenant is >>>$2,509.71<<< This amount represents:   •  $2,456.71 for a total rent abatement.  •  $53.00 f","found in operative 'It is ordered that' section; explicit stated-total phrasing (""...is \$X"")"
LTB-T-010281-25,T6,Order,2026-03-23,L8L,https://d3hf2qahezjxpx.cloudfront.net/attachments/exportedBinaries20260723_175229/069N300000w1JC7IAM/LTB-T-010281-25-HR.pdf,text,[],[],,,,no dollar amount found
LTB-T-088629-25,T6,Order,2026-05-29,N1R,https://d3hf2qahezjxpx.cloudfront.net/attachments/exportedBinaries20260723_175229/069N3000010gXzzIAE/LTB-T-088629-25-HR.pdf,text,[1630.0],[],1630.0,other,"It is ordered on consent that:  1. The Landlord shall pay the Tenant >>>$1,630.00<<< in full and final satisfaction of the Tenant’s  application.    2. The amount o","found in operative 'It is ordered that' section; single candidate amount, no strong keyword match"
LTB-T-032033-24,T6,Order,2026-02-02,N6B,https://d3hf2qahezjxpx.cloudfront.net/attachments/exportedBinaries20260723_175229/069N300000tBSaqIAG/LTB-L-079276-23-HR.pdf,text,"[2486.0, 4011.48, 169.5, 508.5, 678.0, 3390.0, 50.0, 50.0, 50.0, 804.6, 1206.9, 824.7, 825.3, 2804.58, 4011.48, 2486.0, 4011.48, 1525.48]",[],4011.48,ambiguous-max,"amount owing by the Landlords to the Tenants.  3. The Landlords owe the Tenants >>>$4,011.48<<< for a rent abatement.  This amount shall be  reduced by the amount owing by the","found in operative 'It is ordered that' section; multiple candidate amounts, took max — manual review advised"
LTB-T-075767-25,T6,Order,2026-03-12,N6K,https://d3hf2qahezjxpx.cloudfront.net/attachments/exportedBinaries20260723_175229/069N300000vMtyBIAS/LTB-T-075767-25-HR - March 12 2026.pdf,text,[],[],,,,no dollar amount found
LTB-T-017890-25,T6,Order,2026-05-15,L8L,https://d3hf2qahezjxpx.cloudfront.net/attachments/exportedBinaries20260723_175229/069N300000zbBeIIAU/LTB-T-017890-25-HR - May 15 2026.pdf,text,[600.0],[],600.0,other,it is ordered that:  1. The Landlord shall pay the Tenants >>>$600.00<<< via e-transfer to rm24david@gmail.com.  This  amount represents a full and fina,"found in operative 'It is ordered that' section; single candidate amount, no strong keyword match"
LTB-T-061995-24,T6,Order,2026-01-14,K2T,https://d3hf2qahezjxpx.cloudfront.net/attachments/exportedBinaries20260723_175229/069N300000sDz6hIAC/LTB-T-061995-24-HR - January 14 2026.doc.pdf,text,[2400.0],[],2400.0,other,"ome on February 1, 2023 and  moved out on December 7, 2023. The lawful rent was >>>$2,400.00<<<.  3. The Tenants filed their T6 application with the LTB on August 1, 2024 alle","no operative section found, or it had no dollar mentions at all; fell back to full-document search; single candidate amount, no strong keyword match"
LTB-T-072769-25,T6,Order,2026-04-01,L1P,https://d3hf2qahezjxpx.cloudfront.net/attachments/exportedBinaries20260723_175229/069N300000wsdREIAY/LTB-T-072769-25-hr.pdf,text,[],[],,,,no dollar amount found
LTB-T-057463-25,T1,Order,2026-04-14,P7A,https://d3hf2qahezjxpx.cloudfront.net/attachments/exportedBinaries20260723_175229/069N300000xNHKkIAO/LTB-T-057463-25_HR.pdf,text,"[1800.0, 1800.0, 1000.0, 800.0, 1800.0, 79.53, 53.0, 1932.53, 1800.0, 53.0, 1932.53]",[],1932.53,stated_total,"It is ordered that:  1. The total amount the Landlords shall pay the Tenants is >>>$1,932.53<<<. This amount  represents the return of the last month's rent deposit, the inter","found in operative 'It is ordered that' section; explicit stated-total phrasing (""...is \$X"")"
LTB-T-013716-25,T1,Order,2026-01-21,N3T,https://d3hf2qahezjxpx.cloudfront.net/attachments/exportedBinaries20260723_175229/069N300000sYgnWIAS/LTB-T-013716-25-HR.pdf,text,"[1995.0, 500.0, 100.0, 75.0, 500.0, 5046.0, 5046.0, 186.0, 532.54, 150.0, 2500.0, 3000.0, 3000.0, 2046.0, 5046.0, 500.0, 100.0, 500.0, 100.0, 5046.0, 648.0, 648.0, 500.0, 100.0, 48.0]","[648.0, 648.0, 100.0, 48.0]",648.0,ambiguous-max,It is ordered that:  1. The Landlord will pay the Tenant >>>$648.00<<< which is calculated as follows:     File Number: LTB-T-013716-25  Order Page 5,"found in operative 'It is ordered that' section; multiple candidate amounts, took max — manual review advised"
LTB-T-007195-26,T1,Order,2026-05-20,K9J,https://d3hf2qahezjxpx.cloudfront.net/attachments/exportedBinaries20260723_175229/069N300000zqMitIAE/LTB-T-007195-26_HR-Cert.pdf,text,"[1150.0, 1150.0, 380.0, 380.0, 390.0]",[],1150.0,ambiguous-max,"it is ordered that:  1. The Landlord shall pay the Tenant >>>$1,150.00<<< in resolution of the claims contained in this  application.     2. The Landlord","found in operative 'It is ordered that' section; multiple candidate amounts, took max — manual review advised"
LTB-T-063478-25,T1,Order,2026-01-29,L9C,https://d3hf2qahezjxpx.cloudfront.net/attachments/exportedBinaries20260723_175229/069N300000sp7RqIAI/LTB-T-063478-25-HR.pdf,text,[],[],,,,no dollar amount found
LTB-T-073026-25,T1,Order,2026-03-18,M5A,https://d3hf2qahezjxpx.cloudfront.net/attachments/exportedBinaries20260723_175229/069N300000vtDqEIAU/T1 LTB-T-073026-25-HR - DRO CAMPBELL DHM STAMPED.pdf,text,"[153.0, 100.0, 53.0]","[100.0, 53.0]",153.0,stated_total,red on consent that:  1. The total amount the Landlord shall pay the Tenants is >>>$153.00<<<. This amount represents:   •  $100.00 for a portion of the key deposit.  •  $53,"found in operative 'It is ordered that' section; explicit stated-total phrasing (""...is \$X"")"
LTB-T-019445-25,T1,Review Order,2026-03-16,K1E,https://d3hf2qahezjxpx.cloudfront.net/attachments/exportedBinaries20260723_175229/069N300000vdX4xIAE/LTB-T-019445-25-RV fre.pdf,text,[],[],,,,no dollar amount found
LTB-T-063970-25,T1,Order,2026-01-09,P3A,https://d3hf2qahezjxpx.cloudfront.net/attachments/exportedBinaries20260723_175229/069N300000qwuIPIAY/LTB-T-063970-25_HR.pdf,text,[],[],,,,no dollar amount found
LTB-T-031847-25,T1,Order,2026-01-08,N1L,https://d3hf2qahezjxpx.cloudfront.net/attachments/exportedBinaries20260723_175229/069N300000rYLd0IAG/LTB-T-031847-25-HR.pdf,text,"[500.0, 500.0, 500.0, 25.0, 548.0, 500.0, 48.0]","[500.0, 48.0]",548.0,stated_total,"It is ordered that:  1. The total amount the Landlord shall pay the Tenant is >>>$548.00<<<. This amount represents:   •  $500.00, representing the illegally collected sec","found in operative 'It is ordered that' section; explicit stated-total phrasing (""...is \$X"")"
LTB-T-089204-25,T1,Order,2026-05-05,M8X,https://d3hf2qahezjxpx.cloudfront.net/attachments/exportedBinaries20260723_175229/069N300000yx3ydIAA/LTB-T-089204-25-HR - May 5 2026.pdf,text,[],[],,,,no dollar amount found
LTB-T-072033-25,T1,Order,2026-03-31,M1P,https://d3hf2qahezjxpx.cloudfront.net/attachments/exportedBinaries20260723_175229/069N300000wh7syIAA/LTB-T-072033-25-HR.pdf,text,[1000.0],[],1000.0,claimed,"ancies Act,  2006 (the 'Act'). The Tenant testified that the Landlord collected >>>$1,000.00<<< as a damage  deposit on February 22, 2024. This is not a charge which is permit","no operative section found, or it had no dollar mentions at all; fell back to full-document search; only requested/testified amounts found, no confirmed award — verify manually; single candidate amount, no strong keyword match"
