code,meaning,filed_by,orders,terminated_voidable,terminated,money_only,remedy_ordered,dismissed,withdrawn,other,any_termination
L1,Non-payment of rent,landlord,3556,37.5,12.1,22.9,0.4,4.1,1.0,22.0,49.6
L2,End tenancy (other reasons),landlord,983,0.1,34.2,16.2,1.2,17.6,3.8,27.0,34.3
L4,Breached a settlement or order,landlord,967,1.1,62.7,7.1,0.3,1.9,0.4,26.5,63.8
T2,Tenant rights,tenant,402,0.0,4.7,5.5,10.4,46.3,12.9,20.1,4.7
T1,Rent rebate or money owed to tenant,tenant,203,0.0,2.5,4.9,33.0,41.9,3.0,14.8,2.5
T6,Maintenance,tenant,197,0.0,7.6,8.1,19.8,41.6,5.1,17.8,7.6
L10,Collect money from a former tenant,landlord,164,0.0,1.8,43.3,2.4,31.1,2.4,18.9,1.8
L3,Tenant gave notice but stayed,landlord,159,0.0,84.3,0.0,0.0,7.5,0.6,7.5,84.3
T5,Bad-faith notice to terminate,tenant,104,0.0,1.0,6.7,30.8,38.5,1.0,22.1,1.0
L5,Above-guideline rent increase,landlord,101,0.0,0.0,4.0,0.0,8.9,0.0,87.1,0.0
