fsa,total_applications,landlord_filed,tenant_filed,coop_filed,L1,L2,L4,T2,T6,T1
M3N,471,458,13,0,328,36,77,7,3,0
M6K,469,407,59,3,231,71,66,17,12,19
M4Y,437,354,74,9,229,40,68,21,14,18
L8L,392,336,56,0,190,38,80,17,15,6
L4N,381,309,64,8,166,57,56,26,18,5
M5A,372,301,67,4,153,84,35,17,15,21
M9N,358,338,18,2,265,28,37,12,3,1
K1N,358,293,65,0,198,28,39,18,12,19
M9V,358,334,19,5,218,32,73,5,3,4
L1G,354,307,39,8,194,42,49,13,4,10
L1J,352,299,45,8,187,26,73,17,13,6
M3A,341,310,30,1,204,61,37,13,2,8
M6M,332,304,24,4,190,37,58,9,4,2
M5V,328,201,125,2,92,31,34,34,16,34
N9A,324,278,46,0,159,46,42,16,12,10
K1V,318,291,24,3,200,41,38,10,6,3
M8V,310,259,39,12,138,46,44,19,4,8
M1J,307,283,21,3,179,27,56,6,0,4
L6T,303,290,13,0,198,21,57,5,2,3
N2M,299,273,26,0,175,31,42,16,4,1
N2L,298,211,87,0,111,28,27,26,21,31
L4M,293,247,46,0,140,43,44,19,6,7
L1H,292,254,35,3,146,35,35,7,9,4
M2R,286,263,23,0,190,30,30,8,5,4
M2J,286,249,37,0,173,15,39,16,6,8
K7M,279,254,25,0,169,29,36,13,3,2
L8N,278,250,28,0,178,21,45,8,11,1
M1K,277,237,38,2,140,48,36,13,8,5
K7K,270,243,26,1,126,41,45,9,5,4
K1K,268,239,24,5,139,41,38,4,6,3
K1G,262,237,24,1,175,16,41,6,5,6
M6H,262,220,41,1,133,44,28,20,2,10
M4C,258,229,26,3,140,49,29,10,2,3
N5Y,258,237,20,1,171,23,33,9,7,3
K2B,255,233,22,0,144,23,56,13,5,1
L6Y,251,214,32,5,143,22,24,15,4,7
L4C,247,196,49,2,104,34,27,17,7,7
M3J,243,222,21,0,140,24,39,7,4,4
L3V,240,201,38,1,109,39,35,12,8,5
P3C,239,198,39,2,98,37,53,15,11,9
N6H,239,219,20,0,143,14,30,7,6,5
L5A,236,200,36,0,124,26,35,9,8,10
L4T,235,228,7,0,188,14,19,3,0,2
M9R,234,216,18,0,143,33,33,6,2,1
L5B,230,190,39,1,131,21,16,13,6,12
M3C,228,218,10,0,149,28,27,3,2,3
L8P,228,186,42,0,116,40,21,21,6,5
L2R,227,203,23,1,114,35,32,13,4,2
N3T,226,196,30,0,136,22,30,14,3,2
N5W,223,183,38,2,109,28,32,12,12,2
K1Z,222,195,27,0,126,24,39,17,4,1
N1R,221,189,30,2,98,35,44,12,4,7
N5Z,219,197,19,3,111,40,34,10,2,1
M9M,217,209,8,0,170,5,27,2,0,6
N7T,216,177,38,1,89,33,33,10,11,5
K9J,216,186,29,1,103,36,31,11,4,3
K1L,214,167,47,0,105,31,24,18,10,11
M1E,214,186,19,9,90,40,43,7,1,6
L7A,210,169,41,0,88,23,14,16,5,8
M2N,210,167,43,0,80,41,23,16,3,12
M3M,204,193,11,0,144,18,24,5,2,1
M1P,200,178,22,0,120,18,23,12,1,4
N5V,198,167,22,9,114,9,29,8,2,5
N1H,196,166,24,6,97,37,25,11,4,5
M9W,194,175,19,0,103,28,30,9,1,5
L8H,194,172,22,0,107,29,22,7,2,6
M4S,194,169,20,5,115,27,19,5,2,8
K6H,193,176,17,0,89,26,38,13,0,2
M4X,193,168,24,1,111,19,29,9,9,3
L6X,191,162,24,5,92,23,24,7,3,7
M1L,191,177,14,0,113,20,29,3,2,3
L3B,189,156,32,1,97,26,16,13,5,3
N6J,186,161,20,5,96,30,27,8,1,3
M1B,185,138,16,31,88,24,15,3,4,4
M4P,184,156,28,0,105,16,18,10,7,8
L6H,183,151,32,0,94,23,14,9,5,7
M9C,183,169,14,0,136,9,22,5,0,4
N6B,183,165,17,1,95,31,30,5,6,3
L8K,181,163,18,0,93,20,41,7,3,4
M5R,181,142,38,1,82,32,15,18,8,6
M6E,176,142,34,0,75,27,20,12,4,6
K9H,170,147,23,0,87,33,16,7,6,4
M1G,170,155,15,0,90,23,13,7,1,6
K6V,170,147,22,1,87,25,25,9,3,2
M4K,170,144,26,0,96,26,15,17,3,5
M3L,169,164,5,0,127,10,26,1,0,3
K2P,167,128,36,3,93,18,10,16,5,4
M5B,166,120,38,8,72,16,7,6,4,10
N6G,166,129,30,7,77,17,19,7,7,5
L2G,166,141,25,0,64,30,35,6,2,9
L5M,165,134,30,1,62,31,9,8,4,11
N7M,162,134,25,3,71,22,22,7,9,2
K8P,161,136,25,0,75,32,23,11,3,2
L8E,161,134,27,0,83,18,25,9,5,3
P1B,160,136,24,0,84,23,17,8,8,1
L8M,160,142,18,0,63,21,39,6,7,2
K0K,159,126,33,0,53,29,29,12,12,2
L6W,157,144,13,0,88,18,32,2,8,3
M6N,156,135,21,0,68,28,23,5,5,4
L6V,156,134,22,0,74,25,19,10,0,6
K1R,155,133,20,2,81,21,20,6,6,5
M1T,155,134,21,0,87,16,18,11,1,7
N8X,154,126,28,0,61,29,16,7,7,2
N6A,153,136,16,1,77,19,27,8,6,1
L3Y,153,119,33,1,61,24,14,8,3,7
N2H,153,128,25,0,64,19,23,10,4,5
L4K,151,126,25,0,78,19,11,4,5,9
P6A,151,131,16,4,93,14,18,1,10,1
L8R,149,135,14,0,86,22,22,9,3,1
M6J,148,113,35,0,62,19,18,11,12,5
N3S,148,135,13,0,81,22,22,2,5,2
L3C,147,127,20,0,74,12,23,7,4,2
L1N,146,107,32,7,51,25,17,15,11,0
M3H,145,122,23,0,77,13,20,8,3,7
K1S,143,118,25,0,88,5,13,7,6,7
L2M,142,119,20,3,64,14,28,6,7,2
N0G,141,121,20,0,63,23,21,4,8,0
M6P,141,113,28,0,64,27,9,14,8,2
N4K,140,121,19,0,76,19,21,11,3,4
N6C,138,122,16,0,89,4,23,3,5,3
L9T,137,89,48,0,38,24,11,17,10,5
M1R,136,111,23,2,71,9,18,12,4,3
L5N,136,106,29,1,57,20,22,10,2,11
K8N,135,109,24,2,61,14,26,5,1,5
K1T,133,99,29,5,62,23,11,9,7,5
M5T,133,93,39,1,53,13,12,13,7,8
L6S,132,121,11,0,72,11,25,6,1,1
L2E,131,111,20,0,54,27,15,3,6,2
M4L,131,97,34,0,54,16,13,13,3,4
N4S,131,113,17,1,73,14,17,6,4,1
N2J,131,98,33,0,58,10,11,8,9,9
N8Y,131,112,19,0,70,13,20,7,3,3
K0A,130,114,16,0,52,32,19,8,3,2
K9V,130,103,27,0,68,14,17,10,10,1
N2C,129,117,12,0,81,16,12,5,2,1
M4H,128,116,10,2,54,27,21,1,3,2
K8V,125,108,17,0,67,13,22,7,0,0
L4Y,124,111,13,0,75,8,28,3,2,1
L1V,123,101,20,2,61,15,12,5,4,5
L5J,122,111,11,0,73,11,22,5,2,3
L2V,122,106,16,0,52,19,18,7,2,4
N9B,122,99,23,0,48,13,12,10,5,3
M4B,121,103,17,1,77,7,15,5,6,2
K1Y,121,105,16,0,70,8,21,5,6,4
L5G,121,106,15,0,66,8,21,3,3,5
M4V,120,102,18,0,74,10,11,6,4,4
N2E,120,101,13,6,59,15,19,5,0,3
M6L,120,106,9,5,73,10,18,4,2,3
N9C,120,106,14,0,58,17,12,3,1,3
L7R,119,90,17,12,55,6,7,6,5,4
N8T,118,113,3,2,62,11,21,0,2,0
M2K,117,89,28,0,44,17,14,12,6,8
M1V,117,101,16,0,80,7,10,5,1,6
M8Y,116,106,10,0,65,14,10,2,1,4
M8W,116,90,25,1,47,13,24,9,5,3
K2C,116,90,26,0,61,6,17,9,7,4
K2J,116,87,29,0,38,10,19,8,1,14
M2M,114,84,30,0,55,10,7,10,2,11
L9A,113,100,13,0,58,12,22,7,4,2
M6B,113,102,11,0,65,23,9,7,2,1
N7L,113,108,5,0,53,21,19,0,3,0
P3B,113,90,20,3,40,26,19,7,5,2
L5L,111,99,11,1,73,5,17,3,1,3
L1C,111,86,22,3,49,14,17,13,3,2
P0M,111,85,25,1,46,19,8,10,3,0
M9A,111,96,15,0,62,19,7,7,3,4
M9B,111,95,16,0,67,12,8,6,2,5
M5P,110,88,22,0,58,15,11,9,1,4
L1S,110,85,25,0,51,16,11,5,6,3
L3T,109,91,18,0,51,15,17,5,2,6
N3H,108,92,16,0,48,14,16,4,7,2
N3R,108,101,4,3,64,18,10,1,1,0
P4N,107,94,13,0,51,12,26,5,1,3
L2H,107,86,13,8,64,7,8,1,3,2
M6C,107,85,20,2,50,6,18,7,2,4
N5P,106,95,8,3,51,22,17,2,1,1
L4Z,104,74,17,13,49,6,11,8,5,2
K1J,103,86,16,1,53,12,10,13,0,2
L4X,103,99,3,1,78,4,15,2,1,0
N5A,102,96,5,1,62,9,19,2,1,1
M6S,102,82,20,0,43,12,15,4,4,5
K2G,102,84,18,0,59,8,9,7,1,4
L6M,102,72,29,1,35,14,11,6,4,4
P3E,101,91,9,1,50,17,13,3,0,3
N6K,101,91,10,0,66,3,17,3,2,2
L6P,101,76,25,0,34,20,6,9,1,7
L4E,101,74,27,0,32,23,6,11,1,6
N2G,100,75,24,1,44,12,9,10,6,5
L4H,99,76,23,0,35,17,6,6,5,4
M1N,98,87,10,1,54,19,9,4,1,2
M1M,98,85,12,1,40,12,23,6,1,2
M6A,98,87,11,0,55,18,8,2,3,0
K6A,96,84,12,0,26,43,4,3,2,0
L8V,95,76,18,1,40,9,18,8,4,0
M4J,94,67,27,0,34,19,8,14,7,3
N7S,93,72,21,0,48,5,11,18,1,0
M6G,93,67,26,0,17,32,6,9,2,7
N0M,92,80,12,0,33,19,16,4,4,1
N1E,92,72,18,2,32,17,13,3,3,4
N8S,92,87,5,0,45,15,12,2,2,1
M6R,91,70,21,0,41,16,8,6,4,4
N0P,91,78,13,0,31,21,16,5,3,3
L4P,90,64,24,2,33,11,11,4,5,3
L8G,90,78,12,0,50,12,13,5,2,2
L9Z,90,77,13,0,39,13,6,5,0,2
N2P,89,74,14,1,49,4,17,5,3,1
M1W,89,71,18,0,53,11,3,4,1,7
N5X,88,66,22,0,50,7,2,9,4,6
L4G,88,64,19,5,26,12,15,8,3,3
L0S,87,66,21,0,37,9,8,7,4,3
P7E,87,81,6,0,40,24,15,0,1,2
P3A,87,73,10,4,32,12,18,2,2,3
L2P,86,67,17,2,37,13,10,4,3,7
M4W,85,64,21,0,28,6,7,6,1,7
M4A,85,74,11,0,43,18,11,7,0,3
L8S,85,53,32,0,26,14,4,12,4,7
K0E,84,69,15,0,36,15,13,6,4,1
L4J,84,65,19,0,28,16,8,6,3,3
L9S,83,65,18,0,44,10,5,3,4,6
K2H,83,72,11,0,48,15,9,6,3,0
L9C,83,62,15,6,34,9,11,7,2,4
P6B,82,70,9,3,43,13,9,2,2,3
L4W,82,74,5,3,66,3,3,3,1,1
M9P,81,75,6,0,48,12,10,2,2,0
K6J,81,71,10,0,37,16,5,2,3,0
K0L,81,68,13,0,26,24,8,6,0,1
L5R,81,71,10,0,39,9,11,1,2,2
M4E,81,68,11,2,31,25,6,4,0,1
M4R,80,70,10,0,43,2,16,3,2,2
N6E,80,69,11,0,47,11,10,3,3,2
N2A,80,65,15,0,41,5,5,5,2,2
L9Y,79,65,14,0,28,14,14,4,2,1
P7B,79,64,15,0,42,8,7,8,1,1
M5J,78,54,24,0,23,18,4,7,1,3
L6R,78,59,19,0,27,18,5,8,2,5
L1P,78,69,9,0,45,2,19,2,2,3
L1T,77,61,16,0,16,21,12,5,3,1
L3K,77,61,16,0,33,12,12,9,3,1
P7A,77,60,16,1,31,17,6,6,0,4
K4A,77,62,15,0,34,6,7,5,2,5
L4L,76,66,10,0,34,10,7,6,2,2
L6A,76,57,19,0,28,10,13,7,7,1
N1G,74,47,24,3,27,10,2,4,2,3
K0M,74,60,14,0,35,8,7,2,3,3
M5G,74,62,12,0,39,11,4,2,1,6
M5N,74,66,8,0,44,5,9,2,3,0
L8W,74,60,9,5,38,6,9,2,2,2
N2B,73,60,13,0,37,14,6,4,3,1
K7L,73,51,22,0,37,6,3,10,5,3
L6C,73,52,21,0,21,14,6,3,1,7
M1H,72,61,7,4,41,6,7,6,0,0
L1L,72,56,16,0,34,4,8,4,1,3
M1C,72,62,8,2,22,19,7,3,0,1
L5K,72,67,2,3,63,1,3,1,0,0
M1S,72,60,12,0,35,8,10,4,1,1
P6C,71,66,4,1,39,9,10,1,0,0
N0B,71,57,14,0,28,8,10,5,0,0
K0C,70,58,12,0,26,3,18,4,1,2
L3Z,70,55,15,0,26,11,8,4,3,1
N8W,70,60,8,2,28,5,18,3,1,1
M5S,70,37,31,2,15,14,6,10,2,6
L6K,69,64,5,0,43,9,8,3,1,0
M4M,69,49,20,0,28,8,7,5,2,4
L4R,68,56,10,2,36,11,7,3,2,1
L1K,68,52,12,4,22,8,7,5,0,1
L1X,67,57,10,0,38,6,5,0,5,1
P1A,67,59,7,1,26,18,11,5,0,2
L4A,66,45,21,0,20,9,7,10,2,4
L3R,65,50,15,0,23,13,4,7,0,3
L5C,65,50,12,3,33,8,5,3,5,0
K9A,64,53,11,0,22,11,11,5,4,0
L9H,64,53,11,0,43,5,4,2,2,0
K8A,64,52,12,0,26,15,5,5,1,2
L3X,64,57,7,0,28,12,10,3,1,2
P0T,63,60,3,0,38,12,4,2,1,0
N4G,63,56,5,2,37,5,8,3,1,1
L7S,62,56,6,0,41,8,5,1,2,0
L2S,62,51,9,2,29,12,7,2,0,0
L8T,62,47,15,0,26,7,9,8,4,0
N1S,61,56,4,1,31,9,7,2,0,0
M4G,61,41,20,0,26,4,2,10,4,5
N0H,61,53,8,0,30,6,8,1,2,3
L0G,60,57,3,0,24,17,7,0,1,1
L2T,59,43,16,0,28,8,4,7,3,2
K7A,59,52,7,0,20,15,14,1,3,0
N8H,59,51,5,3,35,5,6,2,1,1
K2E,59,50,8,1,36,3,8,2,2,1
N5R,59,50,9,0,28,9,11,4,2,1
K2K,59,40,16,3,17,7,3,4,7,1
L0K,59,45,14,0,26,6,6,4,3,0
P7C,58,55,3,0,37,11,5,2,0,1
L0R,58,38,20,0,16,7,5,13,2,0
K1H,57,51,6,0,23,10,13,3,2,0
L7C,57,47,10,0,26,6,5,3,1,2
M5E,57,48,9,0,21,14,5,3,1,3
K2A,56,43,13,0,31,1,4,4,4,3
L4B,55,38,14,3,15,11,5,2,1,3
L5V,55,41,14,0,14,13,5,3,2,2
L0E,54,43,11,0,23,6,10,5,1,0
L4S,54,46,8,0,24,9,5,1,2,4
L2N,54,43,8,3,22,7,7,5,1,1
M4N,54,44,10,0,22,6,7,3,2,2
L9W,53,32,14,7,14,8,4,3,0,5
L9V,53,45,8,0,26,2,15,4,0,1
L6L,53,46,7,0,26,5,13,2,0,1
L7P,52,49,3,0,25,15,9,1,0,0
L5H,52,42,10,0,19,11,11,2,3,2
L9N,52,44,8,0,19,8,9,4,0,2
L0L,51,37,14,0,17,9,9,9,2,1
N3Y,50,41,9,0,29,5,2,8,1,0
M3K,50,48,2,0,31,6,10,0,1,1
K7P,49,40,9,0,24,5,5,3,1,2
K0H,48,40,8,0,20,9,7,2,1,0
L6B,47,30,17,0,15,12,0,8,2,3
N2K,47,32,15,0,17,3,8,3,2,4
N3C,47,30,17,0,19,5,3,1,4,4
P0N,47,37,8,2,25,7,3,2,2,0
L1A,45,32,13,0,21,4,4,2,2,8
N0N,45,36,9,0,19,7,6,3,4,2
L2A,45,37,7,1,25,2,2,4,0,0
N1M,44,40,4,0,22,8,7,1,1,0
L1E,44,37,7,0,20,5,7,3,2,1
K7C,44,40,4,0,17,5,11,1,1,0
N5C,44,36,4,4,20,5,8,1,1,2
N2N,44,40,4,0,32,2,2,3,0,1
L7T,44,38,6,0,21,5,6,2,1,1
M4T,43,36,7,0,17,8,9,5,0,1
L8J,43,40,3,0,29,3,5,2,0,0
L9B,42,34,7,1,26,3,4,3,0,1
N8A,42,38,4,0,30,7,1,1,2,0
K7R,42,38,4,0,17,11,8,3,1,0
L1R,42,35,7,0,16,7,7,2,0,2
N0L,41,30,11,0,14,7,5,7,2,0
L6Z,41,31,10,0,13,8,7,4,2,1
K0B,40,32,8,0,17,13,0,4,1,1
L6G,40,32,8,0,17,4,8,4,1,2
L7M,40,28,10,2,12,8,3,6,1,0
M8Z,40,29,11,0,12,8,0,5,0,4
P1H,40,34,6,0,10,7,8,3,1,1
L2J,39,31,8,0,16,3,8,1,1,4
L5E,39,30,9,0,18,2,6,6,0,1
N2R,39,30,9,0,17,2,4,1,1,3
N7G,38,34,4,0,16,6,7,2,2,0
L3S,38,31,7,0,13,11,3,3,2,0
K9K,37,32,5,0,25,3,3,1,0,1
N0J,37,27,10,0,10,10,4,7,0,2
P2N,37,36,1,0,24,5,4,1,0,0
K0G,37,34,3,0,19,6,5,1,0,0
L9J,37,28,9,0,21,2,1,2,1,4
L7L,37,32,5,0,17,5,2,0,0,2
N4T,37,30,6,1,13,0,4,2,0,1
N4N,37,29,8,0,14,4,8,6,1,0
P0H,37,25,12,0,15,4,0,5,4,0
L9E,36,33,3,0,14,6,2,1,0,1
M2H,36,28,8,0,12,8,2,2,1,3
P2A,36,29,7,0,14,6,4,3,1,0
P5A,36,32,4,0,11,15,3,2,0,2
M3B,35,33,2,0,12,12,2,1,1,0
N0C,35,29,6,0,20,0,5,3,0,0
L1Z,35,25,10,0,13,4,3,3,1,1
L7G,35,25,7,3,14,4,0,2,1,2
K4K,35,27,8,0,13,7,2,1,0,0
K1C,35,18,17,0,11,3,3,7,4,2
K7H,34,30,4,0,14,9,4,3,1,0
L3M,34,23,11,0,10,4,5,3,3,2
N9V,34,28,4,2,14,9,3,1,0,2
P0L,34,28,6,0,27,0,1,2,3,0
L9M,34,31,3,0,15,7,6,1,1,0
N3L,33,23,10,0,9,2,4,3,1,2
L9R,33,26,7,0,12,7,5,2,1,0
L1W,33,29,4,0,13,7,5,2,0,0
N1L,33,25,8,0,6,4,9,3,0,2
P9A,33,31,2,0,17,6,7,2,0,0
K2T,32,21,11,0,11,4,4,4,6,0
N8M,32,28,4,0,9,9,10,1,2,0
K2V,32,25,7,0,19,2,3,1,1,2
P2B,31,26,5,0,18,4,1,2,2,1
K7V,31,24,7,0,16,6,1,3,3,0
M5M,31,20,11,0,16,1,1,7,2,0
K7N,31,27,4,0,18,1,5,2,1,0
L6E,31,19,12,0,8,5,0,6,0,1
L7N,31,28,3,0,22,2,4,1,0,0
N0A,31,27,4,0,14,6,3,2,1,1
K2S,30,22,8,0,11,3,3,6,0,1
P0K,29,27,2,0,20,4,3,2,0,0
N8N,29,21,2,6,8,6,3,1,1,0
P1L,29,25,4,0,9,8,5,2,1,0
M9L,29,21,8,0,10,5,2,3,3,1
K7S,28,23,5,0,12,4,3,2,1,1
N3P,28,27,1,0,17,3,4,1,0,0
M2L,28,26,2,0,15,6,3,0,1,0
M2P,27,25,2,0,13,3,8,0,0,1
N3A,27,24,3,0,15,6,3,2,0,1
L8B,27,18,9,0,11,3,3,4,3,1
L0M,27,22,5,0,9,5,1,2,0,1
N8R,27,24,3,0,14,3,3,1,1,1
N3W,27,26,1,0,11,5,3,0,0,0
K1E,26,20,6,0,9,3,3,0,0,4
P0J,26,21,5,0,14,2,2,2,1,1
N6P,26,25,1,0,19,3,0,0,0,0
N2V,26,17,9,0,5,7,0,4,1,2
P1P,26,17,7,2,13,2,1,0,1,4
K1B,26,23,3,0,13,7,3,0,0,3
N2Z,26,22,4,0,10,5,4,0,0,4
N2T,25,14,9,2,10,2,2,3,1,2
N7V,25,20,5,0,10,3,3,2,2,0
N9E,25,21,4,0,9,4,6,2,0,1
N5H,25,23,0,2,13,4,4,0,0,0
L6J,24,17,7,0,9,6,2,2,1,0
L7E,24,18,6,0,8,3,1,5,0,0
K0J,24,21,3,0,10,9,0,1,1,1
K2L,24,18,6,0,12,6,0,1,0,4
N0R,24,18,6,0,13,2,0,0,1,0
N1A,23,20,3,0,8,8,3,0,0,1
N9G,23,18,5,0,4,4,2,2,0,1
K1W,23,16,7,0,3,6,1,4,0,3
L9L,23,18,3,2,7,6,4,2,0,0
L3J,22,13,6,3,5,3,4,0,1,2
N4W,22,18,4,0,11,5,2,0,0,3
N0K,21,20,1,0,8,8,3,0,0,0
M1X,21,15,6,0,6,4,1,4,1,0
N0E,21,13,8,0,3,5,1,5,0,0
P3L,21,18,3,0,9,5,2,1,0,0
M5H,20,15,5,0,8,0,2,1,0,3
N1T,20,16,4,0,9,1,2,2,0,0
P5N,20,17,3,0,11,5,1,1,0,0
N1K,20,17,3,0,11,3,2,2,0,1
L7B,19,14,5,0,9,1,0,0,1,1
L1M,18,17,1,0,4,7,5,0,0,0
N9Y,18,18,0,0,10,4,2,0,0,0
N4X,18,7,7,4,1,5,1,5,2,0
N6M,18,15,3,0,4,0,4,2,0,1
M8X,18,15,3,0,8,3,2,0,0,2
L7J,18,12,6,0,4,4,1,1,2,1
P0A,18,16,2,0,7,2,5,2,0,0
K1M,17,11,6,0,6,4,0,2,2,1
P3P,17,12,3,2,7,4,0,1,0,0
K2M,17,12,2,3,6,3,0,0,0,1
L3P,16,11,5,0,6,2,0,0,0,2
L5W,16,7,9,0,2,1,2,0,2,4
N7A,16,11,5,0,5,3,3,3,1,0
N9H,16,13,3,0,4,2,3,0,0,0
N9J,16,14,2,0,8,1,1,0,1,1
K8H,15,12,3,0,10,0,1,2,1,0
P9N,15,15,0,0,5,8,0,0,0,0
L9K,15,13,2,0,6,1,2,1,0,1
L9G,15,10,5,0,5,2,3,2,1,0
P8N,14,10,4,0,7,1,0,3,0,0
N6L,14,12,2,0,6,1,1,0,1,1
N8L,14,13,0,1,4,5,0,0,0,0
P0R,14,14,0,0,10,2,0,0,0,0
L0C,13,9,4,0,6,0,1,1,0,0
K4M,13,12,1,0,6,3,2,0,1,0
P0S,13,11,2,0,5,3,2,0,0,0
L1B,13,8,5,0,5,2,0,1,0,1
L3W,13,11,2,0,10,0,1,2,0,0
N8P,12,7,5,0,4,2,0,2,1,1
P0V,12,9,3,0,3,2,1,1,1,0
K4P,12,9,3,0,3,3,2,3,0,0
P0P,12,8,4,0,7,1,0,2,0,0
K7G,11,11,0,0,7,1,2,0,0,0
P0X,11,3,8,0,2,1,0,8,0,0
N4L,11,9,2,0,5,2,0,2,0,0
L0B,11,8,3,0,5,2,1,1,0,0
L0A,10,8,2,0,6,1,0,1,0,0
P7G,10,6,4,0,1,3,2,1,1,0
P3Y,10,7,3,0,3,2,2,3,0,0
L9X,10,9,1,0,5,0,0,0,0,0
P5E,10,8,2,0,6,1,1,0,0,0
L7K,9,7,2,0,2,2,3,1,0,1
M5C,9,4,2,3,3,1,0,2,0,0
N3B,8,8,0,0,4,0,2,0,0,0
N4B,8,8,0,0,4,2,1,0,0,0
P4R,8,8,0,0,3,2,0,0,0,0
K6K,8,8,0,0,1,3,4,0,0,0
N3E,7,4,3,0,3,1,0,0,1,0
P4P,7,4,1,2,0,1,3,1,0,0
K9L,7,3,4,0,3,0,0,2,0,0
P3N,6,3,3,0,1,0,0,0,0,1
K1X,6,5,1,0,4,0,0,1,0,0
K8R,6,4,2,0,3,0,0,1,1,0
P0W,6,5,1,0,3,2,0,1,0,0
L1Y,6,6,0,0,2,1,3,0,0,0
P3G,6,5,1,0,0,3,0,1,0,0
P8T,6,4,2,0,3,0,0,1,0,0
L3L,5,4,1,0,2,2,0,1,0,0
K2W,5,5,0,0,0,4,1,0,0,0
L0N,5,4,1,0,4,0,0,1,0,0
K1P,5,4,1,0,2,0,0,1,0,0
P0B,5,4,1,0,2,1,0,0,0,0
P0E,5,5,0,0,3,2,0,0,0,0
L9P,5,5,0,0,5,0,0,0,0,0
L0P,4,3,1,0,1,1,0,0,0,0
K4B,4,2,2,0,1,1,0,1,0,0
N5G,4,4,0,0,0,0,4,0,0,0
P0G,4,4,0,0,4,0,0,0,0,0
K4C,3,2,1,0,0,2,0,0,0,0
N4Z,3,3,0,0,0,2,0,0,0,0
L0J,3,3,0,0,1,1,0,0,0,0
N4V,3,3,0,0,1,0,1,0,0,0
N5L,3,3,0,0,1,1,1,0,0,0
N1P,3,2,1,0,2,0,0,1,0,0
N3V,3,3,0,0,3,0,0,0,0,0
N7W,3,2,1,0,2,0,0,0,0,0
N9K,3,3,0,0,3,0,0,0,0,0
K4R,2,2,0,0,1,0,0,0,0,0
L5T,2,2,0,0,0,0,2,0,0,0
L3E,1,1,0,0,0,1,0,0,0,0
N9X,1,0,1,0,0,0,0,0,0,0
L0H,1,1,0,0,0,0,0,0,0,0
K3V,1,1,0,0,0,1,0,0,0,0
B3K,1,1,0,0,1,0,0,0,0,0
P0C,1,1,0,0,0,0,0,0,0,0
E7B,1,0,1,0,0,0,0,0,0,0
L2W,1,0,0,1,0,0,0,0,0,0
M0B,1,1,0,0,1,0,0,0,0,0
P6P,1,0,1,0,0,0,0,0,0,0
P7J,1,1,0,0,1,0,0,0,0,0
P0Y,1,0,1,0,0,0,0,1,0,0
K6N,1,0,1,0,0,0,0,0,1,0
C1A,1,0,1,0,0,0,0,0,1,0
P7K,1,0,1,0,0,0,0,0,0,1
L4F,1,0,1,0,0,0,0,1,0,0
N0W,1,1,0,0,0,0,0,0,0,0
P6G,1,1,0,0,1,0,0,0,0,0
N2W,1,1,0,0,1,0,0,0,0,0
N9S,1,1,0,0,1,0,0,0,0,0
K2R,1,1,0,0,0,0,1,0,0,0
N4J,1,0,1,0,0,0,0,0,0,1
L2C,1,0,1,0,0,0,0,0,0,0
