REF_DATE,GEO,DGUID,Coordinate,"Population and dwelling counts (3):Population, 2021[1]",Symbol,"Population and dwelling counts (3):Total private dwellings, 2021[2]",Symbol,"Population and dwelling counts (3):Private dwellings occupied by usual residents, 2021[3]",Symbol
2021,Canada,2021A000011124,1,36991981,,16284235,,14978941,
2021,A0A,2021A0011A0A,2,44930,,26102,,19752,
2021,A0B,2021A0011A0B,3,19287,,13265,,9100,
2021,A0C,2021A0011A0C,4,11972,,8069,,5610,
2021,A0E,2021A0011A0E,5,21209,,12623,,9741,
2021,A0G,2021A0011A0G,6,33316,,21177,,14992,
2021,A0H,2021A0011A0H,7,16743,,10841,,7605,
2021,A0J,2021A0011A0J,8,7497,,4696,,3430,
2021,A0K,2021A0011A0K,9,24659,,14914,,11017,
2021,A0L,2021A0011A0L,10,7503,,3871,,3262,
2021,A0M,2021A0011A0M,11,5468,,2958,,2540,
2021,A0N,2021A0011A0N,12,12387,,7581,,5977,
2021,A0P,2021A0011A0P,13,13058,,5176,,4661,
2021,A0R,2021A0011A0R,14,2661,,1401,,1056,
2021,A1A,2021A0011A1A,15,30086,,13520,,12671,
2021,A1B,2021A0011A1B,16,20906,,10326,,9079,
2021,A1C,2021A0011A1C,17,12713,,7562,,6641,
2021,A1E,2021A0011A1E,18,26858,,14123,,12833,
2021,A1G,2021A0011A1G,19,5808,,2741,,2544,
2021,A1H,2021A0011A1H,20,6469,,2530,,2439,
2021,A1K,2021A0011A1K,21,12348,,4968,,4670,
2021,A1L,2021A0011A1L,22,22959,,9332,,8814,
2021,A1M,2021A0011A1M,23,8405,,3354,,3167,
2021,A1N,2021A0011A1N,24,22478,,10686,,9932,
2021,A1S,2021A0011A1S,25,6103,,2557,,2433,
2021,A1V,2021A0011A1V,26,11890,,5429,,5073,
2021,A1W,2021A0011A1W,27,11179,,4668,,4431,
2021,A1X,2021A0011A1X,28,15945,,6676,,6260,
2021,A1Y,2021A0011A1Y,29,5436,,2745,,2429,
2021,A2A,2021A0011A2A,30,9277,,4406,,4091,
2021,A2B,2021A0011A2B,31,4739,,2293,,2099,
2021,A2H,2021A0011A2H,32,25290,,12658,,11325,
2021,A2N,2021A0011A2N,33,8613,,4349,,4052,
2021,A2V,2021A0011A2V,34,7447,,3387,,3089,
2021,A5A,2021A0011A5A,35,8436,,4161,,3575,
2021,A8A,2021A0011A8A,36,6475,,4039,,2863,
2021,B0C,2021A0011B0C,37,2748,,1808,,1235,
2021,B0E,2021A0011B0E,38,25919,,14977,,11613,
2021,B0H,2021A0011B0H,39,9796,,5595,,4410,
2021,B0J,2021A0011B0J,40,41032,,23424,,18777,
2021,B0K,2021A0011B0K,41,35141,,20031,,15903,
2021,B0L,2021A0011B0L,42,2335,,1435,,1082,
2021,B0M,2021A0011B0M,43,17448,,10120,,7844,
2021,B0N,2021A0011B0N,44,40484,,19211,,17411,
2021,B0P,2021A0011B0P,45,41544,,19438,,17644,
2021,B0R,2021A0011B0R,46,6090,,3802,,2819,
2021,B0S,2021A0011B0S,47,17873,,10114,,8445,
2021,B0T,2021A0011B0T,48,14729,,9297,,6954,
2021,B0V,2021A0011B0V,49,5658,,3152,,2752,
2021,B0W,2021A0011B0W,50,25890,,13895,,11887,
2021,B1A,2021A0011B1A,51,14988,,7320,,6764,
2021,B1B,2021A0011B1B,52,1237,,673,,574,
2021,B1C,2021A0011B1C,53,1698,,914,,784,
2021,B1E,2021A0011B1E,54,1533,,754,,688,
2021,B1G,2021A0011B1G,55,1796,,925,,848,
2021,B1H,2021A0011B1H,56,9146,,4580,,4271,
2021,B1J,2021A0011B1J,57,1148,,893,,573,
2021,B1K,2021A0011B1K,58,3336,,2100,,1504,
2021,B1L,2021A0011B1L,59,4952,,2140,,2053,
2021,B1M,2021A0011B1M,60,1271,,537,,515,
2021,B1N,2021A0011B1N,61,5605,,2670,,2487,
2021,B1P,2021A0011B1P,62,14704,,7580,,6982,
2021,B1R,2021A0011B1R,63,4478,,1967,,1892,
2021,B1S,2021A0011B1S,64,8826,,3977,,3786,
2021,B1T,2021A0011B1T,65,400,,332,,199,
2021,B1V,2021A0011B1V,66,6088,,2928,,2733,
2021,B1W,2021A0011B1W,67,3521,,1138,,1081,
2021,B1X,2021A0011B1X,68,921,,607,,413,
2021,B1Y,2021A0011B1Y,69,5941,,2906,,2633,
2021,B2A,2021A0011B2A,70,7711,,3725,,3461,
2021,B2C,2021A0011B2C,71,262,,174,,132,
2021,B2E,2021A0011B2E,72,54,,129,,31,
2021,B2G,2021A0011B2G,73,15318,,7934,,6713,
2021,B2H,2021A0011B2H,74,15332,,7692,,7050,
2021,B2J,2021A0011B2J,75,67,,83,,34,
2021,B2N,2021A0011B2N,76,20816,,10374,,9898,
2021,B2R,2021A0011B2R,77,2553,,1058,,1029,
2021,B2S,2021A0011B2S,78,8011,,3261,,3159,
2021,B2T,2021A0011B2T,79,17780,,6811,,6610,
2021,B2V,2021A0011B2V,80,12252,,4734,,4669,
2021,B2W,2021A0011B2W,81,33145,,14027,,13762,
2021,B2X,2021A0011B2X,82,12038,,5070,,4925,
2021,B2Y,2021A0011B2Y,83,15420,,8312,,7916,
2021,B2Z,2021A0011B2Z,84,8335,,3378,,3256,
2021,B3A,2021A0011B3A,85,21857,,11978,,11493,
2021,B3B,2021A0011B3B,86,1688,,575,,568,
2021,B3E,2021A0011B3E,87,7085,,2981,,2883,
2021,B3G,2021A0011B3G,88,11275,,4519,,4430,
2021,B3H,2021A0011B3H,89,20788,,11609,,10154,
2021,B3J,2021A0011B3J,90,9086,,6130,,5256,
2021,B3K,2021A0011B3K,91,23207,,12798,,12000,
2021,B3L,2021A0011B3L,92,18409,,8823,,8411,
2021,B3M,2021A0011B3M,93,37555,,17491,,16978,
2021,B3N,2021A0011B3N,94,14943,,7389,,7028,
2021,B3P,2021A0011B3P,95,11389,,4881,,4706,
2021,B3R,2021A0011B3R,96,9500,,4323,,4153,
2021,B3S,2021A0011B3S,97,13818,,6431,,6285,
2021,B3T,2021A0011B3T,98,17777,,7098,,6841,
2021,B3V,2021A0011B3V,99,6136,,2615,,2509,
2021,B3Z,2021A0011B3Z,100,17841,,7150,,6715,
2021,B4A,2021A0011B4A,101,18541,,7719,,7463,
2021,B4B,2021A0011B4B,102,19570,,7566,,7075,
2021,B4C,2021A0011B4C,103,18425,,7743,,7583,
2021,B4E,2021A0011B4E,104,19718,,7752,,7609,
2021,B4G,2021A0011B4G,105,5430,,1941,,1906,
2021,B4H,2021A0011B4H,106,13723,,7582,,6383,
2021,B4N,2021A0011B4N,107,18024,,8462,,8122,
2021,B4P,2021A0011B4P,108,8780,,4636,,4040,
2021,B4R,2021A0011B4R,109,2858,,1198,,1175,
2021,B4V,2021A0011B4V,110,20376,,10281,,9310,
2021,B5A,2021A0011B5A,111,16753,,8573,,7624,
2021,B6L,2021A0011B6L,112,12989,,5596,,5354,
2021,B9A,2021A0011B9A,113,4472,,2165,,1973,
2021,C0A,2021A0011C0A,114,48140,,24365,,19417,
2021,C0B,2021A0011C0B,115,29902,,15557,,12414,
2021,C1A,2021A0011C1A,116,25861,,13091,,12069,
2021,C1B,2021A0011C1B,117,14817,,6275,,5794,
2021,C1C,2021A0011C1C,118,5239,,2308,,2216,
2021,C1E,2021A0011C1E,119,12681,,5122,,4846,
2021,C1N,2021A0011C1N,120,17691,,8216,,7814,
2021,E1A,2021A0011E1A,121,48336,,21632,,20536,
2021,E1B,2021A0011E1B,122,20584,,8797,,8651,
2021,E1C,2021A0011E1C,123,25834,,13511,,12464,
2021,E1E,2021A0011E1E,124,11936,,5578,,5340,
2021,E1G,2021A0011E1G,125,24784,,9625,,9362,
2021,E1H,2021A0011E1H,126,7883,,3463,,3376,
2021,E1J,2021A0011E1J,127,3736,,1493,,1451,
2021,E1N,2021A0011E1N,128,11333,,5519,,5078,
2021,E1V,2021A0011E1V,129,13811,,6533,,6096,
2021,E1W,2021A0011E1W,130,6940,,3616,,3283,
2021,E1X,2021A0011E1X,131,14082,,6648,,6260,
2021,E2A,2021A0011E2A,132,17408,,9041,,8162,
2021,E2E,2021A0011E2E,133,19840,,7799,,7605,
2021,E2G,2021A0011E2G,134,5528,,2121,,2081,
2021,E2H,2021A0011E2H,135,4748,,1971,,1914,
2021,E2J,2021A0011E2J,136,16058,,7698,,7417,
2021,E2K,2021A0011E2K,137,18798,,8968,,8302,
2021,E2L,2021A0011E2L,138,8221,,5228,,4598,
2021,E2M,2021A0011E2M,139,18836,,8653,,8256,
2021,E2N,2021A0011E2N,140,4310,,1772,,1721,
2021,E2P,2021A0011E2P,141,1337,,570,,556,
2021,E2R,2021A0011E2R,142,10,,5,,5,
2021,E2S,2021A0011E2S,143,6970,,2831,,2727,
2021,E2V,2021A0011E2V,144,14545,,6091,,5782,
2021,E3A,2021A0011E3A,145,29462,,13097,,12701,
2021,E3B,2021A0011E3B,146,39788,,18861,,17818,
2021,E3C,2021A0011E3C,147,12321,,5018,,4907,
2021,E3E,2021A0011E3E,148,4719,,1808,,1770,
2021,E3G,2021A0011E3G,149,9122,,3632,,3565,
2021,E3L,2021A0011E3L,150,8439,,4141,,3757,
2021,E3N,2021A0011E3N,151,13467,,6640,,6186,
2021,E3V,2021A0011E3V,152,12142,,6094,,5733,
2021,E3Y,2021A0011E3Y,153,7113,,3233,,3102,
2021,E3Z,2021A0011E3Z,154,3965,,1985,,1861,
2021,E4A,2021A0011E4A,155,3001,,1752,,1472,
2021,E4B,2021A0011E4B,156,4263,,2549,,2000,
2021,E4C,2021A0011E4C,157,2451,,1840,,1118,
2021,E4E,2021A0011E4E,158,9163,,4430,,4085,
2021,E4G,2021A0011E4G,159,2714,,1178,,1108,
2021,E4H,2021A0011E4H,160,4208,,2087,,1855,
2021,E4J,2021A0011E4J,161,5001,,2141,,2061,
2021,E4K,2021A0011E4K,162,6398,,2602,,2500,
2021,E4L,2021A0011E4L,163,7746,,3785,,3362,
2021,E4M,2021A0011E4M,164,1937,,1466,,901,
2021,E4N,2021A0011E4N,165,3895,,1888,,1637,
2021,E4P,2021A0011E4P,166,15900,,8020,,6928,
2021,E4R,2021A0011E4R,167,6883,,4013,,3085,
2021,E4S,2021A0011E4S,168,7276,,3645,,3207,
2021,E4T,2021A0011E4T,169,2192,,1138,,990,
2021,E4V,2021A0011E4V,170,4518,,2031,,1869,
2021,E4W,2021A0011E4W,171,8603,,4195,,3738,
2021,E4X,2021A0011E4X,172,3090,,1435,,1339,
2021,E4Y,2021A0011E4Y,173,3059,,1526,,1395,
2021,E4Z,2021A0011E4Z,174,5871,,2803,,2460,
2021,E5A,2021A0011E5A,175,1622,,826,,719,
2021,E5B,2021A0011E5B,176,3331,,1808,,1502,
2021,E5C,2021A0011E5C,177,4356,,2146,,1876,
2021,E5E,2021A0011E5E,178,949,,612,,423,
2021,E5G,2021A0011E5G,179,2734,,1514,,1247,
2021,E5H,2021A0011E5H,180,2912,,1326,,1227,
2021,E5J,2021A0011E5J,181,2112,,1122,,945,
2021,E5K,2021A0011E5K,182,7261,,3047,,2907,
2021,E5L,2021A0011E5L,183,2902,,1337,,1232,
2021,E5M,2021A0011E5M,184,2170,,1079,,943,
2021,E5N,2021A0011E5N,185,12263,,5222,,4892,
2021,E5P,2021A0011E5P,186,2682,,1113,,1033,
2021,E5R,2021A0011E5R,187,1517,,785,,688,
2021,E5S,2021A0011E5S,188,1887,,1002,,837,
2021,E5T,2021A0011E5T,189,3149,,1739,,1307,
2021,E5V,2021A0011E5V,190,718,,475,,344,
2021,E6A,2021A0011E6A,191,1237,,608,,512,
2021,E6B,2021A0011E6B,192,1574,,740,,662,
2021,E6C,2021A0011E6C,193,2104,,952,,885,
2021,E6E,2021A0011E6E,194,1492,,770,,666,
2021,E6G,2021A0011E6G,195,2655,,1348,,1182,
2021,E6H,2021A0011E6H,196,1216,,906,,570,
2021,E6J,2021A0011E6J,197,1234,,645,,566,
2021,E6K,2021A0011E6K,198,4086,,2241,,1793,
2021,E6L,2021A0011E6L,199,4823,,2104,,1980,
2021,E7A,2021A0011E7A,200,3705,,1949,,1724,
2021,E7B,2021A0011E7B,201,5641,,2609,,2487,
2021,E7C,2021A0011E7C,202,5061,,2406,,2316,
2021,E7E,2021A0011E7E,203,4097,,1949,,1828,
2021,E7G,2021A0011E7G,204,3621,,1970,,1662,
2021,E7H,2021A0011E7H,205,5601,,2727,,2457,
2021,E7J,2021A0011E7J,206,1904,,904,,836,
2021,E7K,2021A0011E7K,207,2406,,1074,,1027,
2021,E7L,2021A0011E7L,208,5099,,2389,,2174,
2021,E7M,2021A0011E7M,209,10438,,4672,,4452,
2021,E7N,2021A0011E7N,210,3157,,1419,,1247,
2021,E7P,2021A0011E7P,211,3471,,1537,,1438,
2021,E8A,2021A0011E8A,212,3644,,1702,,1608,
2021,E8B,2021A0011E8B,213,2305,,1107,,1056,
2021,E8C,2021A0011E8C,214,3699,,1884,,1721,
2021,E8E,2021A0011E8E,215,5117,,2486,,2305,
2021,E8G,2021A0011E8G,216,2468,,1469,,1289,
2021,E8J,2021A0011E8J,217,5624,,2663,,2494,
2021,E8K,2021A0011E8K,218,8712,,4193,,3917,
2021,E8L,2021A0011E8L,219,2256,,1070,,1019,
2021,E8M,2021A0011E8M,220,2021,,980,,925,
2021,E8N,2021A0011E8N,221,2396,,1454,,1213,
2021,E8P,2021A0011E8P,222,3408,,1680,,1520,
2021,E8R,2021A0011E8R,223,3125,,1586,,1445,
2021,E8S,2021A0011E8S,224,4610,,2299,,2069,
2021,E8T,2021A0011E8T,225,5713,,3016,,2669,
2021,E9A,2021A0011E9A,226,2229,,1149,,1025,
2021,E9B,2021A0011E9B,227,2274,,1167,,990,
2021,E9C,2021A0011E9C,228,2149,,1213,,1023,
2021,E9E,2021A0011E9E,229,3870,,1932,,1715,
2021,E9G,2021A0011E9G,230,5297,,2421,,2239,
2021,E9H,2021A0011E9H,231,2931,,1407,,1290,
2021,G0A,2021A0011G0A,232,83411,,42396,,36334,
2021,G0C,2021A0011G0C,233,45955,,23601,,21675,
2021,G0E,2021A0011G0E,234,4630,,2907,,2323,
2021,G0G,2021A0011G0G,235,16315,,8853,,6959,
2021,G0H,2021A0011G0H,236,10538,,5445,,4761,
2021,G0J,2021A0011G0J,237,29007,,16469,,13804,
2021,G0K,2021A0011G0K,238,11722,,6581,,5396,
2021,G0L,2021A0011G0L,239,60937,,32170,,27385,
2021,G0M,2021A0011G0M,240,34401,,16844,,14953,
2021,G0N,2021A0011G0N,241,19994,,10918,,9097,
2021,G0P,2021A0011G0P,242,6786,,3418,,2928,
2021,G0R,2021A0011G0R,243,84338,,43153,,37733,
2021,G0S,2021A0011G0S,244,72494,,32475,,30343,
2021,G0T,2021A0011G0T,245,13560,,7759,,6495,
2021,G0V,2021A0011G0V,246,18374,,10207,,8068,
2021,G0W,2021A0011G0W,247,36541,,18298,,15134,
2021,G0X,2021A0011G0X,248,60486,,33235,,27708,
2021,G0Y,2021A0011G0Y,249,9320,,5875,,4362,
2021,G0Z,2021A0011G0Z,250,8974,,4289,,3920,
2021,G1B,2021A0011G1B,251,16698,,6762,,6626,
2021,G1C,2021A0011G1C,252,36215,,16886,,16394,
2021,G1E,2021A0011G1E,253,27753,,14733,,14031,
2021,G1G,2021A0011G1G,254,24975,,11493,,11206,
2021,G1H,2021A0011G1H,255,29618,,15572,,14939,
2021,G1J,2021A0011G1J,256,23325,,14182,,13227,
2021,G1K,2021A0011G1K,257,18911,,12884,,11435,
2021,G1L,2021A0011G1L,258,22024,,13773,,12769,
2021,G1M,2021A0011G1M,259,20770,,10538,,10025,
2021,G1N,2021A0011G1N,260,8400,,5363,,4996,
2021,G1P,2021A0011G1P,261,16538,,8450,,8071,
2021,G1R,2021A0011G1R,262,16423,,12386,,10464,
2021,G1S,2021A0011G1S,263,25912,,14792,,13656,
2021,G1T,2021A0011G1T,264,6797,,2937,,2792,
2021,G1V,2021A0011G1V,265,23629,,15426,,12271,
2021,G1W,2021A0011G1W,266,22499,,11121,,10476,
2021,G1X,2021A0011G1X,267,26746,,13699,,12979,
2021,G1Y,2021A0011G1Y,268,12738,,5703,,5484,
2021,G2A,2021A0011G2A,269,15350,,6729,,6528,
2021,G2B,2021A0011G2B,270,24936,,11616,,11263,
2021,G2C,2021A0011G2C,271,12283,,6191,,5912,
2021,G2E,2021A0011G2E,272,21054,,9337,,9111,
2021,G2G,2021A0011G2G,273,10790,,4911,,4773,
2021,G2J,2021A0011G2J,274,3223,,1885,,1772,
2021,G2K,2021A0011G2K,275,12845,,6994,,6430,
2021,G2L,2021A0011G2L,276,14609,,6939,,6669,
2021,G2M,2021A0011G2M,277,5625,,2306,,2256,
2021,G2N,2021A0011G2N,278,8486,,3600,,3495,
2021,G3A,2021A0011G3A,279,20233,,8604,,8286,
2021,G3B,2021A0011G3B,280,8315,,3268,,3133,
2021,G3C,2021A0011G3C,281,10434,,4723,,4161,
2021,G3E,2021A0011G3E,282,16115,,6379,,6270,
2021,G3G,2021A0011G3G,283,10026,,4179,,4070,
2021,G3H,2021A0011G3H,284,10142,,4352,,4186,
2021,G3J,2021A0011G3J,285,10635,,4697,,4530,
2021,G3K,2021A0011G3K,286,20396,,8121,,7961,
2021,G3L,2021A0011G3L,287,11103,,5743,,4970,
2021,G3M,2021A0011G3M,288,7436,,3410,,3300,
2021,G3N,2021A0011G3N,289,11114,,5037,,4473,
2021,G3S,2021A0011G3S,290,6647,,2511,,2397,
2021,G3Z,2021A0011G3Z,291,7371,,3782,,3427,
2021,G4A,2021A0011G4A,292,3063,,1489,,1428,
2021,G4R,2021A0011G4R,293,20327,,10109,,8958,
2021,G4S,2021A0011G4S,294,4931,,2266,,2159,
2021,G4T,2021A0011G4T,295,12654,,6665,,5830,
2021,G4V,2021A0011G4V,296,6288,,3463,,3121,
2021,G4W,2021A0011G4W,297,13988,,7483,,6997,
2021,G4X,2021A0011G4X,298,15063,,7352,,6780,
2021,G4Z,2021A0011G4Z,299,9389,,4782,,4379,
2021,G5A,2021A0011G5A,300,8283,,4582,,3843,
2021,G5B,2021A0011G5B,301,5976,,2919,,2642,
2021,G5C,2021A0011G5C,302,11390,,5547,,5231,
2021,G5H,2021A0011G5H,303,6974,,3433,,3257,
2021,G5J,2021A0011G5J,304,6010,,3035,,2855,
2021,G5L,2021A0011G5L,305,28733,,15887,,14824,
2021,G5M,2021A0011G5M,306,8829,,3884,,3802,
2021,G5N,2021A0011G5N,307,8375,,3657,,3525,
2021,G5R,2021A0011G5R,308,20118,,10045,,9482,
2021,G5T,2021A0011G5T,309,2884,,1518,,1385,
2021,G5V,2021A0011G5V,310,10999,,5801,,5464,
2021,G5X,2021A0011G5X,311,6181,,2874,,2722,
2021,G5Y,2021A0011G5Y,312,23088,,11764,,11252,
2021,G5Z,2021A0011G5Z,313,7603,,3408,,3281,
2021,G6A,2021A0011G6A,314,2546,,1000,,993,
2021,G6B,2021A0011G6B,315,8404,,4432,,4052,
2021,G6C,2021A0011G6C,316,7959,,3512,,3382,
2021,G6E,2021A0011G6E,317,13110,,5618,,5489,
2021,G6G,2021A0011G6G,318,20356,,10330,,9609,
2021,G6H,2021A0011G6H,319,7097,,3413,,3208,
2021,G6J,2021A0011G6J,320,10627,,4358,,4256,
2021,G6K,2021A0011G6K,321,8237,,3236,,3191,
2021,G6L,2021A0011G6L,322,15293,,7452,,7003,
2021,G6P,2021A0011G6P,323,29578,,15475,,14480,
2021,G6R,2021A0011G6R,324,4702,,1834,,1797,
2021,G6S,2021A0011G6S,325,5384,,2370,,2205,
2021,G6T,2021A0011G6T,326,11201,,4647,,4558,
2021,G6V,2021A0011G6V,327,32034,,16976,,15915,
2021,G6W,2021A0011G6W,328,25242,,12252,,11837,
2021,G6X,2021A0011G6X,329,9307,,4796,,4625,
2021,G6Y,2021A0011G6Y,330,7232,,3071,,2995,
2021,G6Z,2021A0011G6Z,331,23582,,9564,,9392,
2021,G7A,2021A0011G7A,332,25429,,10423,,10142,
2021,G7B,2021A0011G7B,333,17614,,8450,,8075,
2021,G7G,2021A0011G7G,334,16414,,7383,,7168,
2021,G7H,2021A0011G7H,335,28684,,15376,,14395,
2021,G7J,2021A0011G7J,336,14443,,7388,,7078,
2021,G7K,2021A0011G7K,337,762,,381,,374,
2021,G7N,2021A0011G7N,338,6389,,2739,,2629,
2021,G7P,2021A0011G7P,339,7418,,3278,,3097,
2021,G7S,2021A0011G7S,340,19807,,8818,,8550,
2021,G7T,2021A0011G7T,341,1640,,720,,706,
2021,G7X,2021A0011G7X,342,25550,,13829,,12829,
2021,G7Y,2021A0011G7Y,343,628,,300,,289,
2021,G7Z,2021A0011G7Z,344,2638,,1094,,1078,
2021,G8A,2021A0011G8A,345,6033,,2845,,2710,
2021,G8B,2021A0011G8B,346,22060,,10927,,10359,
2021,G8C,2021A0011G8C,347,4412,,1888,,1867,
2021,G8E,2021A0011G8E,348,3837,,1665,,1577,
2021,G8G,2021A0011G8G,349,4121,,2075,,1806,
2021,G8H,2021A0011G8H,350,10040,,4946,,4612,
2021,G8J,2021A0011G8J,351,4259,,2529,,1884,
2021,G8K,2021A0011G8K,352,10089,,5169,,4686,
2021,G8L,2021A0011G8L,353,14282,,7227,,6518,
2021,G8M,2021A0011G8M,354,5173,,2369,,2250,
2021,G8N,2021A0011G8N,355,2511,,1263,,1082,
2021,G8P,2021A0011G8P,356,7310,,3590,,3222,
2021,G8T,2021A0011G8T,357,27831,,14646,,14025,
2021,G8V,2021A0011G8V,358,9956,,4242,,4163,
2021,G8W,2021A0011G8W,359,11010,,4962,,4785,
2021,G8Y,2021A0011G8Y,360,33298,,16364,,15794,
2021,G8Z,2021A0011G8Z,361,13972,,7785,,6983,
2021,G9A,2021A0011G9A,362,20399,,12524,,11508,
2021,G9B,2021A0011G9B,363,18680,,8252,,7961,
2021,G9C,2021A0011G9C,364,4017,,1636,,1603,
2021,G9H,2021A0011G9H,365,13559,,6345,,6033,
2021,G9N,2021A0011G9N,366,16125,,9676,,8702,
2021,G9P,2021A0011G9P,367,11567,,5881,,5627,
2021,G9R,2021A0011G9R,368,2324,,1058,,991,
2021,G9T,2021A0011G9T,369,15940,,8679,,8003,
2021,G9X,2021A0011G9X,370,10610,,6133,,5258,
2021,H1A,2021A0011H1A,371,33158,,14941,,14532,
2021,H1B,2021A0011H1B,372,20651,,9718,,9442,
2021,H1C,2021A0011H1C,373,15085,,4930,,4856,
2021,H1E,2021A0011H1E,374,42568,,17190,,16674,
2021,H1G,2021A0011H1G,375,50989,,21276,,20282,
2021,H1H,2021A0011H1H,376,37847,,17094,,16134,
2021,H1J,2021A0011H1J,377,10587,,4928,,4797,
2021,H1K,2021A0011H1K,378,37304,,15402,,14843,
2021,H1L,2021A0011H1L,379,34612,,17646,,16735,
2021,H1M,2021A0011H1M,380,29352,,14536,,13806,
2021,H1N,2021A0011H1N,381,24444,,12731,,12046,
2021,H1P,2021A0011H1P,382,18118,,7662,,7370,
2021,H1R,2021A0011H1R,383,31259,,12416,,11848,
2021,H1S,2021A0011H1S,384,26715,,11089,,10622,
2021,H1T,2021A0011H1T,385,31318,,16461,,15569,
2021,H1V,2021A0011H1V,386,21908,,12588,,11829,
2021,H1W,2021A0011H1W,387,30004,,17687,,16602,
2021,H1X,2021A0011H1X,388,30178,,16827,,15800,
2021,H1Y,2021A0011H1Y,389,29286,,16145,,15217,
2021,H1Z,2021A0011H1Z,390,36487,,14837,,14071,
2021,H2A,2021A0011H2A,391,19454,,9248,,8753,
2021,H2B,2021A0011H2B,392,18049,,9341,,8728,
2021,H2C,2021A0011H2C,393,17976,,9001,,8502,
2021,H2E,2021A0011H2E,394,23507,,12660,,11754,
2021,H2G,2021A0011H2G,395,22115,,12862,,12002,
2021,H2H,2021A0011H2H,396,14728,,8542,,7953,
2021,H2J,2021A0011H2J,397,27028,,16179,,14975,
2021,H2K,2021A0011H2K,398,29084,,18011,,16590,
2021,H2L,2021A0011H2L,399,27057,,17542,,15492,
2021,H2M,2021A0011H2M,400,18468,,9440,,8941,
2021,H2N,2021A0011H2N,401,6442,,2936,,2744,
2021,H2P,2021A0011H2P,402,14388,,8017,,7468,
2021,H2R,2021A0011H2R,403,22987,,13379,,12460,
2021,H2S,2021A0011H2S,404,27217,,16198,,15060,
2021,H2T,2021A0011H2T,405,16297,,9219,,8458,
2021,H2V,2021A0011H2V,406,31998,,13860,,12682,
2021,H2W,2021A0011H2W,407,11508,,6881,,6108,
2021,H2X,2021A0011H2X,408,21548,,15925,,12845,
2021,H2Y,2021A0011H2Y,409,3727,,2988,,2262,
2021,H2Z,2021A0011H2Z,410,3757,,3036,,2349,
2021,H3A,2021A0011H3A,411,4360,,3722,,2680,
2021,H3B,2021A0011H3B,412,1900,,1566,,1136,
2021,H3C,2021A0011H3C,413,18583,,13197,,11178,
2021,H3E,2021A0011H3E,414,21565,,10843,,10288,
2021,H3G,2021A0011H3G,415,11424,,9041,,6878,
2021,H3H,2021A0011H3H,416,20690,,15061,,12347,
2021,H3J,2021A0011H3J,417,11915,,6169,,5627,
2021,H3K,2021A0011H3K,418,15275,,8472,,7835,
2021,H3L,2021A0011H3L,419,20996,,10593,,9857,
2021,H3M,2021A0011H3M,420,15840,,6801,,6447,
2021,H3N,2021A0011H3N,421,29080,,13287,,12308,
2021,H3P,2021A0011H3P,422,10172,,3862,,3700,
2021,H3R,2021A0011H3R,423,10108,,3847,,3591,
2021,H3S,2021A0011H3S,424,33618,,16188,,14794,
2021,H3T,2021A0011H3T,425,13009,,7418,,6510,
2021,H3V,2021A0011H3V,426,6732,,4518,,4007,
2021,H3W,2021A0011H3W,427,30766,,13718,,12706,
2021,H3X,2021A0011H3X,428,24214,,11454,,10526,
2021,H3Y,2021A0011H3Y,429,9564,,3665,,3427,
2021,H3Z,2021A0011H3Z,430,11544,,6609,,5887,
2021,H4A,2021A0011H4A,431,26362,,13091,,12124,
2021,H4B,2021A0011H4B,432,20937,,11150,,10524,
2021,H4C,2021A0011H4C,433,17301,,10371,,9492,
2021,H4E,2021A0011H4E,434,30154,,15696,,14731,
2021,H4G,2021A0011H4G,435,29860,,16856,,15812,
2021,H4H,2021A0011H4H,436,18936,,9482,,8969,
2021,H4J,2021A0011H4J,437,18075,,7771,,7341,
2021,H4K,2021A0011H4K,438,11319,,4158,,4002,
2021,H4L,2021A0011H4L,439,36216,,15190,,14174,
2021,H4M,2021A0011H4M,440,12466,,4896,,4588,
2021,H4N,2021A0011H4N,441,30199,,12999,,12070,
2021,H4P,2021A0011H4P,442,9106,,4787,,4427,
2021,H4R,2021A0011H4R,443,31132,,12654,,12130,
2021,H4S,2021A0011H4S,444,567,,226,,216,
2021,H4T,2021A0011H4T,445,0,,2,,1,
2021,H4V,2021A0011H4V,446,20701,,9834,,9179,
2021,H4W,2021A0011H4W,447,26359,,11415,,10709,
2021,H4X,2021A0011H4X,448,6467,,2654,,2533,
2021,H7A,2021A0011H7A,449,21639,,7584,,7460,
2021,H7B,2021A0011H7B,450,2957,,1077,,1058,
2021,H7C,2021A0011H7C,451,8816,,3760,,3509,
2021,H7E,2021A0011H7E,452,26590,,10345,,10149,
2021,H7G,2021A0011H7G,453,22054,,9435,,9075,
2021,H7H,2021A0011H7H,454,13865,,5078,,5018,
2021,H7J,2021A0011H7J,455,2161,,905,,875,
2021,H7K,2021A0011H7K,456,22475,,8406,,8210,
2021,H7L,2021A0011H7L,457,37893,,13780,,13556,
2021,H7M,2021A0011H7M,458,27729,,10868,,10625,
2021,H7N,2021A0011H7N,459,44641,,21408,,20354,
2021,H7P,2021A0011H7P,460,37456,,14684,,14332,
2021,H7R,2021A0011H7R,461,31001,,11519,,11256,
2021,H7S,2021A0011H7S,462,7752,,3332,,3246,
2021,H7T,2021A0011H7T,463,28213,,12129,,11491,
2021,H7V,2021A0011H7V,464,23242,,10593,,9731,
2021,H7W,2021A0011H7W,465,42580,,17932,,16908,
2021,H7X,2021A0011H7X,466,27332,,9843,,9547,
2021,H7Y,2021A0011H7Y,467,9978,,3442,,3390,
2021,H8N,2021A0011H8N,468,33207,,14934,,14145,
2021,H8P,2021A0011H8P,469,22980,,11083,,10474,
2021,H8R,2021A0011H8R,470,31491,,14411,,13602,
2021,H8S,2021A0011H8S,471,25686,,12363,,11635,
2021,H8T,2021A0011H8T,472,15270,,7055,,6834,
2021,H8Y,2021A0011H8Y,473,19915,,7852,,7625,
2021,H8Z,2021A0011H8Z,474,15127,,5822,,5637,
2021,H9A,2021A0011H9A,475,15267,,5392,,5264,
2021,H9B,2021A0011H9B,476,21104,,7757,,7578,
2021,H9C,2021A0011H9C,477,11725,,4211,,4137,
2021,H9E,2021A0011H9E,478,3190,,1256,,1208,
2021,H9G,2021A0011H9G,479,15346,,5852,,5737,
2021,H9H,2021A0011H9H,480,25097,,9638,,9377,
2021,H9J,2021A0011H9J,481,21393,,7684,,7529,
2021,H9K,2021A0011H9K,482,8898,,3087,,3027,
2021,H9P,2021A0011H9P,483,3836,,1547,,1512,
2021,H9R,2021A0011H9R,484,26002,,10270,,9918,
2021,H9S,2021A0011H9S,485,22984,,11143,,10624,
2021,H9W,2021A0011H9W,486,19277,,6915,,6753,
2021,H9X,2021A0011H9X,487,9744,,4057,,3786,
2021,J0A,2021A0011J0A,488,19149,,9020,,8239,
2021,J0B,2021A0011J0B,489,65700,,32981,,28136,
2021,J0C,2021A0011J0C,490,23445,,10332,,9786,
2021,J0E,2021A0011J0E,491,51896,,28558,,23186,
2021,J0G,2021A0011J0G,492,18624,,9267,,8497,
2021,J0H,2021A0011J0H,493,52946,,22956,,22054,
2021,J0J,2021A0011J0J,494,42141,,19527,,17743,
2021,J0K,2021A0011J0K,495,149238,,78999,,67140,
2021,J0L,2021A0011J0L,496,83316,,34423,,33387,
2021,J0M,2021A0011J0M,497,25104,,7885,,6649,
2021,J0N,2021A0011J0N,498,52112,,20731,,20252,
2021,J0P,2021A0011J0P,499,42965,,18635,,17819,
2021,J0R,2021A0011J0R,500,39041,,21353,,18062,
2021,J0S,2021A0011J0S,501,34124,,16563,,14780,
2021,J0T,2021A0011J0T,502,51466,,42290,,26033,
2021,J0V,2021A0011J0V,503,27294,,17146,,12908,
2021,J0W,2021A0011J0W,504,16608,,11615,,8138,
2021,J0X,2021A0011J0X,505,48487,,32403,,21788,
2021,J0Y,2021A0011J0Y,506,29035,,14125,,12282,
2021,J0Z,2021A0011J0Z,507,34456,,17493,,15058,
2021,J1A,2021A0011J1A,508,9132,,4382,,4115,
2021,J1C,2021A0011J1C,509,6841,,2822,,2754,
2021,J1E,2021A0011J1E,510,25866,,13498,,12658,
2021,J1G,2021A0011J1G,511,19632,,9625,,9139,
2021,J1H,2021A0011J1H,512,29653,,17353,,15597,
2021,J1J,2021A0011J1J,513,15452,,7824,,7301,
2021,J1K,2021A0011J1K,514,7435,,4157,,3450,
2021,J1L,2021A0011J1L,515,16036,,8523,,8214,
2021,J1M,2021A0011J1M,516,5923,,3020,,2624,
2021,J1N,2021A0011J1N,517,35087,,14900,,14511,
2021,J1R,2021A0011J1R,518,10960,,4288,,4219,
2021,J1S,2021A0011J1S,519,7862,,3638,,3439,
2021,J1T,2021A0011J1T,520,7993,,4117,,3873,
2021,J1X,2021A0011J1X,521,33945,,18571,,15965,
2021,J1Z,2021A0011J1Z,522,5742,,2269,,2185,
2021,J2A,2021A0011J2A,523,12264,,5093,,4951,
2021,J2B,2021A0011J2B,524,33110,,15949,,15379,
2021,J2C,2021A0011J2C,525,29991,,15040,,14608,
2021,J2E,2021A0011J2E,526,4454,,2052,,1998,
2021,J2G,2021A0011J2G,527,28297,,14957,,14406,
2021,J2H,2021A0011J2H,528,22474,,9256,,9064,
2021,J2J,2021A0011J2J,529,18341,,8601,,8428,
2021,J2K,2021A0011J2K,530,18291,,8632,,8273,
2021,J2L,2021A0011J2L,531,11381,,6263,,5073,
2021,J2M,2021A0011J2M,532,7238,,3091,,2904,
2021,J2N,2021A0011J2N,533,10149,,4697,,4446,
2021,J2R,2021A0011J2R,534,10383,,4516,,4408,
2021,J2S,2021A0011J2S,535,29943,,15567,,14684,
2021,J2T,2021A0011J2T,536,17072,,8076,,7839,
2021,J2W,2021A0011J2W,537,28762,,11325,,11166,
2021,J2X,2021A0011J2X,538,20485,,8758,,8467,
2021,J2Y,2021A0011J2Y,539,5576,,2226,,2186,
2021,J3A,2021A0011J3A,540,9136,,5560,,5362,
2021,J3B,2021A0011J3B,541,33908,,16383,,15729,
2021,J3E,2021A0011J3E,542,30045,,11761,,11609,
2021,J3G,2021A0011J3G,543,33664,,14303,,14017,
2021,J3H,2021A0011J3H,544,26673,,10992,,10804,
2021,J3L,2021A0011J3L,545,53680,,21567,,21125,
2021,J3M,2021A0011J3M,546,11345,,4784,,4683,
2021,J3N,2021A0011J3N,547,17053,,6635,,6561,
2021,J3P,2021A0011J3P,548,25025,,12702,,12149,
2021,J3R,2021A0011J3R,549,14452,,7314,,7048,
2021,J3T,2021A0011J3T,550,8620,,3923,,3752,
2021,J3V,2021A0011J3V,551,26050,,10566,,10383,
2021,J3X,2021A0011J3X,552,21198,,8538,,8412,
2021,J3Y,2021A0011J3Y,553,66364,,27993,,27238,
2021,J3Z,2021A0011J3Z,554,5774,,1842,,1830,
2021,J4B,2021A0011J4B,555,41743,,17733,,17291,
2021,J4G,2021A0011J4G,556,10010,,4827,,4727,
2021,J4H,2021A0011J4H,557,15593,,8582,,8195,
2021,J4J,2021A0011J4J,558,31102,,15546,,14958,
2021,J4K,2021A0011J4K,559,27024,,14003,,13290,
2021,J4L,2021A0011J4L,560,31866,,14338,,13859,
2021,J4M,2021A0011J4M,561,13149,,4989,,4938,
2021,J4N,2021A0011J4N,562,11382,,5258,,5123,
2021,J4P,2021A0011J4P,563,11249,,5771,,5450,
2021,J4R,2021A0011J4R,564,10674,,5199,,4973,
2021,J4S,2021A0011J4S,565,6303,,3166,,3061,
2021,J4T,2021A0011J4T,566,19718,,9007,,8698,
2021,J4V,2021A0011J4V,567,17033,,7541,,7296,
2021,J4W,2021A0011J4W,568,18191,,7523,,7320,
2021,J4X,2021A0011J4X,569,19192,,7471,,7160,
2021,J4Y,2021A0011J4Y,570,25459,,10222,,9835,
2021,J4Z,2021A0011J4Z,571,28686,,12061,,11572,
2021,J5A,2021A0011J5A,572,29922,,11491,,11301,
2021,J5B,2021A0011J5B,573,8319,,3557,,3475,
2021,J5C,2021A0011J5C,574,17347,,7016,,6909,
2021,J5J,2021A0011J5J,575,18080,,7490,,7211,
2021,J5K,2021A0011J5K,576,17740,,6807,,6632,
2021,J5L,2021A0011J5L,577,22965,,9534,,9330,
2021,J5M,2021A0011J5M,578,24005,,9605,,9279,
2021,J5N,2021A0011J5N,579,169,,83,,74,
2021,J5R,2021A0011J5R,580,49403,,20269,,19780,
2021,J5T,2021A0011J5T,581,14425,,5973,,5838,
2021,J5V,2021A0011J5V,582,7340,,3857,,3659,
2021,J5W,2021A0011J5W,583,26780,,10875,,10662,
2021,J5X,2021A0011J5X,584,8892,,3699,,3587,
2021,J5Y,2021A0011J5Y,585,30084,,11237,,11081,
2021,J5Z,2021A0011J5Z,586,28005,,11799,,11596,
2021,J6A,2021A0011J6A,587,34313,,14891,,14646,
2021,J6E,2021A0011J6E,588,46434,,23104,,22010,
2021,J6J,2021A0011J6J,589,24855,,10391,,10083,
2021,J6K,2021A0011J6K,590,25960,,10021,,9834,
2021,J6N,2021A0011J6N,591,16014,,7479,,7276,
2021,J6R,2021A0011J6R,592,14626,,5472,,5398,
2021,J6S,2021A0011J6S,593,24765,,12005,,11480,
2021,J6T,2021A0011J6T,594,18022,,8957,,8593,
2021,J6V,2021A0011J6V,595,14621,,5613,,5479,
2021,J6W,2021A0011J6W,596,32422,,13677,,13444,
2021,J6X,2021A0011J6X,597,25257,,9732,,9590,
2021,J6Y,2021A0011J6Y,598,22926,,8145,,7976,
2021,J6Z,2021A0011J6Z,599,19627,,7795,,7639,
2021,J7A,2021A0011J7A,600,14187,,5368,,5277,
2021,J7B,2021A0011J7B,601,13068,,4496,,4434,
2021,J7C,2021A0011J7C,602,46679,,18343,,17971,
2021,J7E,2021A0011J7E,603,29356,,13886,,13298,
2021,J7G,2021A0011J7G,604,17310,,7383,,7233,
2021,J7H,2021A0011J7H,605,8185,,3706,,3583,
2021,J7J,2021A0011J7J,606,27644,,11847,,11481,
2021,J7K,2021A0011J7K,607,36960,,14977,,14770,
2021,J7L,2021A0011J7L,608,14223,,5313,,5211,
2021,J7M,2021A0011J7M,609,24708,,8884,,8753,
2021,J7N,2021A0011J7N,610,33449,,13660,,13308,
2021,J7P,2021A0011J7P,611,25226,,11068,,10849,
2021,J7R,2021A0011J7R,612,37992,,15804,,15388,
2021,J7T,2021A0011J7T,613,29584,,10677,,10522,
2021,J7V,2021A0011J7V,614,69657,,27935,,27110,
2021,J7W,2021A0011J7W,615,14751,,5786,,5640,
2021,J7X,2021A0011J7X,616,5643,,2453,,2411,
2021,J7Y,2021A0011J7Y,617,27006,,13774,,13297,
2021,J7Z,2021A0011J7Z,618,30230,,15464,,14740,
2021,J8A,2021A0011J8A,619,10669,,5597,,4683,
2021,J8B,2021A0011J8B,620,14012,,8002,,6897,
2021,J8C,2021A0011J8C,621,11667,,7246,,5754,
2021,J8E,2021A0011J8E,622,11046,,8848,,5435,
2021,J8G,2021A0011J8G,623,8209,,5104,,3821,
2021,J8H,2021A0011J8H,624,15142,,7901,,7098,
2021,J8L,2021A0011J8L,625,20056,,9214,,8552,
2021,J8M,2021A0011J8M,626,13157,,5389,,5241,
2021,J8N,2021A0011J8N,627,13833,,7543,,5609,
2021,J8P,2021A0011J8P,628,35320,,16341,,15679,
2021,J8R,2021A0011J8R,629,28947,,11315,,11050,
2021,J8T,2021A0011J8T,630,37832,,18592,,17667,
2021,J8V,2021A0011J8V,631,27274,,10576,,10223,
2021,J8X,2021A0011J8X,632,11782,,7174,,6130,
2021,J8Y,2021A0011J8Y,633,23803,,13386,,12235,
2021,J8Z,2021A0011J8Z,634,14814,,7798,,7382,
2021,J9A,2021A0011J9A,635,22508,,10439,,9944,
2021,J9B,2021A0011J9B,636,7999,,3375,,3040,
2021,J9E,2021A0011J9E,637,7664,,4140,,3708,
2021,J9H,2021A0011J9H,638,32921,,14045,,13462,
2021,J9J,2021A0011J9J,639,41342,,16388,,15717,
2021,J9L,2021A0011J9L,640,14164,,7211,,6688,
2021,J9P,2021A0011J9P,641,33008,,15977,,15113,
2021,J9T,2021A0011J9T,642,13221,,6222,,5921,
2021,J9V,2021A0011J9V,643,3409,,1734,,1579,
2021,J9X,2021A0011J9X,644,22993,,12407,,11522,
2021,J9Y,2021A0011J9Y,645,10755,,4455,,4169,
2021,J9Z,2021A0011J9Z,646,7411,,3717,,3510,
2021,K0A,2021A0011K0A,647,111626,,43737,,42226,
2021,K0B,2021A0011K0B,648,21020,,9489,,8903,
2021,K0C,2021A0011K0C,649,52838,,22714,,21675,
2021,K0E,2021A0011K0E,650,39649,,18426,,16491,
2021,K0G,2021A0011K0G,651,39862,,19411,,16330,
2021,K0H,2021A0011K0H,652,47286,,25346,,19081,
2021,K0J,2021A0011K0J,653,34322,,19885,,14903,
2021,K0K,2021A0011K0K,654,115850,,53153,,47028,
2021,K0L,2021A0011K0L,655,78142,,48786,,33068,
2021,K0M,2021A0011K0M,656,53815,,37422,,23614,
2021,K1A,2021A0011K1A,657,594,,416,,363,
2021,K1B,2021A0011K1B,658,17769,,6866,,6707,
2021,K1C,2021A0011K1C,659,37235,,14312,,14101,
2021,K1E,2021A0011K1E,660,14508,,5863,,5787,
2021,K1G,2021A0011K1G,661,35074,,15333,,14705,
2021,K1H,2021A0011K1H,662,16306,,7289,,7008,
2021,K1J,2021A0011K1J,663,28268,,11423,,11107,
2021,K1K,2021A0011K1K,664,32046,,15235,,14445,
2021,K1L,2021A0011K1L,665,18213,,10797,,9705,
2021,K1M,2021A0011K1M,666,6764,,3341,,3050,
2021,K1N,2021A0011K1N,667,26639,,17122,,14475,
2021,K1P,2021A0011K1P,668,645,,568,,441,
2021,K1R,2021A0011K1R,669,20343,,12836,,11580,
2021,K1S,2021A0011K1S,670,31257,,15662,,14390,
2021,K1T,2021A0011K1T,671,40054,,13967,,13649,
2021,K1V,2021A0011K1V,672,57157,,23359,,22092,
2021,K1W,2021A0011K1W,673,13825,,4730,,4634,
2021,K1X,2021A0011K1X,674,4594,,1575,,1536,
2021,K1Y,2021A0011K1Y,675,20712,,10737,,10123,
2021,K1Z,2021A0011K1Z,676,22714,,11642,,10791,
2021,K2A,2021A0011K2A,677,17156,,7738,,7491,
2021,K2B,2021A0011K2B,678,33254,,15737,,15034,
2021,K2C,2021A0011K2C,679,29359,,13056,,12395,
2021,K2E,2021A0011K2E,680,20172,,8461,,8129,
2021,K2G,2021A0011K2G,681,50692,,18451,,17934,
2021,K2H,2021A0011K2H,682,26759,,11530,,10950,
2021,K2J,2021A0011K2J,683,81863,,27759,,27343,
2021,K2K,2021A0011K2K,684,24922,,9716,,9451,
2021,K2L,2021A0011K2L,685,18739,,7309,,7199,
2021,K2M,2021A0011K2M,686,28708,,10069,,9954,
2021,K2P,2021A0011K2P,687,18825,,14113,,12550,
2021,K2R,2021A0011K2R,688,1237,,424,,415,
2021,K2S,2021A0011K2S,689,38903,,13924,,13709,
2021,K2T,2021A0011K2T,690,11871,,4064,,3959,
2021,K2V,2021A0011K2V,691,10486,,3637,,3508,
2021,K2W,2021A0011K2W,692,8553,,2665,,2630,
2021,K4A,2021A0011K4A,693,62125,,22000,,21481,
2021,K4B,2021A0011K4B,694,4704,,1741,,1702,
2021,K4C,2021A0011K4C,695,4538,,1636,,1599,
2021,K4K,2021A0011K4K,696,16958,,6763,,6610,
2021,K4M,2021A0011K4M,697,14380,,5393,,5221,
2021,K4P,2021A0011K4P,698,10448,,3551,,3499,
2021,K4R,2021A0011K4R,699,8740,,3220,,3179,
2021,K6A,2021A0011K6A,700,12529,,6325,,6066,
2021,K6H,2021A0011K6H,701,30440,,14112,,13512,
2021,K6J,2021A0011K6J,702,17827,,8263,,7982,
2021,K6K,2021A0011K6K,703,3452,,1414,,1396,
2021,K6T,2021A0011K6T,704,690,,264,,261,
2021,K6V,2021A0011K6V,705,28174,,13705,,13099,
2021,K7A,2021A0011K7A,706,17575,,7814,,7530,
2021,K7C,2021A0011K7C,707,20382,,8631,,8247,
2021,K7G,2021A0011K7G,708,8740,,4305,,3924,
2021,K7H,2021A0011K7H,709,16175,,8360,,7138,
2021,K7K,2021A0011K7K,710,33705,,16786,,15480,
2021,K7L,2021A0011K7L,711,19621,,12191,,9408,
2021,K7M,2021A0011K7M,712,49268,,22585,,21679,
2021,K7N,2021A0011K7N,713,8395,,3411,,3278,
2021,K7P,2021A0011K7P,714,24660,,9538,,9324,
2021,K7R,2021A0011K7R,715,15480,,6845,,6341,
2021,K7S,2021A0011K7S,716,14265,,6399,,6180,
2021,K7V,2021A0011K7V,717,13943,,6881,,6287,
2021,K8A,2021A0011K8A,718,26392,,11919,,11283,
2021,K8B,2021A0011K8B,719,490,,176,,174,
2021,K8H,2021A0011K8H,720,16188,,6342,,5982,
2021,K8N,2021A0011K8N,721,30393,,13782,,13244,
2021,K8P,2021A0011K8P,722,23166,,10592,,10043,
2021,K8R,2021A0011K8R,723,2012,,791,,768,
2021,K8V,2021A0011K8V,724,28936,,12523,,12091,
2021,K9A,2021A0011K9A,725,26757,,11937,,11491,
2021,K9H,2021A0011K9H,726,29704,,14391,,13453,
2021,K9J,2021A0011K9J,727,44547,,19998,,18885,
2021,K9K,2021A0011K9K,728,13359,,5226,,5063,
2021,K9L,2021A0011K9L,729,7813,,3099,,3000,
2021,K9V,2021A0011K9V,730,29369,,12949,,12222,
2021,L0A,2021A0011L0A,731,15325,,5729,,5494,
2021,L0B,2021A0011L0B,732,15501,,6072,,5733,
2021,L0C,2021A0011L0C,733,9486,,3537,,3381,
2021,L0E,2021A0011L0E,734,21898,,10072,,8638,
2021,L0G,2021A0011L0G,735,44945,,15980,,15514,
2021,L0H,2021A0011L0H,736,1223,,465,,436,
2021,L0J,2021A0011L0J,737,4945,,1529,,1456,
2021,L0K,2021A0011L0K,738,38386,,22207,,15846,
2021,L0L,2021A0011L0L,739,42022,,19252,,15670,
2021,L0M,2021A0011L0M,740,37226,,14086,,13274,
2021,L0N,2021A0011L0N,741,2395,,894,,829,
2021,L0P,2021A0011L0P,742,7779,,2777,,2649,
2021,L0R,2021A0011L0R,743,83602,,29717,,29066,
2021,L0S,2021A0011L0S,744,60409,,28128,,24552,
2021,L1A,2021A0011L1A,745,15845,,7030,,6777,
2021,L1B,2021A0011L1B,746,13203,,5280,,5132,
2021,L1C,2021A0011L1C,747,50217,,18207,,17719,
2021,L1E,2021A0011L1E,748,28325,,9806,,9637,
2021,L1G,2021A0011L1G,749,43497,,19291,,18541,
2021,L1H,2021A0011L1H,750,32298,,14480,,13686,
2021,L1J,2021A0011L1J,751,43107,,17776,,17154,
2021,L1K,2021A0011L1K,752,43574,,13824,,13519,
2021,L1L,2021A0011L1L,753,12976,,3986,,3766,
2021,L1M,2021A0011L1M,754,22542,,6992,,6899,
2021,L1N,2021A0011L1N,755,49649,,19596,,19117,
2021,L1P,2021A0011L1P,756,22928,,7132,,6957,
2021,L1R,2021A0011L1R,757,42221,,13260,,13098,
2021,L1S,2021A0011L1S,758,42045,,16037,,15664,
2021,L1T,2021A0011L1T,759,52632,,15281,,14986,
2021,L1V,2021A0011L1V,760,52787,,18257,,17835,
2021,L1W,2021A0011L1W,761,18433,,7323,,7091,
2021,L1X,2021A0011L1X,762,24639,,7516,,7333,
2021,L1Y,2021A0011L1Y,763,1976,,730,,693,
2021,L1Z,2021A0011L1Z,764,31989,,8957,,8838,
2021,L2A,2021A0011L2A,765,17293,,7783,,7277,
2021,L2E,2021A0011L2E,766,18587,,9017,,8340,
2021,L2G,2021A0011L2G,767,30344,,13412,,12531,
2021,L2H,2021A0011L2H,768,29820,,10594,,10340,
2021,L2J,2021A0011L2J,769,14908,,6369,,6206,
2021,L2M,2021A0011L2M,770,33704,,14869,,14443,
2021,L2N,2021A0011L2N,771,30719,,13827,,13244,
2021,L2P,2021A0011L2P,772,15128,,6706,,6432,
2021,L2R,2021A0011L2R,773,25558,,13117,,12003,
2021,L2S,2021A0011L2S,774,19400,,7837,,7586,
2021,L2T,2021A0011L2T,775,11401,,5309,,4876,
2021,L2V,2021A0011L2V,776,19795,,8400,,7738,
2021,L2W,2021A0011L2W,777,1959,,686,,677,
2021,L3B,2021A0011L3B,778,25869,,11617,,11047,
2021,L3C,2021A0011L3C,779,33462,,14273,,13870,
2021,L3K,2021A0011L3K,780,19458,,9086,,8481,
2021,L3L,2021A0011L3L,781,879,,257,,242,
2021,L3M,2021A0011L3M,782,28433,,11465,,11237,
2021,L3P,2021A0011L3P,783,37336,,12978,,12631,
2021,L3R,2021A0011L3R,784,62060,,21994,,21099,
2021,L3S,2021A0011L3S,785,55403,,15734,,14976,
2021,L3T,2021A0011L3T,786,50405,,20672,,19869,
2021,L3V,2021A0011L3V,787,48651,,22293,,20346,
2021,L3X,2021A0011L3X,788,45284,,14261,,13946,
2021,L3Y,2021A0011L3Y,789,43556,,17365,,16709,
2021,L3Z,2021A0011L3Z,790,41072,,13290,,12821,
2021,L4A,2021A0011L4A,791,50389,,17366,,16906,
2021,L4B,2021A0011L4B,792,36080,,13301,,12878,
2021,L4C,2021A0011L4C,793,74636,,30129,,28600,
2021,L4E,2021A0011L4E,794,54606,,17103,,16620,
2021,L4G,2021A0011L4G,795,62061,,22255,,21508,
2021,L4H,2021A0011L4H,796,77353,,22218,,21863,
2021,L4J,2021A0011L4J,797,75120,,26995,,26252,
2021,L4K,2021A0011L4K,798,20172,,8679,,7764,
2021,L4L,2021A0011L4L,799,55426,,20428,,19845,
2021,L4M,2021A0011L4M,800,46902,,19372,,18401,
2021,L4N,2021A0011L4N,801,100835,,37801,,36749,
2021,L4P,2021A0011L4P,802,29861,,11365,,10817,
2021,L4R,2021A0011L4R,803,19245,,8901,,8428,
2021,L4S,2021A0011L4S,804,36688,,11480,,11212,
2021,L4T,2021A0011L4T,805,38182,,12302,,11437,
2021,L4V,2021A0011L4V,806,5,,1,,1,
2021,L4W,2021A0011L4W,807,19744,,7358,,7150,
2021,L4X,2021A0011L4X,808,18719,,7074,,6769,
2021,L4Y,2021A0011L4Y,809,23490,,9118,,8863,
2021,L4Z,2021A0011L4Z,810,37218,,13241,,12815,
2021,L5A,2021A0011L5A,811,47406,,18817,,18132,
2021,L5B,2021A0011L5B,812,67131,,29048,,27315,
2021,L5C,2021A0011L5C,813,29284,,10210,,9880,
2021,L5E,2021A0011L5E,814,12972,,5539,,5315,
2021,L5G,2021A0011L5G,815,20714,,9226,,8719,
2021,L5H,2021A0011L5H,816,17409,,6541,,6272,
2021,L5J,2021A0011L5J,817,28208,,10960,,10655,
2021,L5K,2021A0011L5K,818,13363,,4732,,4587,
2021,L5L,2021A0011L5L,819,43585,,15694,,15207,
2021,L5M,2021A0011L5M,820,106468,,33246,,32267,
2021,L5N,2021A0011L5N,821,83700,,27101,,26553,
2021,L5R,2021A0011L5R,822,37022,,13438,,12691,
2021,L5S,2021A0011L5S,823,27,,6,,4,
2021,L5T,2021A0011L5T,824,19,,5,,5,
2021,L5V,2021A0011L5V,825,49149,,13962,,13631,
2021,L5W,2021A0011L5W,826,24145,,6470,,6307,
2021,L6A,2021A0011L6A,827,89287,,27080,,26517,
2021,L6B,2021A0011L6B,828,34763,,10373,,10137,
2021,L6C,2021A0011L6C,829,51738,,16291,,15918,
2021,L6E,2021A0011L6E,830,38387,,11924,,11696,
2021,L6G,2021A0011L6G,831,8364,,4916,,4521,
2021,L6H,2021A0011L6H,832,72662,,25860,,24806,
2021,L6J,2021A0011L6J,833,24420,,8656,,8357,
2021,L6K,2021A0011L6K,834,14118,,6598,,6258,
2021,L6L,2021A0011L6L,835,30012,,11714,,11293,
2021,L6M,2021A0011L6M,836,72547,,23351,,22844,
2021,L6P,2021A0011L6P,837,91155,,21549,,20994,
2021,L6R,2021A0011L6R,838,93783,,23902,,23263,
2021,L6S,2021A0011L6S,839,54361,,17297,,16844,
2021,L6T,2021A0011L6T,840,39614,,14127,,13595,
2021,L6V,2021A0011L6V,841,42392,,14632,,13902,
2021,L6W,2021A0011L6W,842,23547,,8735,,8305,
2021,L6X,2021A0011L6X,843,76113,,21772,,20935,
2021,L6Y,2021A0011L6Y,844,97601,,28798,,27587,
2021,L6Z,2021A0011L6Z,845,33888,,10472,,10083,
2021,L7A,2021A0011L7A,846,104009,,27796,,26958,
2021,L7B,2021A0011L7B,847,17809,,5790,,5570,
2021,L7C,2021A0011L7C,848,33846,,9967,,9567,
2021,L7E,2021A0011L7E,849,34516,,11754,,11292,
2021,L7G,2021A0011L7G,850,48051,,16847,,16558,
2021,L7J,2021A0011L7J,851,13766,,5110,,4999,
2021,L7K,2021A0011L7K,852,8486,,3164,,2928,
2021,L7L,2021A0011L7L,853,47433,,17852,,17521,
2021,L7M,2021A0011L7M,854,48498,,17184,,16929,
2021,L7N,2021A0011L7N,855,13160,,5469,,5381,
2021,L7P,2021A0011L7P,856,29777,,11060,,10874,
2021,L7R,2021A0011L7R,857,17338,,8675,,8303,
2021,L7S,2021A0011L7S,858,12207,,6368,,6167,
2021,L7T,2021A0011L7T,859,18555,,8287,,8012,
2021,L8B,2021A0011L8B,860,25778,,9053,,8902,
2021,L8E,2021A0011L8E,861,41927,,15736,,15316,
2021,L8G,2021A0011L8G,862,21805,,9518,,9313,
2021,L8H,2021A0011L8H,863,26187,,11792,,11242,
2021,L8J,2021A0011L8J,864,29146,,9465,,9304,
2021,L8K,2021A0011L8K,865,32598,,14405,,13941,
2021,L8L,2021A0011L8L,866,32312,,14444,,13112,
2021,L8M,2021A0011L8M,867,13774,,7096,,6381,
2021,L8N,2021A0011L8N,868,15568,,8630,,7670,
2021,L8P,2021A0011L8P,869,24773,,14969,,13561,
2021,L8R,2021A0011L8R,870,11651,,6113,,5600,
2021,L8S,2021A0011L8S,871,15787,,8714,,7186,
2021,L8T,2021A0011L8T,872,19405,,7948,,7779,
2021,L8V,2021A0011L8V,873,21165,,9662,,9355,
2021,L8W,2021A0011L8W,874,26077,,8612,,8495,
2021,L9A,2021A0011L9A,875,25899,,10346,,10117,
2021,L9B,2021A0011L9B,876,25025,,8461,,8338,
2021,L9C,2021A0011L9C,877,41202,,15123,,14732,
2021,L9E,2021A0011L9E,878,16933,,5075,,4881,
2021,L9G,2021A0011L9G,879,25020,,9180,,8974,
2021,L9H,2021A0011L9H,880,31221,,12828,,12509,
2021,L9J,2021A0011L9J,881,2272,,1138,,1062,
2021,L9K,2021A0011L9K,882,15928,,5138,,4972,
2021,L9L,2021A0011L9L,883,14620,,5910,,5644,
2021,L9M,2021A0011L9M,884,16607,,9066,,6660,
2021,L9N,2021A0011L9N,885,21656,,7297,,7035,
2021,L9P,2021A0011L9P,886,17383,,6770,,6522,
2021,L9R,2021A0011L9R,887,25949,,9929,,9648,
2021,L9S,2021A0011L9S,888,33434,,13557,,12132,
2021,L9T,2021A0011L9T,889,110956,,34110,,33406,
2021,L9V,2021A0011L9V,890,17750,,6657,,6111,
2021,L9W,2021A0011L9W,891,48790,,17840,,17309,
2021,L9X,2021A0011L9X,892,12896,,4326,,4237,
2021,L9Y,2021A0011L9Y,893,28925,,17262,,13077,
2021,L9Z,2021A0011L9Z,894,24849,,13761,,10805,
2021,M1B,2021A0011M1B,895,65555,,21561,,20563,
2021,M1C,2021A0011M1C,896,35642,,11724,,11396,
2021,M1E,2021A0011M1E,897,48033,,18085,,17320,
2021,M1G,2021A0011M1G,898,30894,,10791,,10313,
2021,M1H,2021A0011M1H,899,23964,,9021,,8632,
2021,M1J,2021A0011M1J,900,37002,,13253,,12633,
2021,M1K,2021A0011M1K,901,48175,,18687,,17709,
2021,M1L,2021A0011M1L,902,35833,,13177,,12559,
2021,M1M,2021A0011M1M,903,23258,,9067,,8641,
2021,M1N,2021A0011M1N,904,22976,,10056,,9521,
2021,M1P,2021A0011M1P,905,45170,,17308,,16491,
2021,M1R,2021A0011M1R,906,30467,,11476,,10919,
2021,M1S,2021A0011M1S,907,37663,,14021,,13328,
2021,M1T,2021A0011M1T,908,34607,,13826,,13232,
2021,M1V,2021A0011M1V,909,50825,,16556,,15962,
2021,M1W,2021A0011M1W,910,47070,,17294,,16735,
2021,M1X,2021A0011M1X,911,14810,,3808,,3720,
2021,M2H,2021A0011M2H,912,23396,,8953,,8560,
2021,M2J,2021A0011M2J,913,61761,,25487,,24215,
2021,M2K,2021A0011M2K,914,25377,,12626,,11687,
2021,M2L,2021A0011M2L,915,11274,,4181,,3938,
2021,M2M,2021A0011M2M,916,31915,,13259,,12495,
2021,M2N,2021A0011M2N,917,75100,,36968,,34137,
2021,M2P,2021A0011M2P,918,7546,,3152,,2984,
2021,M2R,2021A0011M2R,919,40581,,16189,,15363,
2021,M3A,2021A0011M3A,920,34361,,13705,,13127,
2021,M3B,2021A0011M3B,921,12880,,5178,,4959,
2021,M3C,2021A0011M3C,922,39616,,17146,,16247,
2021,M3H,2021A0011M3H,923,38416,,15630,,14767,
2021,M3J,2021A0011M3J,924,26600,,10445,,9708,
2021,M3K,2021A0011M3K,925,7865,,3100,,2945,
2021,M3L,2021A0011M3L,926,19263,,6700,,6396,
2021,M3M,2021A0011M3M,927,24906,,9962,,9519,
2021,M3N,2021A0011M3N,928,40846,,14308,,13632,
2021,M4A,2021A0011M4A,929,14589,,6303,,6060,
2021,M4B,2021A0011M4B,930,18612,,8038,,7611,
2021,M4C,2021A0011M4C,931,46440,,20553,,19159,
2021,M4E,2021A0011M4E,932,25473,,11581,,10874,
2021,M4G,2021A0011M4G,933,19598,,8622,,8078,
2021,M4H,2021A0011M4H,934,18698,,6419,,6061,
2021,M4J,2021A0011M4J,935,35128,,15338,,14586,
2021,M4K,2021A0011M4K,936,30913,,15139,,14194,
2021,M4L,2021A0011M4L,937,32218,,14789,,13751,
2021,M4M,2021A0011M4M,938,25052,,12249,,11443,
2021,M4N,2021A0011M4N,939,16058,,6669,,6226,
2021,M4P,2021A0011M4P,940,25057,,16696,,13974,
2021,M4R,2021A0011M4R,941,11909,,5989,,5420,
2021,M4S,2021A0011M4S,942,30754,,17169,,15719,
2021,M4T,2021A0011M4T,943,10332,,5619,,5099,
2021,M4V,2021A0011M4V,944,19273,,11403,,10190,
2021,M4W,2021A0011M4W,945,15296,,9238,,8071,
2021,M4X,2021A0011M4X,946,19896,,11142,,9874,
2021,M4Y,2021A0011M4Y,947,36319,,26472,,22734,
2021,M5A,2021A0011M5A,948,48978,,30508,,27320,
2021,M5B,2021A0011M5B,949,17422,,13071,,10544,
2021,M5C,2021A0011M5C,950,3149,,2306,,1884,
2021,M5E,2021A0011M5E,951,11779,,8246,,7270,
2021,M5G,2021A0011M5G,952,9751,,7198,,5738,
2021,M5H,2021A0011M5H,953,3248,,2355,,1886,
2021,M5J,2021A0011M5J,954,16879,,11928,,10158,
2021,M5M,2021A0011M5M,955,25495,,9726,,9275,
2021,M5N,2021A0011M5N,956,16154,,6724,,6293,
2021,M5P,2021A0011M5P,957,19791,,10417,,9537,
2021,M5R,2021A0011M5R,958,26197,,16591,,13845,
2021,M5S,2021A0011M5S,959,17074,,10971,,9018,
2021,M5T,2021A0011M5T,960,17903,,10452,,9012,
2021,M5V,2021A0011M5V,961,59912,,42449,,37165,
2021,M6A,2021A0011M6A,962,22380,,9803,,9211,
2021,M6B,2021A0011M6B,963,28534,,11630,,10997,
2021,M6C,2021A0011M6C,964,23997,,11093,,10196,
2021,M6E,2021A0011M6E,965,37684,,16172,,14852,
2021,M6G,2021A0011M6G,966,30600,,14329,,13032,
2021,M6H,2021A0011M6H,967,43730,,21284,,19264,
2021,M6J,2021A0011M6J,968,32111,,17027,,15453,
2021,M6K,2021A0011M6K,969,42110,,25403,,22726,
2021,M6L,2021A0011M6L,970,20156,,7721,,7323,
2021,M6M,2021A0011M6M,971,42148,,16883,,15913,
2021,M6N,2021A0011M6N,972,40252,,16981,,15956,
2021,M6P,2021A0011M6P,973,39870,,20750,,19019,
2021,M6R,2021A0011M6R,974,19349,,9255,,8479,
2021,M6S,2021A0011M6S,975,34029,,15343,,14517,
2021,M7A,2021A0011M7A,976,5,,5,,3,
2021,M8V,2021A0011M8V,977,44144,,24434,,22829,
2021,M8W,2021A0011M8W,978,22381,,9994,,9402,
2021,M8X,2021A0011M8X,979,10624,,4814,,4580,
2021,M8Y,2021A0011M8Y,980,21986,,10533,,9984,
2021,M8Z,2021A0011M8Z,981,19312,,7784,,7461,
2021,M9A,2021A0011M9A,982,36642,,16604,,15708,
2021,M9B,2021A0011M9B,983,33236,,13246,,12698,
2021,M9C,2021A0011M9C,984,38725,,15834,,15315,
2021,M9L,2021A0011M9L,985,11737,,4082,,3772,
2021,M9M,2021A0011M9M,986,24245,,8500,,8165,
2021,M9N,2021A0011M9N,987,26059,,11272,,10463,
2021,M9P,2021A0011M9P,988,20645,,8199,,7901,
2021,M9R,2021A0011M9R,989,33783,,12898,,12417,
2021,M9V,2021A0011M9V,990,53878,,17463,,16653,
2021,M9W,2021A0011M9W,991,40977,,14820,,14169,
2021,N0A,2021A0011N0A,992,31957,,14737,,13054,
2021,N0B,2021A0011N0B,993,86919,,31269,,30135,
2021,N0C,2021A0011N0C,994,17537,,8191,,6657,
2021,N0E,2021A0011N0E,995,36557,,15375,,13742,
2021,N0G,2021A0011N0G,996,86935,,35896,,32741,
2021,N0H,2021A0011N0H,997,53674,,34400,,23288,
2021,N0J,2021A0011N0J,998,33457,,12005,,11515,
2021,N0K,2021A0011N0K,999,24817,,9419,,9059,
2021,N0L,2021A0011N0L,1000,49817,,19408,,18789,
2021,N0M,2021A0011N0M,1001,69177,,32011,,27634,
2021,N0N,2021A0011N0N,1002,42297,,18752,,16933,
2021,N0P,2021A0011N0P,1003,53140,,23162,,21267,
2021,N0R,2021A0011N0R,1004,50203,,19287,,18131,
2021,N1A,2021A0011N1A,1005,12614,,5563,,4997,
2021,N1C,2021A0011N1C,1006,3678,,1237,,1222,
2021,N1E,2021A0011N1E,1007,44799,,18055,,17506,
2021,N1G,2021A0011N1G,1008,29688,,12853,,11514,
2021,N1H,2021A0011N1H,1009,42178,,18802,,18048,
2021,N1K,2021A0011N1K,1010,10908,,3787,,3675,
2021,N1L,2021A0011N1L,1011,17474,,6722,,6177,
2021,N1M,2021A0011N1M,1012,18498,,7546,,7222,
2021,N1P,2021A0011N1P,1013,7991,,2526,,2506,
2021,N1R,2021A0011N1R,1014,42928,,18081,,17337,
2021,N1S,2021A0011N1S,1015,20171,,8187,,7918,
2021,N1T,2021A0011N1T,1016,18513,,5647,,5578,
2021,N2A,2021A0011N2A,1017,32454,,12178,,11833,
2021,N2B,2021A0011N2B,1018,16939,,7329,,7149,
2021,N2C,2021A0011N2C,1019,17681,,7494,,7284,
2021,N2E,2021A0011N2E,1020,40428,,14544,,14233,
2021,N2G,2021A0011N2G,1021,14580,,8284,,7802,
2021,N2H,2021A0011N2H,1022,22456,,11453,,10783,
2021,N2J,2021A0011N2J,1023,20899,,10672,,9476,
2021,N2K,2021A0011N2K,1024,29381,,10815,,10576,
2021,N2L,2021A0011N2L,1025,37953,,19681,,16193,
2021,N2M,2021A0011N2M,1026,36494,,16113,,15506,
2021,N2N,2021A0011N2N,1027,26596,,9145,,9014,
2021,N2P,2021A0011N2P,1028,25040,,8848,,8474,
2021,N2R,2021A0011N2R,1029,18445,,5835,,5678,
2021,N2T,2021A0011N2T,1030,20634,,7109,,6994,
2021,N2V,2021A0011N2V,1031,19428,,6360,,6261,
2021,N2Z,2021A0011N2Z,1032,12341,,6608,,5234,
2021,N3A,2021A0011N3A,1033,17045,,6395,,6293,
2021,N3B,2021A0011N3B,1034,13190,,4824,,4743,
2021,N3C,2021A0011N3C,1035,27518,,9657,,9458,
2021,N3E,2021A0011N3E,1036,2802,,839,,793,
2021,N3H,2021A0011N3H,1037,24306,,10220,,9755,
2021,N3L,2021A0011N3L,1038,17676,,6741,,6526,
2021,N3P,2021A0011N3P,1039,8542,,3209,,3173,
2021,N3R,2021A0011N3R,1040,35858,,15069,,14718,
2021,N3S,2021A0011N3S,1041,27527,,12070,,11497,
2021,N3T,2021A0011N3T,1042,37406,,14602,,13914,
2021,N3V,2021A0011N3V,1043,1562,,572,,566,
2021,N3W,2021A0011N3W,1044,15805,,5731,,5579,
2021,N3Y,2021A0011N3Y,1045,23402,,10382,,9922,
2021,N4B,2021A0011N4B,1046,8223,,3459,,3341,
2021,N4G,2021A0011N4G,1047,21519,,9509,,9207,
2021,N4K,2021A0011N4K,1048,28975,,13555,,12877,
2021,N4L,2021A0011N4L,1049,8337,,4293,,3716,
2021,N4N,2021A0011N4N,1050,10341,,4849,,4392,
2021,N4S,2021A0011N4S,1051,33055,,14516,,13973,
2021,N4T,2021A0011N4T,1052,15161,,5543,,5436,
2021,N4V,2021A0011N4V,1053,3477,,1360,,1312,
2021,N4W,2021A0011N4W,1054,13311,,5221,,5052,
2021,N4X,2021A0011N4X,1055,9946,,4195,,4066,
2021,N4Z,2021A0011N4Z,1056,2362,,911,,899,
2021,N5A,2021A0011N5A,1057,32898,,15203,,14548,
2021,N5C,2021A0011N5C,1058,15721,,6382,,6194,
2021,N5H,2021A0011N5H,1059,15625,,5763,,5523,
2021,N5L,2021A0011N5L,1060,3714,,2003,,1696,
2021,N5P,2021A0011N5P,1061,21081,,8962,,8651,
2021,N5R,2021A0011N5R,1062,30680,,12933,,12637,
2021,N5V,2021A0011N5V,1063,32961,,13236,,12636,
2021,N5W,2021A0011N5W,1064,24740,,12388,,11584,
2021,N5X,2021A0011N5X,1065,36963,,13738,,13209,
2021,N5Y,2021A0011N5Y,1066,35934,,16194,,15292,
2021,N5Z,2021A0011N5Z,1067,24067,,11008,,10538,
2021,N6A,2021A0011N6A,1068,13810,,9768,,7354,
2021,N6B,2021A0011N6B,1069,11101,,7181,,6483,
2021,N6C,2021A0011N6C,1070,30629,,14812,,14159,
2021,N6E,2021A0011N6E,1071,28140,,10366,,10108,
2021,N6G,2021A0011N6G,1072,50940,,20315,,18428,
2021,N6H,2021A0011N6H,1073,44215,,20694,,19241,
2021,N6J,2021A0011N6J,1074,27497,,13174,,12757,
2021,N6K,2021A0011N6K,1075,37596,,15303,,14939,
2021,N6L,2021A0011N6L,1076,5167,,1699,,1577,
2021,N6M,2021A0011N6M,1077,8542,,2822,,2742,
2021,N6N,2021A0011N6N,1078,728,,299,,284,
2021,N6P,2021A0011N6P,1079,10943,,4081,,3970,
2021,N7A,2021A0011N7A,1080,12495,,6687,,5678,
2021,N7G,2021A0011N7G,1081,19921,,8072,,7876,
2021,N7L,2021A0011N7L,1082,25127,,11583,,11183,
2021,N7M,2021A0011N7M,1083,25579,,11361,,10845,
2021,N7S,2021A0011N7S,1084,28410,,11643,,11283,
2021,N7T,2021A0011N7T,1085,26033,,13973,,12908,
2021,N7V,2021A0011N7V,1086,11611,,5713,,5515,
2021,N7W,2021A0011N7W,1087,2578,,1316,,1298,
2021,N7X,2021A0011N7X,1088,1129,,483,,465,
2021,N8A,2021A0011N8A,1089,12624,,5765,,5486,
2021,N8H,2021A0011N8H,1090,27530,,10486,,9868,
2021,N8M,2021A0011N8M,1091,11819,,4755,,4624,
2021,N8N,2021A0011N8N,1092,24534,,9580,,9405,
2021,N8P,2021A0011N8P,1093,14603,,5536,,5463,
2021,N8R,2021A0011N8R,1094,12733,,4455,,4388,
2021,N8S,2021A0011N8S,1095,22354,,10830,,10473,
2021,N8T,2021A0011N8T,1096,17935,,8046,,7766,
2021,N8W,2021A0011N8W,1097,24057,,10072,,9764,
2021,N8X,2021A0011N8X,1098,16457,,7796,,7303,
2021,N8Y,2021A0011N8Y,1099,19254,,9686,,9132,
2021,N9A,2021A0011N9A,1100,26107,,14264,,12567,
2021,N9B,2021A0011N9B,1101,19613,,8223,,7350,
2021,N9C,2021A0011N9C,1102,12538,,5838,,5347,
2021,N9E,2021A0011N9E,1103,21465,,7779,,7578,
2021,N9G,2021A0011N9G,1104,20712,,6728,,6606,
2021,N9H,2021A0011N9H,1105,13173,,4737,,4582,
2021,N9J,2021A0011N9J,1106,20089,,7389,,7262,
2021,N9K,2021A0011N9K,1107,2757,,862,,854,
2021,N9V,2021A0011N9V,1108,21688,,8790,,8505,
2021,N9Y,2021A0011N9Y,1109,15836,,6522,,6210,
2021,P0A,2021A0011P0A,1110,17822,,14748,,8200,
2021,P0B,2021A0011P0B,1111,9589,,8951,,4165,
2021,P0C,2021A0011P0C,1112,4824,,6930,,2210,
2021,P0E,2021A0011P0E,1113,3606,,3164,,1576,
2021,P0G,2021A0011P0G,1114,3553,,4048,,1687,
2021,P0H,2021A0011P0H,1115,31909,,17044,,13308,
2021,P0J,2021A0011P0J,1116,20179,,9704,,8729,
2021,P0K,2021A0011P0K,1117,11456,,6383,,5138,
2021,P0L,2021A0011P0L,1118,22859,,10591,,9157,
2021,P0M,2021A0011P0M,1119,49727,,24862,,21257,
2021,P0N,2021A0011P0N,1120,9435,,4472,,4002,
2021,P0P,2021A0011P0P,1121,20285,,12782,,8819,
2021,P0R,2021A0011P0R,1122,12976,,8224,,5784,
2021,P0S,2021A0011P0S,1123,10170,,6839,,4498,
2021,P0T,2021A0011P0T,1124,32000,,17869,,13593,
2021,P0V,2021A0011P0V,1125,22944,,9106,,7323,
2021,P0W,2021A0011P0W,1126,6454,,3903,,2536,
2021,P0X,2021A0011P0X,1127,8410,,7414,,3365,
2021,P0Y,2021A0011P0Y,1128,96,,226,,55,
2021,P1A,2021A0011P1A,1129,16959,,7785,,7432,
2021,P1B,2021A0011P1B,1130,33113,,16526,,15244,
2021,P1C,2021A0011P1C,1131,3371,,1197,,1174,
2021,P1H,2021A0011P1H,1132,18099,,10316,,7696,
2021,P1L,2021A0011P1L,1133,17984,,9535,,7521,
2021,P1P,2021A0011P1P,1134,11083,,6921,,4605,
2021,P2A,2021A0011P2A,1135,14695,,10034,,6469,
2021,P2B,2021A0011P2B,1136,9754,,4606,,4368,
2021,P2N,2021A0011P2N,1137,6944,,3943,,3407,
2021,P3A,2021A0011P3A,1138,24326,,10701,,10312,
2021,P3B,2021A0011P3B,1139,16434,,8194,,7582,
2021,P3C,2021A0011P3C,1140,17596,,10143,,8928,
2021,P3E,2021A0011P3E,1141,29132,,14139,,13204,
2021,P3G,2021A0011P3G,1142,4167,,1807,,1633,
2021,P3L,2021A0011P3L,1143,7996,,3288,,3177,
2021,P3N,2021A0011P3N,1144,7980,,3121,,3060,
2021,P3P,2021A0011P3P,1145,15408,,6009,,5852,
2021,P3Y,2021A0011P3Y,1146,7757,,3167,,2997,
2021,P4N,2021A0011P4N,1147,24098,,11932,,10984,
2021,P4P,2021A0011P4P,1148,3232,,1371,,1325,
2021,P4R,2021A0011P4R,1149,4795,,1820,,1758,
2021,P5A,2021A0011P5A,1150,11372,,6275,,5839,
2021,P5E,2021A0011P5E,1151,5427,,2704,,2415,
2021,P5N,2021A0011P5N,1152,8260,,4260,,3871,
2021,P6A,2021A0011P6A,1153,33800,,16498,,15008,
2021,P6B,2021A0011P6B,1154,22754,,11032,,10422,
2021,P6C,2021A0011P6C,1155,18766,,8926,,8467,
2021,P7A,2021A0011P7A,1156,28587,,14359,,13263,
2021,P7B,2021A0011P7B,1157,22675,,11110,,10336,
2021,P7C,2021A0011P7C,1158,21695,,10098,,9489,
2021,P7E,2021A0011P7E,1159,20897,,10401,,9927,
2021,P7G,2021A0011P7G,1160,13238,,5781,,5024,
2021,P7J,2021A0011P7J,1161,4859,,1877,,1795,
2021,P7K,2021A0011P7K,1162,6801,,2710,,2649,
2021,P7L,2021A0011P7L,1163,2188,,1163,,919,
2021,P8N,2021A0011P8N,1164,9619,,4597,,4244,
2021,P8T,2021A0011P8T,1165,5541,,2507,,2211,
2021,P9A,2021A0011P9A,1166,10079,,5176,,4410,
2021,P9N,2021A0011P9N,1167,14088,,7180,,6037,
2021,R0A,2021A0011R0A,1168,43242,,16437,,14371,
2021,R0B,2021A0011R0B,1169,42205,,12891,,10338,
2021,R0C,2021A0011R0C,1170,56940,,29544,,21984,
2021,R0E,2021A0011R0E,1171,39578,,27057,,16213,
2021,R0G,2021A0011R0G,1172,43710,,16500,,15475,
2021,R0H,2021A0011R0H,1173,17902,,5749,,5162,
2021,R0J,2021A0011R0J,1174,29050,,14933,,11518,
2021,R0K,2021A0011R0K,1175,28076,,12583,,10864,
2021,R0L,2021A0011R0L,1176,26272,,13160,,10896,
2021,R0M,2021A0011R0M,1177,19451,,9273,,7904,
2021,R1A,2021A0011R1A,1178,21473,,8807,,8447,
2021,R1B,2021A0011R1B,1179,280,,164,,161,
2021,R1C,2021A0011R1C,1180,3937,,1545,,1506,
2021,R1N,2021A0011R1N,1181,16641,,7388,,6817,
2021,R2C,2021A0011R2C,1182,32816,,12905,,12651,
2021,R2E,2021A0011R2E,1183,9511,,3418,,3379,
2021,R2G,2021A0011R2G,1184,33874,,15592,,15190,
2021,R2H,2021A0011R2H,1185,16136,,8250,,7779,
2021,R2J,2021A0011R2J,1186,26960,,10995,,10724,
2021,R2K,2021A0011R2K,1187,34345,,14077,,13738,
2021,R2L,2021A0011R2L,1188,15255,,6611,,6294,
2021,R2M,2021A0011R2M,1189,38978,,17676,,16954,
2021,R2N,2021A0011R2N,1190,31384,,12169,,11935,
2021,R2P,2021A0011R2P,1191,35218,,10878,,10566,
2021,R2R,2021A0011R2R,1192,25599,,7646,,7509,
2021,R2V,2021A0011R2V,1193,38204,,14848,,14443,
2021,R2W,2021A0011R2W,1194,29483,,12516,,11294,
2021,R2X,2021A0011R2X,1195,19674,,6993,,6726,
2021,R2Y,2021A0011R2Y,1196,19849,,8598,,8383,
2021,R3A,2021A0011R3A,1197,5156,,2276,,1927,
2021,R3B,2021A0011R3B,1198,12545,,7190,,6136,
2021,R3C,2021A0011R3C,1199,16798,,11402,,9586,
2021,R3E,2021A0011R3E,1200,19009,,7360,,6815,
2021,R3G,2021A0011R3G,1201,25200,,11243,,10540,
2021,R3H,2021A0011R3H,1202,116,,44,,42,
2021,R3J,2021A0011R3J,1203,28343,,13080,,12574,
2021,R3K,2021A0011R3K,1204,12431,,5421,,5328,
2021,R3L,2021A0011R3L,1205,20725,,12201,,11350,
2021,R3M,2021A0011R3M,1206,22203,,11041,,10470,
2021,R3N,2021A0011R3N,1207,16591,,7579,,7292,
2021,R3P,2021A0011R3P,1208,20616,,8840,,8476,
2021,R3R,2021A0011R3R,1209,25743,,10604,,10366,
2021,R3S,2021A0011R3S,1210,603,,194,,190,
2021,R3T,2021A0011R3T,1211,50190,,20702,,19534,
2021,R3V,2021A0011R3V,1212,6416,,2500,,2432,
2021,R3W,2021A0011R3W,1213,16173,,5857,,5682,
2021,R3X,2021A0011R3X,1214,22304,,7679,,7495,
2021,R3Y,2021A0011R3Y,1215,33116,,11151,,10648,
2021,R4A,2021A0011R4A,1216,5471,,1826,,1792,
2021,R4G,2021A0011R4G,1217,1658,,561,,552,
2021,R4H,2021A0011R4H,1218,3282,,964,,938,
2021,R4J,2021A0011R4J,1219,1049,,378,,369,
2021,R4K,2021A0011R4K,1220,960,,219,,213,
2021,R4L,2021A0011R4L,1221,1350,,493,,474,
2021,R5A,2021A0011R5A,1222,3854,,1366,,1345,
2021,R5G,2021A0011R5G,1223,25086,,9193,,8890,
2021,R5H,2021A0011R5H,1224,5033,,2007,,1943,
2021,R5J,2021A0011R5J,1225,1431,,509,,489,
2021,R5K,2021A0011R5K,1226,6071,,2137,,2078,
2021,R5L,2021A0011R5L,1227,2251,,841,,813,
2021,R5M,2021A0011R5M,1228,2296,,839,,804,
2021,R5N,2021A0011R5N,1229,5593,,1923,,1897,
2021,R5P,2021A0011R5P,1230,738,,284,,272,
2021,R5R,2021A0011R5R,1231,1310,,499,,486,
2021,R5T,2021A0011R5T,1232,865,,317,,308,
2021,R6M,2021A0011R6M,1233,11444,,4627,,4441,
2021,R6W,2021A0011R6W,1234,21551,,7191,,6991,
2021,R7A,2021A0011R7A,1235,30022,,13183,,12279,
2021,R7B,2021A0011R7B,1236,22321,,9324,,8975,
2021,R7C,2021A0011R7C,1237,2870,,1448,,1333,
2021,R7N,2021A0011R7N,1238,9956,,4762,,4436,
2021,R8A,2021A0011R8A,1239,5294,,2696,,2442,
2021,R8N,2021A0011R8N,1240,13294,,5557,,4790,
2021,R9A,2021A0011R9A,1241,6782,,2817,,2600,
2021,S0A,2021A0011S0A,1242,52751,,27603,,22737,
2021,S0C,2021A0011S0C,1243,21738,,11121,,8819,
2021,S0E,2021A0011S0E,1244,32382,,16177,,13364,
2021,S0G,2021A0011S0G,1245,65896,,33003,,26601,
2021,S0H,2021A0011S0H,1246,21972,,11473,,9203,
2021,S0J,2021A0011S0J,1247,50642,,25168,,17727,
2021,S0K,2021A0011S0K,1248,90185,,37514,,33684,
2021,S0L,2021A0011S0L,1249,30490,,14774,,12255,
2021,S0M,2021A0011S0M,1250,48250,,23520,,17385,
2021,S0N,2021A0011S0N,1251,21369,,10151,,8072,
2021,S0P,2021A0011S0P,1252,6464,,2104,,1791,
2021,S2V,2021A0011S2V,1253,863,,505,,355,
2021,S3N,2021A0011S3N,1254,18635,,8537,,7910,
2021,S4A,2021A0011S4A,1255,11958,,5770,,4986,
2021,S4H,2021A0011S4H,1256,11807,,5509,,5022,
2021,S4K,2021A0011S4K,1257,81,,49,,35,
2021,S4L,2021A0011S4L,1258,5643,,1884,,1851,
2021,S4N,2021A0011S4N,1259,30983,,12993,,12139,
2021,S4P,2021A0011S4P,1260,13501,,8233,,6906,
2021,S4R,2021A0011S4R,1261,34399,,14878,,13951,
2021,S4S,2021A0011S4S,1262,34562,,15091,,14290,
2021,S4T,2021A0011S4T,1263,31061,,15314,,13574,
2021,S4V,2021A0011S4V,1264,33781,,13228,,12723,
2021,S4W,2021A0011S4W,1265,14378,,5941,,5456,
2021,S4X,2021A0011S4X,1266,29118,,11444,,11146,
2021,S4Y,2021A0011S4Y,1267,5669,,2033,,1979,
2021,S4Z,2021A0011S4Z,1268,1340,,707,,653,
2021,S6H,2021A0011S6H,1269,27554,,13539,,12292,
2021,S6J,2021A0011S6J,1270,5847,,2546,,2377,
2021,S6K,2021A0011S6K,1271,1337,,483,,464,
2021,S6V,2021A0011S6V,1272,42147,,17131,,15800,
2021,S6W,2021A0011S6W,1273,288,,166,,144,
2021,S6X,2021A0011S6X,1274,2521,,778,,761,
2021,S7A,2021A0011S7A,1275,176,,44,,44,
2021,S7B,2021A0011S7B,1276,497,,217,,210,
2021,S7C,2021A0011S7C,1277,1137,,467,,391,
2021,S7H,2021A0011S7H,1278,36818,,17436,,16168,
2021,S7J,2021A0011S7J,1279,30833,,13436,,12825,
2021,S7K,2021A0011S7K,1280,39076,,18371,,17107,
2021,S7L,2021A0011S7L,1281,41123,,16917,,15434,
2021,S7M,2021A0011S7M,1282,31870,,14577,,13020,
2021,S7N,2021A0011S7N,1283,27385,,12398,,11380,
2021,S7P,2021A0011S7P,1284,178,,65,,62,
2021,S7R,2021A0011S7R,1285,8990,,2968,,2825,
2021,S7S,2021A0011S7S,1286,5730,,2338,,2234,
2021,S7T,2021A0011S7T,1287,17468,,6930,,6441,
2021,S7V,2021A0011S7V,1288,16575,,6471,,6125,
2021,S7W,2021A0011S7W,1289,19204,,7168,,6637,
2021,S9A,2021A0011S9A,1290,14926,,6750,,6073,
2021,S9H,2021A0011S9H,1291,18545,,8611,,7896,
2021,S9V,2021A0011S9V,1292,14463,,6099,,5406,
2021,S9X,2021A0011S9X,1293,7899,,3095,,2851,
2021,T0A,2021A0011T0A,1294,57940,,27641,,22165,
2021,T0B,2021A0011T0B,1295,63070,,28586,,24593,
2021,T0C,2021A0011T0C,1296,62815,,29839,,24008,
2021,T0E,2021A0011T0E,1297,40343,,21807,,16111,
2021,T0G,2021A0011T0G,1298,40682,,18790,,14991,
2021,T0H,2021A0011T0H,1299,81424,,32729,,28177,
2021,T0J,2021A0011T0J,1300,50752,,20564,,18211,
2021,T0K,2021A0011T0K,1301,59088,,21924,,19075,
2021,T0L,2021A0011T0L,1302,52040,,21062,,18865,
2021,T0M,2021A0011T0M,1303,66367,,29058,,26067,
2021,T0P,2021A0011T0P,1304,3085,,1470,,1123,
2021,T1A,2021A0011T1A,1305,24982,,12341,,11440,
2021,T1B,2021A0011T1B,1306,32996,,13781,,13286,
2021,T1C,2021A0011T1C,1307,9405,,4147,,3964,
2021,T1G,2021A0011T1G,1308,11028,,4101,,3963,
2021,T1H,2021A0011T1H,1309,27814,,12017,,11428,
2021,T1J,2021A0011T1J,1310,26220,,11692,,10738,
2021,T1K,2021A0011T1K,1311,47253,,20198,,19003,
2021,T1L,2021A0011T1L,1312,7360,,2875,,2571,
2021,T1M,2021A0011T1M,1313,10056,,3712,,3615,
2021,T1P,2021A0011T1P,1314,17037,,6817,,6507,
2021,T1R,2021A0011T1R,1315,17161,,6340,,5965,
2021,T1S,2021A0011T1S,1316,43512,,15604,,15110,
2021,T1V,2021A0011T1V,1317,15703,,6505,,6309,
2021,T1W,2021A0011T1W,1318,17063,,9845,,7235,
2021,T1X,2021A0011T1X,1319,25295,,8037,,7794,
2021,T1Y,2021A0011T1Y,1320,52860,,18409,,17210,
2021,T1Z,2021A0011T1Z,1321,2709,,822,,773,
2021,T2A,2021A0011T2A,1322,57761,,22555,,21008,
2021,T2B,2021A0011T2B,1323,22530,,9835,,9239,
2021,T2C,2021A0011T2C,1324,19865,,8525,,8229,
2021,T2E,2021A0011T2E,1325,36342,,19054,,17548,
2021,T2G,2021A0011T2G,1326,16594,,10983,,9419,
2021,T2H,2021A0011T2H,1327,9223,,4592,,4296,
2021,T2J,2021A0011T2J,1328,41906,,17613,,17103,
2021,T2K,2021A0011T2K,1329,34673,,15319,,14530,
2021,T2L,2021A0011T2L,1330,14353,,6689,,6142,
2021,T2M,2021A0011T2M,1331,20475,,9760,,8989,
2021,T2N,2021A0011T2N,1332,25807,,13130,,11865,
2021,T2P,2021A0011T2P,1333,14347,,9867,,8261,
2021,T2R,2021A0011T2R,1334,17743,,13181,,11615,
2021,T2S,2021A0011T2S,1335,14781,,8747,,7964,
2021,T2T,2021A0011T2T,1336,30791,,16539,,15129,
2021,T2V,2021A0011T2V,1337,32631,,15618,,14792,
2021,T2W,2021A0011T2W,1338,39827,,16823,,16324,
2021,T2X,2021A0011T2X,1339,54683,,19797,,19306,
2021,T2Y,2021A0011T2Y,1340,60196,,21448,,20946,
2021,T2Z,2021A0011T2Z,1341,69025,,25217,,24716,
2021,T3A,2021A0011T3A,1342,51236,,19432,,18800,
2021,T3B,2021A0011T3B,1343,38129,,17084,,15964,
2021,T3C,2021A0011T3C,1344,24145,,12822,,11668,
2021,T3E,2021A0011T3E,1345,42336,,19562,,18441,
2021,T3G,2021A0011T3G,1346,57196,,21032,,20582,
2021,T3H,2021A0011T3H,1347,72004,,26491,,25548,
2021,T3J,2021A0011T3J,1348,78834,,22350,,21113,
2021,T3K,2021A0011T3K,1349,79143,,27820,,27119,
2021,T3L,2021A0011T3L,1350,30024,,10546,,10278,
2021,T3M,2021A0011T3M,1351,56701,,20745,,19899,
2021,T3N,2021A0011T3N,1352,33539,,10566,,9982,
2021,T3P,2021A0011T3P,1353,27666,,8992,,8693,
2021,T3R,2021A0011T3R,1354,34957,,11849,,11443,
2021,T3S,2021A0011T3S,1355,288,,121,,117,
2021,T3Z,2021A0011T3Z,1356,10596,,3730,,3563,
2021,T4A,2021A0011T4A,1357,19940,,7439,,7190,
2021,T4B,2021A0011T4B,1358,58053,,21015,,20461,
2021,T4C,2021A0011T4C,1359,37325,,14724,,13967,
2021,T4E,2021A0011T4E,1360,5229,,2091,,1940,
2021,T4G,2021A0011T4G,1361,13368,,6073,,5126,
2021,T4H,2021A0011T4H,1362,11831,,5163,,4792,
2021,T4J,2021A0011T4J,1363,11390,,4758,,4464,
2021,T4L,2021A0011T4L,1364,17145,,7055,,6599,
2021,T4M,2021A0011T4M,1365,7754,,2851,,2739,
2021,T4N,2021A0011T4N,1366,30584,,15796,,14234,
2021,T4P,2021A0011T4P,1367,33759,,13583,,12855,
2021,T4R,2021A0011T4R,1368,37024,,14372,,13755,
2021,T4S,2021A0011T4S,1369,20586,,9284,,8149,
2021,T4T,2021A0011T4T,1370,13296,,5549,,5131,
2021,T4V,2021A0011T4V,1371,20160,,9281,,8670,
2021,T4X,2021A0011T4X,1372,26447,,9122,,8790,
2021,T5A,2021A0011T5A,1373,34427,,14270,,13361,
2021,T5B,2021A0011T5B,1374,15373,,8185,,7119,
2021,T5C,2021A0011T5C,1375,15937,,6558,,6099,
2021,T5E,2021A0011T5E,1376,33607,,13556,,12635,
2021,T5G,2021A0011T5G,1377,12873,,6855,,5813,
2021,T5H,2021A0011T5H,1378,25367,,16659,,13802,
2021,T5J,2021A0011T5J,1379,6288,,5654,,4013,
2021,T5K,2021A0011T5K,1380,22440,,16632,,14330,
2021,T5L,2021A0011T5L,1381,16755,,7206,,6635,
2021,T5M,2021A0011T5M,1382,15462,,7919,,7127,
2021,T5N,2021A0011T5N,1383,14713,,8006,,7166,
2021,T5P,2021A0011T5P,1384,20475,,10341,,9251,
2021,T5R,2021A0011T5R,1385,24643,,10373,,9849,
2021,T5S,2021A0011T5S,1386,7731,,3017,,2922,
2021,T5T,2021A0011T5T,1387,77839,,30147,,28883,
2021,T5V,2021A0011T5V,1388,146,,62,,58,
2021,T5W,2021A0011T5W,1389,20047,,9056,,8332,
2021,T5X,2021A0011T5X,1390,42643,,16015,,15347,
2021,T5Y,2021A0011T5Y,1391,54437,,19752,,18777,
2021,T5Z,2021A0011T5Z,1392,34199,,12095,,11655,
2021,T6A,2021A0011T6A,1393,14477,,6772,,6311,
2021,T6B,2021A0011T6B,1394,9291,,4284,,4058,
2021,T6C,2021A0011T6C,1395,20242,,10541,,9676,
2021,T6E,2021A0011T6E,1396,22893,,14444,,12539,
2021,T6G,2021A0011T6G,1397,11502,,6474,,5327,
2021,T6H,2021A0011T6H,1398,27878,,13289,,11957,
2021,T6J,2021A0011T6J,1399,45386,,19657,,18432,
2021,T6K,2021A0011T6K,1400,28047,,10871,,10236,
2021,T6L,2021A0011T6L,1401,49215,,18756,,17867,
2021,T6M,2021A0011T6M,1402,33889,,12285,,11830,
2021,T6N,2021A0011T6N,1403,28,,12,,12,
2021,T6P,2021A0011T6P,1404,1806,,867,,825,
2021,T6R,2021A0011T6R,1405,45153,,16866,,16139,
2021,T6S,2021A0011T6S,1406,23,,6,,6,
2021,T6T,2021A0011T6T,1407,48823,,14583,,14087,
2021,T6V,2021A0011T6V,1408,23107,,7492,,7239,
2021,T6W,2021A0011T6W,1409,83496,,32278,,30347,
2021,T6X,2021A0011T6X,1410,50392,,17019,,16318,
2021,T6Y,2021A0011T6Y,1411,232,,102,,95,
2021,T7A,2021A0011T7A,1412,11412,,4934,,4488,
2021,T7E,2021A0011T7E,1413,13720,,6005,,5404,
2021,T7N,2021A0011T7N,1414,7176,,3107,,2922,
2021,T7P,2021A0011T7P,1415,7183,,3306,,2988,
2021,T7S,2021A0011T7S,1416,11873,,5044,,4579,
2021,T7V,2021A0011T7V,1417,10315,,4597,,4191,
2021,T7X,2021A0011T7X,1418,47506,,18350,,17732,
2021,T7Y,2021A0011T7Y,1419,17057,,6363,,6025,
2021,T7Z,2021A0011T7Z,1420,18929,,7870,,7505,
2021,T8A,2021A0011T8A,1421,42146,,16315,,15942,
2021,T8B,2021A0011T8B,1422,7075,,2654,,2557,
2021,T8C,2021A0011T8C,1423,4406,,1601,,1550,
2021,T8E,2021A0011T8E,1424,8247,,3046,,2955,
2021,T8G,2021A0011T8G,1425,4784,,1891,,1801,
2021,T8H,2021A0011T8H,1426,31062,,12161,,11827,
2021,T8L,2021A0011T8L,1427,29258,,11748,,11207,
2021,T8N,2021A0011T8N,1428,68213,,27014,,25933,
2021,T8R,2021A0011T8R,1429,15960,,6090,,5734,
2021,T8S,2021A0011T8S,1430,7930,,3397,,2989,
2021,T8T,2021A0011T8T,1431,7283,,2530,,2379,
2021,T8V,2021A0011T8V,1432,31632,,15108,,13294,
2021,T8W,2021A0011T8W,1433,21556,,8107,,7553,
2021,T8X,2021A0011T8X,1434,24187,,9164,,8548,
2021,T9A,2021A0011T9A,1435,15093,,6665,,6142,
2021,T9C,2021A0011T9C,1436,6656,,3177,,2866,
2021,T9E,2021A0011T9E,1437,34385,,13641,,13085,
2021,T9G,2021A0011T9G,1438,6969,,2788,,2668,
2021,T9H,2021A0011T9H,1439,26075,,11899,,9860,
2021,T9J,2021A0011T9J,1440,3776,,1680,,1378,
2021,T9K,2021A0011T9K,1441,40909,,16052,,14119,
2021,T9M,2021A0011T9M,1442,18238,,7706,,7000,
2021,T9N,2021A0011T9N,1443,9439,,4101,,3651,
2021,T9S,2021A0011T9S,1444,6360,,3330,,2629,
2021,T9V,2021A0011T9V,1445,20751,,8928,,8009,
2021,T9W,2021A0011T9W,1446,8091,,3463,,3208,
2021,T9X,2021A0011T9X,1447,5403,,2579,,2237,
2021,V0A,2021A0011V0A,1448,16077,,10472,,7111,
2021,V0B,2021A0011V0B,1449,36123,,20712,,15777,
2021,V0C,2021A0011V0C,1450,26463,,12878,,10529,
2021,V0E,2021A0011V0E,1451,72013,,39107,,30989,
2021,V0G,2021A0011V0G,1452,26940,,14266,,12332,
2021,V0H,2021A0011V0H,1453,58479,,32379,,26061,
2021,V0J,2021A0011V0J,1454,51918,,24434,,21122,
2021,V0K,2021A0011V0K,1455,33615,,19913,,15435,
2021,V0L,2021A0011V0L,1456,4849,,2729,,2035,
2021,V0M,2021A0011V0M,1457,12420,,5617,,4881,
2021,V0N,2021A0011V0N,1458,71423,,39578,,31745,
2021,V0P,2021A0011V0P,1459,7335,,4590,,3540,
2021,V0R,2021A0011V0R,1460,72310,,36491,,31182,
2021,V0S,2021A0011V0S,1461,366,,420,,176,
2021,V0T,2021A0011V0T,1462,9032,,4777,,3884,
2021,V0V,2021A0011V0V,1463,1894,,945,,685,
2021,V0W,2021A0011V0W,1464,503,,539,,289,
2021,V0X,2021A0011V0X,1465,22683,,11756,,9815,
2021,V1A,2021A0011V1A,1466,9024,,4706,,3991,
2021,V1B,2021A0011V1B,1467,23425,,9993,,8931,
2021,V1C,2021A0011V1C,1468,26195,,11418,,11013,
2021,V1E,2021A0011V1E,1469,21397,,9327,,8886,
2021,V1G,2021A0011V1G,1470,15116,,7308,,6399,
2021,V1H,2021A0011V1H,1471,14999,,8036,,6692,
2021,V1J,2021A0011V1J,1472,24491,,11169,,9913,
2021,V1K,2021A0011V1K,1473,9352,,4276,,3920,
2021,V1L,2021A0011V1L,1474,17641,,8639,,7855,
2021,V1M,2021A0011V1M,1475,31417,,11591,,11274,
2021,V1N,2021A0011V1N,1476,13357,,6009,,5663,
2021,V1P,2021A0011V1P,1477,9656,,3687,,3508,
2021,V1R,2021A0011V1R,1478,10295,,5083,,4800,
2021,V1S,2021A0011V1S,1479,13262,,5189,,5029,
2021,V1T,2021A0011V1T,1480,30436,,14529,,13854,
2021,V1V,2021A0011V1V,1481,26732,,12545,,11285,
2021,V1W,2021A0011V1W,1482,38374,,16616,,15663,
2021,V1X,2021A0011V1X,1483,35151,,14825,,14181,
2021,V1Y,2021A0011V1Y,1484,39050,,21289,,19337,
2021,V1Z,2021A0011V1Z,1485,16552,,7312,,6545,
2021,V2A,2021A0011V2A,1486,40489,,20112,,18931,
2021,V2B,2021A0011V2B,1487,41642,,17582,,16867,
2021,V2C,2021A0011V2C,1488,27038,,12668,,11938,
2021,V2E,2021A0011V2E,1489,15962,,6264,,6089,
2021,V2G,2021A0011V2G,1490,18200,,8371,,7755,
2021,V2H,2021A0011V2H,1491,7060,,3142,,2998,
2021,V2J,2021A0011V2J,1492,22680,,10650,,9954,
2021,V2K,2021A0011V2K,1493,21556,,8977,,8606,
2021,V2L,2021A0011V2L,1494,10101,,5216,,4660,
2021,V2M,2021A0011V2M,1495,23763,,10807,,10237,
2021,V2N,2021A0011V2N,1496,33870,,14062,,13198,
2021,V2P,2021A0011V2P,1497,39075,,16842,,16136,
2021,V2R,2021A0011V2R,1498,55505,,22496,,21373,
2021,V2S,2021A0011V2S,1499,52492,,21544,,20716,
2021,V2T,2021A0011V2T,1500,60078,,20545,,19541,
2021,V2V,2021A0011V2V,1501,36155,,13494,,12554,
2021,V2W,2021A0011V2W,1502,23673,,7807,,7528,
2021,V2X,2021A0011V2X,1503,50279,,20632,,19957,
2021,V2Y,2021A0011V2Y,1504,46971,,17430,,16466,
2021,V2Z,2021A0011V2Z,1505,16209,,6158,,5909,
2021,V3A,2021A0011V3A,1506,46299,,19798,,18921,
2021,V3B,2021A0011V3B,1507,61396,,24786,,23865,
2021,V3C,2021A0011V3C,1508,39448,,15336,,14815,
2021,V3E,2021A0011V3E,1509,42030,,14563,,13929,
2021,V3G,2021A0011V3G,1510,26939,,9296,,8914,
2021,V3H,2021A0011V3H,1511,37339,,14946,,14394,
2021,V3J,2021A0011V3J,1512,44558,,19122,,18228,
2021,V3K,2021A0011V3K,1513,31181,,12603,,11893,
2021,V3L,2021A0011V3L,1514,30988,,14760,,14222,
2021,V3M,2021A0011V3M,1515,47927,,22977,,21877,
2021,V3N,2021A0011V3N,1516,41405,,16270,,15563,
2021,V3R,2021A0011V3R,1517,61436,,21673,,20795,
2021,V3S,2021A0011V3S,1518,104997,,33851,,32316,
2021,V3T,2021A0011V3T,1519,45514,,19589,,18442,
2021,V3V,2021A0011V3V,1520,50873,,15385,,14438,
2021,V3W,2021A0011V3W,1521,95970,,29435,,28006,
2021,V3X,2021A0011V3X,1522,33054,,10041,,9511,
2021,V3Y,2021A0011V3Y,1523,19414,,7719,,7477,
2021,V3Z,2021A0011V3Z,1524,38837,,14521,,13772,
2021,V4A,2021A0011V4A,1525,38036,,16093,,15426,
2021,V4B,2021A0011V4B,1526,21828,,11417,,10675,
2021,V4C,2021A0011V4C,1527,48434,,15940,,15079,
2021,V4E,2021A0011V4E,1528,12280,,4065,,3927,
2021,V4G,2021A0011V4G,1529,72,,34,,30,
2021,V4K,2021A0011V4K,1530,25193,,10009,,9705,
2021,V4L,2021A0011V4L,1531,7874,,3666,,3508,
2021,V4M,2021A0011V4M,1532,16805,,7090,,6726,
2021,V4N,2021A0011V4N,1533,86011,,28973,,27608,
2021,V4P,2021A0011V4P,1534,13950,,5760,,5511,
2021,V4R,2021A0011V4R,1535,17038,,5817,,5622,
2021,V4S,2021A0011V4S,1536,7922,,2738,,2642,
2021,V4T,2021A0011V4T,1537,31700,,14223,,13332,
2021,V4V,2021A0011V4V,1538,17726,,7885,,7163,
2021,V4W,2021A0011V4W,1539,21246,,7646,,7290,
2021,V4X,2021A0011V4X,1540,14365,,4394,,4178,
2021,V4Z,2021A0011V4Z,1541,5777,,2013,,1885,
2021,V5A,2021A0011V5A,1542,25403,,10445,,9726,
2021,V5B,2021A0011V5B,1543,22577,,9000,,8543,
2021,V5C,2021A0011V5C,1544,37684,,17958,,16918,
2021,V5E,2021A0011V5E,1545,26843,,11097,,10620,
2021,V5G,2021A0011V5G,1546,20137,,7673,,7257,
2021,V5H,2021A0011V5H,1547,41948,,21163,,19649,
2021,V5J,2021A0011V5J,1548,23190,,8860,,8460,
2021,V5K,2021A0011V5K,1549,23431,,9735,,9106,
2021,V5L,2021A0011V5L,1550,19473,,10855,,10240,
2021,V5M,2021A0011V5M,1551,23412,,9364,,8778,
2021,V5N,2021A0011V5N,1552,35843,,16190,,15201,
2021,V5P,2021A0011V5P,1553,31624,,11935,,11042,
2021,V5R,2021A0011V5R,1554,48150,,19741,,18623,
2021,V5S,2021A0011V5S,1555,32940,,13449,,12729,
2021,V5T,2021A0011V5T,1556,26340,,15246,,14275,
2021,V5V,2021A0011V5V,1557,24288,,10201,,9487,
2021,V5W,2021A0011V5W,1558,20828,,8397,,7844,
2021,V5X,2021A0011V5X,1559,31095,,12047,,11055,
2021,V5Y,2021A0011V5Y,1560,19032,,9795,,9121,
2021,V5Z,2021A0011V5Z,1561,24957,,12787,,12074,
2021,V6A,2021A0011V6A,1562,21062,,11864,,10895,
2021,V6B,2021A0011V6B,1563,32375,,20528,,18552,
2021,V6C,2021A0011V6C,1564,2846,,1785,,1532,
2021,V6E,2021A0011V6E,1565,27482,,18597,,16964,
2021,V6G,2021A0011V6G,1566,28013,,19683,,17887,
2021,V6H,2021A0011V6H,1567,17742,,10555,,10007,
2021,V6J,2021A0011V6J,1568,23044,,13677,,12887,
2021,V6K,2021A0011V6K,1569,27146,,14837,,13979,
2021,V6L,2021A0011V6L,1570,10563,,4143,,3904,
2021,V6M,2021A0011V6M,1571,16421,,7720,,7234,
2021,V6N,2021A0011V6N,1572,14258,,5307,,4971,
2021,V6P,2021A0011V6P,1573,33079,,14848,,14083,
2021,V6R,2021A0011V6R,1574,19170,,9195,,8394,
2021,V6S,2021A0011V6S,1575,15711,,7315,,6365,
2021,V6T,2021A0011V6T,1576,12048,,5487,,4716,
2021,V6V,2021A0011V6V,1577,11096,,3729,,3553,
2021,V6W,2021A0011V6W,1578,2439,,1213,,1152,
2021,V6X,2021A0011V6X,1579,41321,,18510,,17406,
2021,V6Y,2021A0011V6Y,1580,49221,,21619,,20688,
2021,V6Z,2021A0011V6Z,1581,20683,,12943,,11800,
2021,V7A,2021A0011V7A,1582,26533,,9410,,9037,
2021,V7B,2021A0011V7B,1583,820,,315,,304,
2021,V7C,2021A0011V7C,1584,40708,,16025,,15153,
2021,V7E,2021A0011V7E,1585,37803,,14215,,13788,
2021,V7G,2021A0011V7G,1586,11851,,4874,,4696,
2021,V7H,2021A0011V7H,1587,12430,,4690,,4562,
2021,V7J,2021A0011V7J,1588,17865,,7341,,6964,
2021,V7K,2021A0011V7K,1589,12586,,4423,,4282,
2021,V7L,2021A0011V7L,1590,29248,,14524,,13485,
2021,V7M,2021A0011V7M,1591,23086,,12285,,11632,
2021,V7N,2021A0011V7N,1592,15150,,5796,,5567,
2021,V7P,2021A0011V7P,1593,13710,,6084,,5726,
2021,V7R,2021A0011V7R,1594,15585,,5610,,5380,
2021,V7S,2021A0011V7S,1595,11141,,4286,,4010,
2021,V7T,2021A0011V7T,1596,9891,,4439,,4099,
2021,V7V,2021A0011V7V,1597,15241,,7139,,6727,
2021,V7W,2021A0011V7W,1598,8698,,3508,,3276,
2021,V7Z,2021A0011V7Z,1599,203,,210,,97,
2021,V8A,2021A0011V8A,1600,19133,,9628,,8773,
2021,V8B,2021A0011V8B,1601,17677,,7687,,7061,
2021,V8C,2021A0011V8C,1602,8236,,4381,,3604,
2021,V8E,2021A0011V8E,1603,13788,,9507,,5474,
2021,V8G,2021A0011V8G,1604,19606,,8661,,8000,
2021,V8J,2021A0011V8J,1605,12344,,5793,,5101,
2021,V8K,2021A0011V8K,1606,11635,,6105,,5120,
2021,V8L,2021A0011V8L,1607,25107,,11912,,11203,
2021,V8M,2021A0011V8M,1608,16687,,7636,,7091,
2021,V8N,2021A0011V8N,1609,26049,,10384,,9861,
2021,V8P,2021A0011V8P,1610,18418,,8211,,7812,
2021,V8R,2021A0011V8R,1611,24074,,11470,,10979,
2021,V8S,2021A0011V8S,1612,17294,,8490,,8059,
2021,V8T,2021A0011V8T,1613,21343,,11040,,10383,
2021,V8V,2021A0011V8V,1614,28430,,18156,,16894,
2021,V8W,2021A0011V8W,1615,6459,,5125,,4127,
2021,V8X,2021A0011V8X,1616,24227,,11136,,10715,
2021,V8Y,2021A0011V8Y,1617,10134,,4234,,4087,
2021,V8Z,2021A0011V8Z,1618,32137,,13046,,12606,
2021,V9A,2021A0011V9A,1619,39759,,20739,,19752,
2021,V9B,2021A0011V9B,1620,53952,,23436,,22370,
2021,V9C,2021A0011V9C,1621,27886,,10895,,10469,
2021,V9E,2021A0011V9E,1622,5341,,2187,,2102,
2021,V9G,2021A0011V9G,1623,15885,,7150,,6746,
2021,V9H,2021A0011V9H,1624,10137,,4262,,4085,
2021,V9J,2021A0011V9J,1625,9385,,4087,,3825,
2021,V9K,2021A0011V9K,1626,16688,,8530,,7634,
2021,V9L,2021A0011V9L,1627,36520,,15935,,15138,
2021,V9M,2021A0011V9M,1628,18470,,8389,,8058,
2021,V9N,2021A0011V9N,1629,32956,,15374,,14849,
2021,V9P,2021A0011V9P,1630,27708,,13858,,13097,
2021,V9R,2021A0011V9R,1631,31992,,14937,,14039,
2021,V9S,2021A0011V9S,1632,17977,,8800,,8488,
2021,V9T,2021A0011V9T,1633,36952,,16015,,15399,
2021,V9V,2021A0011V9V,1634,11300,,4762,,4623,
2021,V9W,2021A0011V9W,1635,30783,,14293,,13655,
2021,V9X,2021A0011V9X,1636,11345,,4577,,4390,
2021,V9Y,2021A0011V9Y,1637,26445,,12975,,11971,
2021,V9Z,2021A0011V9Z,1638,20131,,8841,,8267,
2021,X0A,2021A0011X0A,1639,19355,,6573,,5530,
2021,X0B,2021A0011X0B,1640,6476,,1958,,1681,
2021,X0C,2021A0011X0C,1641,11027,,3189,,2715,
2021,X0E,2021A0011X0E,1642,19798,,9021,,7308,
2021,X0G,2021A0011X0G,1643,468,,209,,170,
2021,X1A,2021A0011X1A,1644,20804,,8373,,7729,
2021,Y0A,2021A0011Y0A,1645,1657,,1023,,770,
2021,Y0B,2021A0011Y0B,1646,7481,,5066,,3640,
2021,Y1A,2021A0011Y1A,1647,31094,,13521,,12771,


