csduid,name,fsa_count,population,households_renter,total_applications,landlord_filed,tenant_filed,coop_filed,total_applications_per_10k,landlord_filed_per_10k,tenant_filed_per_10k,total_applications_per_1k_renter,landlord_filed_per_1k_renter,tenant_filed_per_1k_renter
3552037,Point Grondine 3,0.51,5,61,3.0,2.5,0.5,0.0,6080.43,5066.85,1013.55,,,
3556091,"Cochrane, Unorganized, South West Part",0.04,5,35,1.1,1.0,0.1,0.0,2133.99,1976.13,154.7,,,
3548091,"Nipissing, Unorganized, South Part",0.36,102,643,13.3,9.0,4.3,0.0,1307.12,883.78,423.34,20.74,14.02,6.72
3554091,"Timiskaming, Unorganized, East Part",0.02,5,16,0.5,0.4,0.0,0.0,966.04,899.42,66.62,,,
3552093,"Sudbury, Unorganized, North Part",1.53,2902,7939,151.2,128.0,21.8,1.4,521.16,441.15,75.07,19.05,16.13,2.74
3557074,Garden River 14,0.37,1071,1664,55.4,48.0,5.9,1.5,516.88,448.41,54.78,33.26,28.85,3.52
3538025,Sarnia 45,0.12,648,757,26.2,21.5,4.6,0.1,404.14,331.17,71.1,34.59,28.34,6.08
3548094,"Nipissing, Unorganized, North Part",0.54,1591,2625,62.8,52.1,10.7,0.0,394.57,327.61,66.96,23.91,19.85,4.06
3549075,Henvey Inlet 2,0.1,15,13,0.4,0.4,0.0,0.0,273.78,273.67,0.11,,,
3551034,Cockburn Island,0.03,16,46,0.4,0.3,0.1,0.0,250.28,166.85,83.43,,,
3557066,Prince,0.15,975,701,23.3,20.2,2.5,0.6,239.0,207.34,25.32,33.26,28.85,3.52
3558090,"Thunder Bay, Unorganized",2.79,6221,5882,138.1,116.2,21.0,0.9,222.02,186.78,33.79,23.48,19.75,3.57
3557094,"Algoma, Unorganized, South East Part",0.01,5,12,0.1,0.1,0.0,0.0,207.71,138.47,69.24,,,
3556092,"Cochrane, Unorganized, North Part",1.5,2546,2824,48.3,41.4,6.9,0.0,189.73,162.71,27.01,17.11,14.67,2.43
3502001,East Hawkesbury,0.67,3418,1597,56.4,48.9,7.5,0.0,164.98,143.12,21.87,35.3,30.62,4.68
3515008,Hiawatha First Nation,0.03,341,180,5.4,4.7,0.7,0.0,158.43,136.42,21.29,30.07,25.89,4.04
3559064,Rainy Lake 26A,0.07,158,72,2.4,2.2,0.1,0.0,151.38,142.2,9.17,,,
3557095,"Algoma, Unorganized, North Part",2.24,6050,3451,87.1,72.5,13.7,1.0,143.94,119.79,22.56,25.24,21.0,3.96
3530004,North Dumfries,0.88,10619,4892,149.2,127.7,20.2,1.3,140.55,120.27,19.02,30.51,26.11,4.13
3543023,Oro-Medonte,1.7,23017,8210,318.7,265.6,52.2,0.9,138.46,115.4,22.69,38.82,32.35,6.36
3515005,Otonabee-South Monaghan,0.47,7087,3249,96.5,83.0,13.0,0.4,136.17,117.15,18.4,29.71,25.56,4.01
3523009,Guelph/Eramosa,1.25,13904,8314,186.9,155.3,26.4,5.2,134.42,111.7,19.0,22.48,18.68,3.18
3531013,Perth South,1.32,3776,2340,48.1,35.7,8.2,4.1,127.27,94.65,21.72,20.54,15.27,3.5
3560060,Northwest Angle 33B,0.04,52,68,0.6,0.6,0.0,0.0,119.52,119.52,0.0,,,
3559061,Rainy Lake 18C,0.04,125,44,1.4,1.4,0.1,0.0,115.85,108.82,7.02,,,
3507014,Elizabethtown-Kitley,0.73,9545,3071,105.6,91.0,14.0,0.6,110.63,95.38,14.68,34.39,29.65,4.56
3559090,"Rainy River, Unorganized",1.17,1423,596,15.7,14.2,1.5,0.0,110.59,100.11,10.48,26.39,23.89,2.5
3543069,Christian Island 30,0.21,679,249,7.3,6.6,0.6,0.0,107.16,97.71,9.46,29.18,26.61,2.58
3559011,Alberton,0.31,954,305,10.1,9.5,0.6,0.0,106.12,99.69,6.43,33.17,31.16,2.01
3526014,Wainfleet,0.74,6887,2116,71.5,56.5,14.8,0.1,103.76,82.08,21.49,33.78,26.72,7.0
3547098,"Head, Clara and Maria",0.11,267,215,2.6,2.3,0.3,0.0,98.95,86.58,12.37,12.31,10.77,1.54
3560065,Lake of the Woods 37,0.03,49,53,0.5,0.5,0.0,0.0,98.55,98.41,0.14,,,
3543019,Ramara,0.57,10377,2596,101.1,83.8,16.9,0.4,97.43,80.78,16.28,38.95,32.3,6.51
3560089,The Dalles 38C,0.11,180,180,1.6,1.6,0.0,0.0,91.64,91.64,0.0,9.15,9.15,0.0
3501005,South Glengarry,0.78,13330,4229,122.1,110.0,12.1,0.0,91.61,82.55,9.06,28.88,26.02,2.86
3507006,Augusta,0.46,7386,1957,67.6,58.3,8.9,0.4,91.47,78.89,12.09,34.52,29.77,4.56
3559063,Couchiching 16A,0.17,633,174,5.8,5.4,0.3,0.0,91.0,85.48,5.52,33.17,31.16,2.01
3539047,Adelaide-Metcalfe,0.62,3011,1367,26.6,23.7,2.9,0.0,88.5,78.74,9.76,19.5,17.35,2.15
3534024,Southwold,1.13,4851,1328,42.3,37.7,3.6,1.0,87.19,77.62,7.43,31.85,28.36,2.71
3554094,"Timiskaming, Unorganized, West Part",1.03,3210,1828,27.6,23.1,4.5,0.0,86.02,71.89,14.13,15.11,12.62,2.48
3532012,South-West Oxford,1.06,7583,2349,63.8,53.7,7.3,2.7,84.07,70.81,9.69,27.14,22.86,3.13
3519076,Chippewas of Georgina Island First Nation,0.03,231,49,1.9,1.5,0.4,0.0,82.58,63.86,18.23,,,
3548073,Nipissing 10,0.08,1640,555,13.5,11.5,2.0,0.0,82.47,70.1,12.37,24.38,20.73,3.66
3523001,Puslinch,0.87,7944,2411,62.6,46.4,15.4,0.8,78.85,58.41,19.42,25.98,19.24,6.4
3542047,Meaford,1.3,11485,3249,90.3,77.7,12.6,0.0,78.61,67.65,10.95,27.79,23.92,3.87
3532038,East Zorra-Tavistock,0.49,7841,2200,59.2,50.8,8.0,0.4,75.47,64.74,10.19,26.9,23.07,3.63
3509001,Montague,0.51,3914,1085,29.3,25.9,3.4,0.0,74.8,66.06,8.74,26.99,23.84,3.15
3538007,Dawn-Euphemia,0.16,1968,638,14.3,12.3,2.0,0.0,72.9,62.48,10.42,22.49,19.28,3.21
3549073,Parry Island First Nation,0.07,367,112,2.6,2.1,0.5,0.0,69.57,56.04,13.52,22.77,18.35,4.43
3526037,Thorold,1.24,23816,3337,159.9,137.0,22.8,0.2,67.13,57.51,9.56,47.91,41.04,6.82
3518013,Oshawa,5.0,175383,23832,1134.7,965.1,146.7,23.0,64.7,55.03,8.36,47.61,40.5,6.15
3522019,Melancthon,0.38,3132,337,20.2,17.1,3.1,0.0,64.47,54.71,9.75,59.91,50.84,9.06
3512048,Tudor and Cashel,0.06,740,232,4.7,3.9,0.8,0.0,63.36,53.13,10.23,20.25,16.98,3.27
3532002,Norwich,0.84,11151,2731,70.5,60.4,9.1,1.0,63.25,54.19,8.2,25.82,22.12,3.35
3552036,Killarney,0.03,397,94,2.5,1.9,0.6,0.0,62.5,47.88,14.06,,,
3531030,Perth East,1.37,12595,4094,77.7,71.7,5.5,0.6,61.7,56.91,4.35,18.98,17.51,1.34
3541056,Chief's Point No. 28,0.0,15,5,0.1,0.1,0.0,0.0,60.58,52.63,7.94,,,
3539033,Middlesex Centre,1.08,18928,4898,113.5,102.7,10.5,0.3,59.96,54.26,5.53,23.17,20.97,2.14
3542045,The Blue Mountains,0.72,9390,2335,55.8,46.1,9.8,0.0,59.46,49.07,10.39,23.91,19.74,4.18
3534020,Central Elgin,1.2,13746,2649,81.3,72.0,7.4,1.8,59.11,52.36,5.42,30.68,27.17,2.81
3547075,Laurentian Valley,0.87,9450,2938,55.6,45.2,10.4,0.0,58.84,47.81,11.03,18.93,15.38,3.55
3537001,Pelee,0.05,230,90,1.3,1.0,0.3,0.0,56.65,42.49,14.16,,,
3547043,Admaston/Bromley,0.55,2995,1018,16.8,13.1,3.7,0.0,56.13,43.65,12.49,16.51,12.84,3.67
3546018,Algonquin Highlands,0.19,2588,530,14.1,11.5,2.7,0.0,54.62,44.3,10.32,26.66,21.62,5.04
3542053,Georgian Bluffs,0.51,11100,2091,59.7,51.6,8.1,0.0,53.75,46.49,7.26,28.53,24.67,3.85
3537039,Windsor,12.03,229660,34824,1203.4,1038.1,161.3,4.0,52.4,45.2,7.02,34.56,29.81,4.63
3520005,Toronto,95.41,2794356,553056,14560.5,12443.9,1982.2,134.4,52.11,44.53,7.09,26.33,22.5,3.58
3526043,Niagara Falls,4.28,94415,12224,491.7,408.9,74.5,8.2,52.07,43.31,7.89,40.22,33.45,6.1
3522016,Mulmur,0.35,3571,309,18.5,15.7,2.8,0.0,51.7,43.89,7.81,59.84,50.81,9.04
3539036,London,14.5,422324,68852,2182.4,1895.5,257.9,28.9,51.68,44.88,6.11,31.7,27.53,3.75
3529005,Brant,2.29,39474,5046,200.2,167.1,33.1,0.0,50.71,42.34,8.37,39.67,33.12,6.55
3512051,Limerick,0.03,436,109,2.2,1.9,0.4,0.0,50.65,42.52,8.13,20.17,16.94,3.24
3510010,Kingston,4.01,132485,25146,666.7,584.0,81.6,1.0,50.32,44.08,6.16,26.51,23.23,3.25
3548069,Temagami,0.12,862,208,4.3,2.9,1.4,0.0,49.95,33.75,16.19,20.72,14.0,6.72
3554068,Kirkland Lake,1.01,7750,1348,37.4,36.4,1.0,0.0,48.27,46.94,1.33,27.74,26.98,0.76
3544027,Lake of Bays,0.61,3759,758,18.0,15.3,2.7,0.0,47.84,40.66,7.18,23.72,20.16,3.56
3510045,North Frontenac,0.23,2285,414,10.9,9.1,1.8,0.0,47.6,39.67,7.93,26.28,21.9,4.38
3544065,Georgian Bay,0.31,3441,464,16.2,12.3,3.8,0.0,46.94,35.83,11.11,34.81,26.57,8.24
3560090,"Kenora, Unorganized",3.77,7475,2121,35.0,20.2,14.8,0.0,46.88,27.05,19.83,16.52,9.53,6.99
3511035,Addington Highlands,0.24,2534,446,11.7,9.8,2.0,0.0,46.22,38.51,7.71,26.29,21.91,4.38
3530035,Woolwich,1.97,26999,4930,124.4,95.5,28.9,0.0,46.08,35.37,10.7,25.23,19.37,5.86
3502010,Champlain,0.5,8665,1156,39.7,34.3,5.4,0.0,45.85,39.62,6.23,34.37,29.7,4.67
3525005,Hamilton,21.7,569353,77616,2608.3,2205.2,389.6,13.5,45.81,38.73,6.84,33.61,28.41,5.02
3522001,East Garafraxa,0.24,2794,773,12.7,7.7,3.4,1.7,45.54,27.5,12.03,16.46,9.94,4.35
3512030,Tweed,0.17,6067,1142,27.5,21.8,5.7,0.0,45.4,35.98,9.42,24.13,19.12,5.01
3514019,Hamilton,0.75,11059,2320,49.9,41.2,8.7,0.0,45.09,37.25,7.83,21.49,17.75,3.73
3551094,"Manitoulin, Unorganized, West Part",0.08,219,111,1.0,0.7,0.3,0.0,44.58,29.72,14.86,8.79,5.86,2.93
3522008,Amaranth,0.36,4327,858,19.0,13.1,4.3,1.6,43.93,30.33,9.85,22.15,15.29,4.96
3515023,Douro-Dummer,0.26,7632,1217,33.5,28.5,4.8,0.1,43.9,37.4,6.34,27.53,23.46,3.97
3530013,Kitchener,10.22,256885,39931,1122.9,957.3,157.5,8.1,43.71,37.27,6.13,28.12,23.97,3.94
3538031,Point Edward,0.26,1930,425,8.4,6.8,1.6,0.0,43.57,35.08,8.43,19.79,15.93,3.83
3519049,King,1.77,27333,3923,118.1,93.1,24.4,0.6,43.19,34.07,8.92,30.1,23.74,6.21
3543050,Chippewas of Rama First Nation,0.02,998,109,4.3,3.6,0.7,0.0,43.04,36.0,6.87,39.37,32.93,6.28
3512065,Carlow/Mayo,0.05,953,203,4.1,3.4,0.7,0.0,42.85,35.98,6.88,20.16,16.92,3.23
3509024,Beckwith,0.78,9021,1461,38.6,34.7,3.9,0.0,42.75,38.43,4.32,26.39,23.73,2.67
3549095,"Parry Sound, Unorganized, North East Part",0.04,179,43,0.8,0.7,0.1,0.0,42.03,37.33,4.7,,,
3543015,Severn,0.92,14576,1542,60.8,50.9,9.7,0.2,41.7,34.9,6.65,39.43,33.0,6.28
3538030,Sarnia,3.6,72047,9008,299.8,240.6,58.3,0.9,41.61,33.4,8.09,33.28,26.71,6.47
3526032,Welland,1.44,55750,5482,230.7,195.9,34.3,0.5,41.38,35.15,6.15,42.08,35.74,6.25
3512005,Belleville,1.48,55071,6786,226.3,188.7,36.7,0.9,41.09,34.26,6.67,33.35,27.8,5.41
3556027,Timmins,4.0,41145,5921,168.9,142.9,22.0,4.0,41.04,34.73,5.34,28.52,24.13,3.71
3542004,West Grey,1.21,13131,1988,53.6,43.2,10.4,0.0,40.79,32.91,7.89,26.94,21.73,5.21
3526057,Lincoln,0.56,25719,3018,104.3,91.4,12.5,0.4,40.56,35.52,4.88,34.56,30.26,4.15
3554056,Matachewan,0.04,268,36,1.1,1.0,0.1,0.0,40.35,37.56,2.79,,,
3549003,Seguin,0.68,5280,925,20.6,16.6,4.0,0.0,39.0,31.46,7.54,22.26,17.95,4.3
3526053,St. Catharines,6.56,136803,18355,532.6,438.0,83.0,11.5,38.93,32.02,6.07,29.01,23.87,4.52
3556098,"Cochrane, Unorganized, South East Part",0.0,25,3,0.1,0.1,0.0,0.0,38.54,35.88,2.66,,,
3549039,Whitestone,0.23,1075,239,4.1,3.7,0.5,0.0,38.39,34.13,4.26,17.3,15.38,1.92
3509015,Tay Valley,0.66,5925,1149,22.6,19.9,2.7,0.0,38.11,33.63,4.48,19.64,17.34,2.31
3512015,Quinte West,2.33,46560,5637,176.6,148.7,27.4,0.6,37.93,31.93,5.88,31.33,26.37,4.85
3549031,McDougall,0.29,2744,456,10.4,8.4,2.0,0.0,37.84,30.48,7.36,22.78,18.35,4.43
3538015,Brooke-Alvinston,0.2,2359,486,8.9,7.1,1.8,0.0,37.75,30.22,7.53,18.32,14.66,3.66
3540063,Ashfield-Colborne-Wawanosh,0.84,5884,1568,22.1,16.9,5.2,0.0,37.55,28.76,8.79,14.09,10.79,3.3
3506008,Ottawa,40.49,1017449,146750,3791.6,3161.9,602.8,26.9,37.27,31.08,5.92,25.84,21.55,4.11
3548055,West Nipissing / Nipissing Ouest,1.22,14583,2694,53.1,44.1,9.0,0.0,36.43,30.27,6.16,19.72,16.38,3.33
3543064,Wasaga Beach,1.0,24862,1570,90.0,77.0,13.0,0.0,36.2,30.97,5.23,57.32,49.04,8.28
3509010,Drummond/North Elmsley,0.7,8183,1265,28.9,25.8,3.2,0.0,35.37,31.49,3.87,22.87,20.37,2.5
3512036,Madoc,0.05,2233,326,7.9,6.2,1.6,0.0,35.25,27.93,7.32,24.13,19.12,5.01
3547003,McNab/Braeside,0.84,7591,1610,26.7,22.1,4.7,0.0,35.24,29.08,6.15,16.61,13.71,2.9
3560057,Wabigoon Lake 27,0.04,175,46,0.6,0.4,0.2,0.0,34.84,24.89,9.95,,,
3530016,Waterloo,3.95,121436,14899,422.5,297.2,123.4,1.9,34.79,24.47,10.17,28.36,19.94,8.29
3538016,Enniskillen,0.21,2825,529,9.7,7.8,1.9,0.0,34.31,27.47,6.84,18.33,14.68,3.66
3536020,Chatham-Kent,3.07,103988,10757,352.5,309.0,40.5,3.0,33.9,29.71,3.89,32.77,28.72,3.76
3532027,Zorra,0.63,8628,1145,28.9,23.3,4.1,1.5,33.54,27.01,4.75,25.28,20.35,3.58
3541069,Northern Bruce Peninsula,0.24,4404,811,14.8,12.8,1.9,0.0,33.5,29.1,4.39,18.18,15.8,2.38
3543042,Barrie,2.23,147829,12595,485.7,394.1,83.6,8.0,32.86,26.66,5.66,38.57,31.29,6.64
3522010,Grand Valley,0.24,3851,765,12.6,7.6,3.3,1.7,32.74,19.78,8.64,16.48,9.96,4.35
3515015,Selwyn,0.85,18653,2251,60.7,50.5,10.0,0.2,32.55,27.07,5.34,26.97,22.43,4.43
3512054,Wollaston,0.03,721,114,2.3,1.9,0.4,0.0,31.81,26.71,5.11,20.17,16.94,3.24
3557041,Elliot Lake,1.0,11372,2290,36.0,32.0,4.0,0.0,31.66,28.14,3.52,15.72,13.97,1.75
3529006,Brantford,4.14,104688,10355,326.1,299.4,23.6,3.0,31.15,28.6,2.26,31.49,28.92,2.28
3501012,Cornwall,2.23,47845,5789,148.1,133.0,15.1,0.0,30.95,27.79,3.16,25.58,22.97,2.61
3509039,Lanark Highlands,0.38,5737,899,17.7,16.0,1.7,0.0,30.77,27.89,2.88,19.63,17.79,1.84
3553005,Greater Sudbury / Grand Sudbury,7.62,166004,16548,509.5,415.2,83.2,11.1,30.69,25.01,5.01,30.79,25.09,5.03
3548001,South Algonquin,0.13,1055,257,3.2,2.8,0.4,0.0,29.99,26.24,3.75,12.32,10.78,1.54
3511030,Stone Mills,0.21,7826,982,23.4,18.9,4.5,0.0,29.92,24.2,5.72,23.84,19.28,4.56
3521005,Mississauga,19.87,717961,71912,2140.1,1832.4,280.9,26.9,29.81,25.52,3.91,29.76,25.48,3.91
3507021,Leeds and the Thousand Islands,0.96,9804,1372,28.8,25.0,3.7,0.0,29.35,25.52,3.82,20.96,18.23,2.73
3515037,North Kawartha,0.1,2877,417,8.4,7.1,1.3,0.0,29.22,24.53,4.69,20.17,16.94,3.24
3549096,"Parry Sound, Unorganized, Centre Part",0.51,2495,337,7.0,5.5,1.5,0.0,28.17,22.17,6.0,20.87,16.43,4.44
3557061,Sault Ste. Marie,2.3,72051,7244,198.9,175.8,17.9,5.2,27.61,24.4,2.48,27.46,24.27,2.47
3547008,Greater Madawaska,0.29,2864,545,7.9,6.5,1.4,0.0,27.61,22.56,5.05,14.5,11.85,2.65
3515014,Peterborough,2.42,83651,8078,227.6,195.6,31.9,0.1,27.21,23.39,3.81,28.18,24.22,3.95
3546024,Dysart et al,0.26,7182,761,19.5,15.9,3.6,0.0,27.19,22.14,5.05,25.66,20.89,4.76
3549051,Joly,0.04,293,46,0.8,0.7,0.1,0.0,26.91,23.92,2.99,,,
3514024,Alnwick/Haldimand,0.21,7473,879,20.1,16.2,3.8,0.0,26.84,21.69,5.14,22.82,18.45,4.37
3534010,Malahide,0.95,9308,1286,24.9,22.4,0.8,1.8,26.79,24.07,0.83,19.4,17.43,0.6
3514020,Port Hope,1.12,17294,1602,46.1,32.9,13.2,0.0,26.65,19.01,7.64,28.77,20.53,8.25
3526011,Port Colborne,0.68,20033,1677,52.9,41.7,11.2,0.0,26.42,20.82,5.6,31.56,24.87,6.69
3540050,Morris-Turnberry,0.07,3590,442,9.4,8.1,1.3,0.0,26.29,22.56,3.73,21.33,18.3,3.03
3548044,North Bay,1.44,52662,5792,138.4,119.7,17.7,1.0,26.28,22.73,3.37,23.9,20.66,3.06
3519070,Georgina,1.61,47642,3037,121.7,89.3,30.4,2.0,25.55,18.75,6.39,40.08,29.41,10.02
3543003,Adjala-Tosorontio,1.25,10989,1326,28.0,23.8,4.1,0.2,25.45,21.62,3.69,21.1,17.92,3.06
3543071,Tay,0.42,11091,1072,27.8,22.7,4.4,0.7,25.07,20.48,3.93,25.94,21.19,4.06
3549018,Kearney,0.13,974,137,2.4,2.2,0.3,0.0,24.95,22.1,2.85,17.76,15.73,2.03
3556066,Kapuskasing,1.0,8057,1275,20.0,17.0,3.0,0.0,24.82,21.1,3.72,15.69,13.33,2.35
3548019,Mattawan,0.01,153,18,0.4,0.3,0.1,0.0,24.8,16.76,8.04,,,
3521010,Brampton,9.96,656480,39813,1611.3,1392.0,209.3,10.0,24.54,21.2,3.19,40.47,34.96,5.26
3513020,Prince Edward County,0.44,25704,2201,63.1,50.5,12.1,0.5,24.54,19.65,4.69,28.66,22.95,5.48
3541024,Kincardine,0.92,12268,1211,29.8,25.3,4.5,0.0,24.28,20.62,3.66,24.59,20.88,3.71
3539041,North Middlesex,0.17,6307,847,15.3,13.3,2.0,0.0,24.24,21.08,3.16,18.06,15.7,2.36
3512076,Hastings Highlands,0.13,4385,523,10.5,8.9,1.7,0.0,24.05,20.19,3.86,20.18,16.94,3.24
3542015,Grey Highlands,0.93,10424,821,25.0,20.7,4.3,0.0,23.97,19.83,4.14,30.44,25.18,5.26
3547046,Horton,0.24,3182,452,7.6,5.9,1.7,0.0,23.75,18.39,5.36,16.71,12.94,3.77
3549078,Magnetewan 1,0.06,102,8,0.2,0.2,0.0,0.0,23.53,23.53,0.0,,,
3518001,Pickering,4.96,99186,4964,229.3,193.2,33.8,2.2,23.12,19.48,3.41,46.19,38.93,6.81
3511005,Loyalist,1.24,17943,1271,41.5,36.3,5.2,0.0,23.12,20.25,2.87,32.66,28.6,4.06
3543068,Tiny,0.81,12966,1004,29.8,26.0,3.9,0.0,23.02,20.01,3.01,29.72,25.84,3.88
3560066,Kenora 38B,0.06,402,100,0.9,0.9,0.0,0.0,22.66,22.66,0.0,,,
3519038,Richmond Hill,3.95,202022,15014,454.2,351.6,97.6,5.0,22.48,17.4,4.83,30.25,23.42,6.5
3558028,Shuniah,0.09,3247,387,7.3,5.7,1.5,0.1,22.43,17.53,4.61,18.83,14.72,3.87
3554032,Brethour,0.01,105,18,0.2,0.2,0.0,0.0,21.99,17.76,4.23,,,
3515013,Cavan Monaghan,0.54,10016,726,22.0,18.7,3.2,0.1,21.92,18.64,3.21,30.22,25.7,4.42
3507040,Rideau Lakes,0.46,10883,990,23.8,20.9,2.8,0.0,21.85,19.25,2.6,24.03,21.17,2.86
3516010,Kawartha Lakes,2.06,79247,5070,173.0,137.3,35.7,0.0,21.83,17.32,4.5,34.12,27.08,7.04
3522012,Mono,0.38,9421,909,20.2,14.0,4.5,1.7,21.48,14.86,4.8,22.28,15.41,4.98
3547070,North Algona Wilberforce,0.13,3111,382,6.6,5.4,1.2,0.0,21.21,17.48,3.73,17.25,14.22,3.03
3537003,Leamington,1.03,29680,3300,62.2,53.7,5.5,3.0,20.95,18.1,1.84,18.84,16.28,1.66
3501042,North Stormont,0.2,7400,827,15.5,13.0,2.5,0.0,20.94,17.53,3.41,18.74,15.69,3.05
3538043,Warwick,0.11,3641,420,7.6,6.5,1.1,0.0,20.89,17.74,3.15,18.13,15.39,2.74
3518009,Whitby,4.1,138501,8402,289.1,232.4,49.7,7.0,20.88,16.78,3.59,34.41,27.66,5.91
3546005,Highlands East,0.1,3830,365,8.0,6.6,1.4,0.0,20.84,17.31,3.53,21.86,18.15,3.71
3541004,South Bruce,0.09,5880,573,12.2,10.5,1.7,0.0,20.8,17.85,2.95,21.33,18.31,3.03
3543017,Innisfil,1.14,43326,1929,90.0,70.0,19.9,0.0,20.76,16.17,4.59,46.63,36.31,10.32
3558004,Thunder Bay,3.43,108843,11329,224.4,200.0,24.4,0.0,20.62,18.38,2.24,19.81,17.66,2.15
3511015,Greater Napanee,0.76,16879,1532,34.5,30.8,3.7,0.0,20.45,18.24,2.21,22.53,20.09,2.44
3543005,Clearview,0.81,14814,1961,30.3,24.8,5.5,0.0,20.44,16.74,3.7,15.44,12.65,2.8
3524002,Burlington,6.89,186948,17969,380.2,317.2,49.3,13.6,20.34,16.97,2.64,21.16,17.65,2.75
3507017,Front of Yonge,0.06,2595,163,5.2,4.3,0.9,0.0,20.2,16.59,3.61,32.12,26.39,5.74
3541060,Neyaashiinigmiing 27,0.02,580,64,1.2,1.0,0.2,0.0,20.06,17.43,2.63,,,
3524001,Oakville,4.93,213759,16370,427.6,347.1,79.6,1.0,20.01,16.24,3.72,26.12,21.2,4.86
3519054,East Gwillimbury,1.28,34637,1825,69.1,60.3,8.9,0.0,19.96,17.4,2.57,37.89,33.01,4.87
3512046,Marmora and Lake,0.08,4267,387,8.5,6.9,1.6,0.0,19.89,16.24,3.65,21.92,17.9,4.02
3549028,McKellar,0.23,1419,114,2.8,2.4,0.4,0.0,19.75,16.87,2.88,24.56,20.98,3.58
3512001,Tyendinaga,0.06,4538,369,8.9,7.1,1.8,0.0,19.59,15.54,4.05,24.12,19.13,4.99
3509030,Mississippi Mills,0.36,14740,1196,28.8,25.5,3.3,0.0,19.55,17.33,2.22,24.09,21.36,2.73
3510005,Frontenac Islands,0.26,1930,286,3.8,3.6,0.2,0.0,19.5,18.52,0.97,13.16,12.5,0.66
3552026,Espanola,1.0,5185,560,10.0,8.0,2.0,0.0,19.29,15.43,3.86,17.86,14.29,3.57
3507042,Athens,0.07,3042,182,5.9,4.8,1.0,0.0,19.24,15.8,3.43,32.13,26.39,5.74
3501050,North Glengarry,0.35,10144,1000,19.4,15.9,3.5,0.0,19.17,15.71,3.46,19.45,15.94,3.51
3544002,Gravenhurst,1.28,13157,1024,24.8,16.9,6.1,1.8,18.85,12.86,4.66,24.22,16.51,5.99
3542005,Southgate,0.27,8716,627,16.4,13.9,2.5,0.0,18.84,15.93,2.91,26.18,22.13,4.05
3526003,Fort Erie,1.18,32901,2491,61.7,49.6,11.1,1.0,18.74,15.08,3.37,24.75,19.91,4.45
3510035,Central Frontenac,0.19,4892,343,9.0,7.5,1.5,0.0,18.46,15.38,3.08,26.3,21.91,4.38
3518039,Brock,0.75,12567,603,23.0,17.5,5.5,0.0,18.29,13.93,4.35,38.1,29.03,9.07
3524015,Halton Hills,2.18,62951,5581,115.0,77.6,34.3,3.0,18.27,12.33,5.45,20.6,13.91,6.15
3540040,Huron East,0.54,9512,1134,17.2,15.0,2.2,0.0,18.13,15.79,2.34,15.2,13.25,1.96
3518022,Mississaugas of Scugog Island,0.01,125,9,0.2,0.2,0.0,0.0,17.97,14.06,2.34,,,
3523025,Centre Wellington,1.16,31093,2355,55.8,49.5,6.3,0.0,17.94,15.92,2.01,23.69,21.02,2.66
3538003,St. Clair,0.55,14659,1192,26.1,22.3,3.8,0.0,17.84,15.22,2.62,21.94,18.72,3.23
3540046,Howick,0.05,4045,338,7.2,6.2,1.0,0.0,17.81,15.28,2.53,21.33,18.3,3.03
3502025,The Nation / La Nation,0.35,13350,1050,23.7,20.0,3.7,0.0,17.73,14.95,2.78,22.54,19.0,3.54
3518005,Ajax,3.0,126666,6449,221.0,170.4,50.6,0.0,17.45,13.46,3.99,34.27,26.43,7.84
3541015,Huron-Kinloss,0.2,7723,604,13.5,11.5,2.0,0.0,17.45,14.92,2.53,22.32,19.08,3.23
3540025,Central Huron,0.31,7799,858,13.6,11.2,2.4,0.0,17.38,14.35,3.02,15.79,13.04,2.75
3543014,Bradford West Gwillimbury,1.07,42880,2267,74.3,59.1,15.2,0.0,17.34,13.78,3.56,32.8,26.07,6.73
3518017,Clarington,3.59,101427,5081,174.3,135.7,35.6,3.0,17.18,13.38,3.51,34.31,26.71,7.01
3530010,Cambridge,5.2,138479,8709,237.4,199.3,36.9,1.2,17.14,14.39,2.67,27.26,22.89,4.24
3502036,Clarence-Rockland,1.08,26505,1883,45.0,35.8,9.2,0.0,16.99,13.51,3.49,23.92,19.01,4.91
3507004,Edwardsburgh/Cardinal,0.15,7505,395,12.7,10.4,2.3,0.0,16.91,13.89,3.02,32.12,26.39,5.74
3539018,Munsee-Delaware Nation 1,0.01,129,13,0.2,0.2,0.1,0.0,16.23,11.87,4.35,,,
3546015,Minden Hills,0.15,6971,423,11.2,9.1,2.1,0.0,16.13,13.08,3.05,26.61,21.58,5.03
3501020,South Dundas,0.23,11044,753,17.8,14.7,3.1,0.0,16.09,13.27,2.82,23.59,19.45,4.14
3542037,Chatsworth,0.17,7080,610,11.3,9.8,1.5,0.0,16.01,13.88,2.13,18.59,16.13,2.47
3512020,Stirling-Rawdon,0.05,5015,332,8.0,6.4,1.7,0.0,15.98,12.67,3.32,24.13,19.12,5.01
3526021,West Lincoln,0.41,15454,1372,24.7,16.5,8.1,0.0,15.96,10.69,5.27,17.98,12.04,5.94
3515044,Trent Lakes,0.13,6439,467,10.1,8.4,1.7,0.0,15.67,13.03,2.64,21.62,17.98,3.64
3501030,North Dundas,0.22,11304,721,17.7,14.7,3.0,0.0,15.64,12.98,2.66,24.52,20.36,4.17
3547020,"Brudenell, Lyndoch and Raglan",0.1,1552,196,2.4,2.1,0.3,0.0,15.55,13.61,1.95,12.32,10.78,1.54
3519028,Vaughan,7.02,323103,14705,496.5,399.2,97.3,0.0,15.37,12.35,3.01,33.76,27.14,6.62
3544018,Bracebridge,0.9,17305,1353,26.0,22.4,3.6,0.0,15.01,12.94,2.07,19.21,16.56,2.65
3537028,Amherstburg,1.05,23524,1381,35.1,28.8,4.3,2.0,14.92,12.24,1.83,25.41,20.85,3.13
3541032,Brockton,0.1,9784,671,14.3,12.3,2.0,0.0,14.65,12.57,2.08,21.35,18.32,3.04
3523008,Guelph,3.72,143740,10450,209.7,155.7,48.9,5.1,14.59,10.83,3.4,20.06,14.9,4.68
3519048,Newmarket,1.42,87942,4350,127.9,106.7,20.8,0.4,14.54,12.13,2.36,29.4,24.52,4.78
3512058,Faraday,0.03,1612,115,2.3,1.9,0.4,0.0,14.38,12.07,2.31,20.17,16.94,3.24
3539005,Southwest Middlesex,0.21,5893,510,8.4,6.2,2.3,0.0,14.27,10.45,3.83,16.5,12.08,4.42
3519046,Aurora,1.0,62057,4040,88.2,64.1,19.1,5.0,14.21,10.33,3.07,21.82,15.87,4.72
3539027,Thames Centre,0.65,13980,763,19.7,16.2,3.5,0.1,14.12,11.6,2.48,25.87,21.25,4.54
3534030,Dutton/Dunwich,0.14,4152,354,5.8,4.3,1.6,0.0,14.08,10.3,3.78,16.5,12.07,4.42
3537016,Essex,0.98,21216,1057,29.6,25.2,4.4,0.0,13.96,11.88,2.08,28.01,23.83,4.18
3523033,Mapleton,0.15,10839,732,15.1,12.6,2.5,0.0,13.89,11.6,2.29,20.56,17.17,3.39
3541043,Arran-Elderslie,0.12,6913,496,9.6,8.3,1.3,0.0,13.89,12.01,1.88,19.35,16.73,2.62
3540010,Bluewater,0.11,7540,579,10.5,9.1,1.4,0.0,13.87,12.06,1.81,18.06,15.7,2.36
3518020,Scugog,1.56,21581,1138,29.5,22.6,4.9,2.0,13.67,10.48,2.28,25.92,19.86,4.33
3512026,Centre Hastings,0.04,4801,271,6.5,5.2,1.4,0.0,13.62,10.79,2.83,24.13,19.12,5.01
3528018,Haldimand County,2.49,49216,2927,66.9,59.6,7.2,0.0,13.59,12.12,1.47,22.84,20.37,2.47
3528052,Norfolk County,3.01,67490,5045,91.5,74.6,16.4,0.5,13.55,11.05,2.43,18.13,14.78,3.25
3523017,Erin,0.87,11981,710,16.2,12.1,4.1,0.0,13.51,10.06,3.45,22.81,16.98,5.83
3554006,Latchford,0.02,355,36,0.5,0.4,0.1,0.0,13.46,10.87,2.59,,,
3551028,Burpee and Mills,0.04,382,58,0.5,0.3,0.2,0.0,13.43,8.95,4.48,,,
3502023,Alfred and Plantagenet,0.33,9949,582,13.2,10.6,2.6,0.0,13.27,10.64,2.63,22.68,18.18,4.5
3532045,Blandford-Blenheim,0.27,7565,476,10.0,7.3,2.7,0.0,13.22,9.7,3.51,21.0,15.4,5.57
3549043,Magnetawan,0.13,1753,133,2.3,2.1,0.3,0.0,13.18,11.7,1.49,17.39,15.43,1.96
3549012,McMurrich/Monteith,0.07,907,68,1.2,1.0,0.1,0.0,13.0,11.55,1.45,,,
3519044,Whitchurch-Stouffville,0.99,49864,2034,64.6,44.6,20.0,0.1,12.95,8.94,4.0,31.76,21.91,9.82
3558074,Sand Point First Nation,0.0,5,0,0.0,0.0,0.0,0.0,12.82,12.21,0.61,,,
3544053,Muskoka Lakes,1.07,7652,582,9.6,7.4,1.9,0.2,12.51,9.7,2.49,16.44,12.75,3.27
3534042,West Elgin,0.15,5060,383,6.3,4.6,1.7,0.0,12.5,9.15,3.35,16.51,12.08,4.42
3543074,Midland,0.33,17817,880,22.1,18.2,3.3,0.6,12.42,10.23,1.83,25.15,20.71,3.7
3519036,Markham,8.01,338503,20283,419.2,316.2,103.0,0.0,12.38,9.34,3.04,20.67,15.59,5.08
3543052,Orillia,0.17,33411,1040,41.0,34.4,6.5,0.2,12.28,10.28,1.94,39.44,33.03,6.25
3537013,Kingsville,1.29,22119,1385,27.0,25.4,1.6,0.0,12.21,11.49,0.71,19.5,18.36,1.14
3554034,Hilliard,0.01,215,20,0.3,0.2,0.1,0.0,12.11,9.78,2.33,,,
3549077,Dokis 9,0.0,201,9,0.2,0.2,0.1,0.0,11.94,9.14,2.69,,,
3536029,Moravian 47,0.0,328,17,0.4,0.3,0.1,0.0,11.86,10.16,1.69,,,
3531040,North Perth,0.55,15538,1120,18.4,15.5,2.9,0.0,11.83,9.96,1.87,16.42,13.82,2.6
3543009,Springwater,1.27,21701,815,25.6,20.7,5.0,0.0,11.81,9.52,2.28,31.43,25.34,6.07
3521024,Caledon,3.0,76581,2534,90.2,72.2,18.1,0.0,11.78,9.43,2.36,35.61,28.48,7.12
3526065,Grimsby,1.0,28883,1955,34.0,23.0,11.0,0.0,11.77,7.96,3.81,17.39,11.76,5.63
3544042,Huntsville,0.81,21147,1019,24.7,21.0,3.8,0.0,11.69,9.91,1.78,24.25,20.56,3.69
3515030,Havelock-Belmont-Methuen,0.07,5083,293,5.9,5.0,1.0,0.0,11.65,9.78,1.87,20.18,16.94,3.24
3530020,Wilmot,0.84,21429,940,24.9,21.9,3.1,0.0,11.64,10.2,1.44,26.53,23.24,3.29
3534021,St. Thomas,0.79,42840,2554,49.1,41.9,7.1,0.1,11.46,9.77,1.66,19.22,16.39,2.78
3538035,Plympton-Wyoming,0.2,8308,509,9.5,7.6,1.9,0.0,11.38,9.11,2.27,18.58,14.87,3.7
3554066,Gauthier,0.01,151,6,0.2,0.2,0.0,0.0,11.2,10.43,0.77,,,
3554057,Matachewan 72,0.0,66,2,0.1,0.1,0.0,0.0,11.13,10.37,0.77,,,
3541055,South Bruce Peninsula,0.17,9137,559,10.2,8.8,1.3,0.0,11.12,9.67,1.46,18.18,15.8,2.38
3532042,Woodstock,2.07,46705,2482,51.4,42.8,7.5,1.1,11.0,9.17,1.6,20.69,17.24,3.01
3554001,Coleman,0.02,517,43,0.6,0.5,0.1,0.0,10.99,8.88,2.11,,,
3552051,Whitefish Lake 6,0.01,412,18,0.5,0.3,0.1,0.0,10.98,8.4,2.49,,,
3501011,South Stormont,0.26,13570,796,14.8,12.4,2.4,0.0,10.87,9.13,1.75,18.53,15.56,2.97
3534005,Bayham,0.24,7096,375,7.7,6.1,1.5,0.2,10.85,8.53,2.07,20.51,16.12,3.91
3518029,Uxbridge,1.51,21556,1615,23.2,18.4,4.8,0.0,10.77,8.56,2.21,14.37,11.42,2.95
3548013,Papineau-Cameron,0.03,982,51,1.1,0.7,0.3,0.0,10.75,7.26,3.48,,,
3523050,Wellington North,0.09,12431,626,13.4,11.5,1.9,0.0,10.74,9.22,1.52,21.33,18.31,3.03
3549024,Ryerson,0.04,745,46,0.8,0.7,0.1,0.0,10.6,9.42,1.18,,,
3551027,Gordon/Barrie Island,0.05,613,74,0.6,0.4,0.2,0.0,10.6,7.06,3.53,,,
3502008,Hawkesbury,0.11,10194,279,10.5,9.2,1.3,0.0,10.29,9.0,1.29,37.63,32.92,4.71
3560034,Sioux Lookout,1.0,5839,745,6.0,4.0,2.0,0.0,10.28,6.85,3.43,8.06,5.37,2.68
3540005,South Huron,0.14,10063,593,10.3,9.0,1.3,0.0,10.19,8.92,1.26,17.3,15.16,2.15
3526028,Pelham,0.21,18192,665,18.5,14.1,4.4,0.0,10.17,7.77,2.4,27.85,21.28,6.57
3554054,Chamberlain,0.01,311,24,0.3,0.3,0.1,0.0,10.15,8.19,1.95,,,
3549072,Shawanaga 17,0.04,155,5,0.2,0.2,0.0,0.0,10.09,10.09,0.0,,,
3537048,Tecumseh,1.06,23300,856,23.3,17.3,1.9,4.1,10.02,7.42,0.82,27.26,20.19,2.23
3541057,Saugeen 29,0.01,784,42,0.8,0.7,0.1,0.0,9.67,8.41,1.27,,,
3526047,Niagara-on-the-Lake,0.21,19088,677,18.4,14.0,4.5,0.0,9.66,7.33,2.33,27.23,20.66,6.57
3529021,New Credit (Part) 40A,0.02,609,30,0.6,0.5,0.1,0.0,9.59,8.36,1.24,,,
3543021,Essa,0.62,22970,1183,21.6,16.8,4.9,0.0,9.42,7.3,2.12,18.29,14.18,4.11
3507052,Merrickville-Wolford,0.08,3135,158,2.9,2.7,0.2,0.0,9.27,8.51,0.76,18.45,16.94,1.51
3547076,Petawawa,1.02,18160,2380,16.6,13.3,3.3,0.0,9.16,7.34,1.82,6.99,5.6,1.39
3556033,Abitibi 70,0.0,156,5,0.1,0.1,0.0,0.0,9.15,8.52,0.63,,,
3512004,Tyendinaga Mohawk Territory,0.01,2535,92,2.3,1.8,0.5,0.0,9.06,7.19,1.85,,,
3531025,West Perth,0.39,9038,701,8.1,7.7,0.4,0.0,8.97,8.54,0.43,11.57,11.02,0.55
3537034,LaSalle,1.83,32721,927,29.2,24.6,4.7,0.0,8.94,7.51,1.42,31.53,26.51,5.02
3540055,North Huron,0.03,5052,212,4.5,3.9,0.6,0.0,8.88,7.63,1.26,21.2,18.2,3.0
3559089,Sturgeon Falls 23,0.0,10,0,0.0,0.0,0.0,0.0,8.84,7.37,1.47,,,
3528035,New Credit (Part) 40A,0.0,166,8,0.1,0.1,0.0,0.0,8.78,7.65,1.13,,,
3514014,Cramahe,0.04,6509,235,5.7,4.5,1.2,0.0,8.72,6.91,1.81,24.13,19.12,5.01
3560008,Sioux Narrows-Nestor Falls,0.06,727,11,0.6,0.2,0.5,0.0,8.59,2.34,6.25,,,
3556014,Black River-Matheson,0.07,2572,72,2.2,2.0,0.2,0.0,8.5,7.89,0.6,,,
3524009,Milton,2.34,132979,4444,112.8,83.6,29.2,0.0,8.48,6.28,2.19,25.37,18.8,6.57
3539015,Strathroy-Caradoc,0.52,23871,1041,20.0,17.3,2.7,0.0,8.38,7.27,1.12,19.22,16.66,2.56
3559047,Lake of the Woods,0.04,308,14,0.3,0.2,0.0,0.0,8.37,6.97,1.4,,,
3523043,Minto,0.05,9094,354,7.6,6.5,1.1,0.0,8.31,7.13,1.18,21.33,18.31,3.03
3530027,Wellesley,0.13,11318,473,9.2,7.4,1.8,0.0,8.17,6.56,1.61,19.56,15.7,3.86
3547090,Laurentian Hills,0.1,2885,193,2.3,2.1,0.3,0.0,8.13,7.11,1.03,12.19,10.65,1.54
3549054,Machar,0.04,969,45,0.8,0.7,0.1,0.0,8.07,7.17,0.9,,,
3549036,Carling,0.3,1491,37,1.2,1.2,0.0,0.0,7.94,7.94,0.0,,,
3551021,Billings,0.05,753,68,0.6,0.4,0.2,0.0,7.9,5.27,2.63,,,
3559069,Rainy Lake 17B,0.0,5,0,0.0,0.0,0.0,0.0,7.88,6.57,1.31,,,
3554024,Kerns,0.01,330,19,0.3,0.2,0.0,0.0,7.74,6.25,1.49,,,
3539060,Lucan Biddulph,0.05,5680,238,4.3,3.7,0.6,0.0,7.55,6.57,0.98,18.06,15.7,2.36
3560010,Kenora,0.75,14967,1225,11.2,11.2,0.0,0.0,7.49,7.49,0.0,9.15,9.15,0.0
3543007,New Tecumseth,0.74,43948,1363,32.9,28.4,4.5,0.0,7.48,6.46,1.03,24.14,20.83,3.31
3538040,Lambton Shores,0.14,11876,488,8.9,7.5,1.4,0.0,7.46,6.28,1.18,18.15,15.28,2.87
3537064,Lakeshore,1.61,40410,1342,30.1,24.0,4.3,1.8,7.45,5.93,1.06,22.42,17.87,3.19
3552031,Nairn and Hyman,0.0,373,11,0.3,0.2,0.1,0.0,7.38,5.65,1.66,,,
3552053,Chapleau 74A,0.0,17,0,0.0,0.0,0.0,0.0,7.34,5.62,1.65,,,
3554042,James,0.01,348,19,0.3,0.2,0.0,0.0,7.27,5.87,1.4,,,
3549005,The Archipelago,0.64,979,158,0.7,0.7,0.0,0.0,6.85,6.79,0.06,4.24,4.21,0.04
3507015,Brockville,0.09,22116,427,15.1,13.1,2.0,0.1,6.84,5.92,0.89,35.42,30.62,4.58
3554029,Casey,0.01,341,18,0.2,0.2,0.0,0.0,6.78,5.48,1.3,,,
3551001,Tehkummah,0.03,450,35,0.3,0.2,0.1,0.0,6.78,4.52,2.26,,,
3557040,The North Shore,0.03,531,25,0.4,0.4,0.0,0.0,6.67,6.66,0.01,,,
3554062,Larder Lake,0.02,745,16,0.5,0.4,0.0,0.0,6.39,5.95,0.44,,,
3547033,"Killaloe, Hagarty and Richards",0.06,2410,122,1.5,1.3,0.2,0.0,6.37,5.55,0.82,12.55,10.94,1.61
3547030,Madawaska Valley,0.1,3927,203,2.5,2.2,0.3,0.0,6.36,5.56,0.8,12.31,10.77,1.54
3552023,Sables-Spanish Rivers,0.17,3237,232,2.0,1.4,0.7,0.0,6.31,4.21,2.1,8.79,5.86,2.93
3514027,Alderville First Nation,0.0,542,14,0.3,0.3,0.1,0.0,6.27,4.97,1.3,,,
3549076,French River 13,0.02,137,3,0.1,0.1,0.0,0.0,6.16,5.55,0.61,,,
3514004,Brighton,0.05,12108,296,7.4,5.9,1.5,0.0,6.08,4.89,1.2,24.9,19.99,4.9
3551011,Assiginack,0.05,1008,69,0.6,0.4,0.2,0.0,6.05,4.04,2.02,,,
3551006,Central Manitoulin,0.11,2235,150,1.3,0.9,0.4,0.0,5.89,3.93,1.96,8.79,5.86,2.93
3514045,Trent Hills,0.07,13861,363,8.0,6.5,1.5,0.0,5.79,4.71,1.07,22.08,17.99,4.09
3532004,Tillsonburg,0.17,18615,440,10.8,9.6,0.9,0.3,5.79,5.15,0.46,24.51,21.79,1.95
3512061,Bancroft,0.03,4065,116,2.3,2.0,0.4,0.0,5.77,4.84,0.93,20.17,16.94,3.24
3557001,Jocelyn,0.01,314,12,0.2,0.2,0.0,0.0,5.7,5.7,0.0,,,
3543031,Collingwood,0.17,24811,567,13.8,11.3,2.4,0.0,5.56,4.57,0.99,24.34,20.03,4.31
3556052,Fauquier-Strickland,0.01,467,18,0.3,0.2,0.0,0.0,5.56,4.58,0.98,,,
3531011,Stratford,1.12,33232,923,18.4,17.5,0.8,0.2,5.53,5.25,0.23,19.9,18.91,0.82
3547035,Bonnechere Valley,0.09,3898,172,2.1,1.9,0.3,0.0,5.45,4.76,0.68,12.31,10.77,1.54
3557078,Gros Cap 49,0.0,63,1,0.0,0.0,0.0,0.0,5.33,4.51,0.82,,,
3558003,Fort William 52,0.35,964,36,0.5,0.5,0.0,0.0,5.21,5.13,0.08,,,
3557072,Serpent River 7,0.02,351,21,0.2,0.1,0.1,0.0,5.19,3.46,1.73,,,
3554049,Evanturel,0.01,502,19,0.3,0.2,0.0,0.0,5.05,4.08,0.97,,,
3554026,Harley,0.01,524,20,0.3,0.2,0.0,0.0,4.95,4.0,0.95,,,
3549071,Nipissing,0.02,1769,42,0.9,0.6,0.3,0.0,4.93,3.34,1.59,,,
3554021,Hudson,0.01,530,20,0.3,0.2,0.0,0.0,4.9,3.95,0.94,,,
3549019,Armour,0.04,1459,41,0.7,0.6,0.1,0.0,4.86,4.32,0.54,,,
3554014,Harris,0.01,530,19,0.3,0.2,0.0,0.0,4.82,3.9,0.93,,,
3510020,South Frontenac,0.2,20188,368,9.6,8.0,1.6,0.0,4.73,3.94,0.79,25.97,21.61,4.36
3548022,Calvin,0.01,557,13,0.3,0.2,0.1,0.0,4.73,3.2,1.53,,,
3560079,Webequie,0.01,723,11,0.3,0.3,0.0,0.0,4.61,4.39,0.22,,,
3549046,Strong,0.04,1566,41,0.7,0.6,0.1,0.0,4.53,4.03,0.5,,,
3542059,Owen Sound,0.07,21612,306,9.7,8.4,1.3,0.0,4.48,3.88,0.61,31.64,27.34,4.29
3552001,French River / Rivière des Français,0.01,2828,48,1.3,1.0,0.3,0.0,4.42,3.39,1.0,,,
3557019,Plummer Additional,0.02,757,23,0.3,0.3,0.0,0.0,4.34,4.34,0.0,,,
3551017,Northeastern Manitoulin and the Islands,0.09,2641,130,1.1,0.8,0.4,0.0,4.32,2.88,1.44,8.79,5.86,2.93
3556073,Opasatika,0.0,200,6,0.1,0.1,0.0,0.0,4.19,3.45,0.74,,,
3557004,Hilton,0.01,382,11,0.2,0.2,0.0,0.0,4.11,4.11,0.0,,,
3514021,Cobourg,0.13,20519,389,8.3,6.9,1.4,0.0,4.05,3.35,0.7,21.37,17.7,3.67
3557039,Spanish,0.02,670,30,0.3,0.2,0.1,0.0,3.99,2.66,1.33,,,
3558075,Greenstone,0.03,4309,54,1.7,1.6,0.1,0.0,3.95,3.76,0.19,,,
3552004,St.-Charles,0.0,1357,20,0.5,0.4,0.1,0.0,3.89,2.97,0.88,,,
3543072,Penetanguishene,0.11,10077,135,3.9,3.5,0.4,0.0,3.88,3.52,0.36,28.9,26.18,2.66
3554044,Charlton and Dack,0.01,686,20,0.3,0.2,0.1,0.0,3.83,3.09,0.74,,,
3557035,Huron Shores,0.05,1860,49,0.7,0.7,0.0,0.0,3.78,3.78,0.0,,,
3552028,Baldwin,0.02,579,25,0.2,0.1,0.1,0.0,3.76,2.51,1.25,,,
3538018,Oil Springs,0.01,647,13,0.2,0.2,0.0,0.0,3.62,2.9,0.72,,,
3557096,Hornepayne,0.0,968,13,0.3,0.3,0.1,0.0,3.59,2.75,0.81,,,
3515003,Asphodel-Norwood,0.02,4658,82,1.6,1.4,0.3,0.0,3.54,2.97,0.57,,,
3552052,Mattagami 71,0.0,210,3,0.1,0.1,0.0,0.0,3.54,2.71,0.8,,,
3551044,Sheshegwaning 20,0.0,127,5,0.0,0.0,0.0,0.0,3.51,2.34,1.17,,,
3558034,Dorion,0.0,375,4,0.1,0.1,0.0,0.0,3.5,3.29,0.21,,,
3551043,Wikwemikong Unceded,0.08,2728,109,1.0,0.6,0.3,0.0,3.5,2.33,1.17,8.79,5.86,2.93
3502048,Russell,1.04,19598,584,6.5,6.0,0.6,0.0,3.34,3.05,0.29,11.21,10.25,0.96
3532018,Ingersoll,0.1,13693,141,4.5,3.7,0.4,0.4,3.29,2.69,0.3,31.88,26.09,2.9
3542029,Hanover,0.07,7967,92,2.6,2.0,0.6,0.0,3.22,2.52,0.7,,,
3551042,Sheguiandah 24,0.0,158,6,0.0,0.0,0.0,0.0,3.1,2.07,1.03,,,
3552013,Markstay-Warren,0.01,2708,33,0.8,0.6,0.2,0.0,3.05,2.29,0.74,,,
3559040,Dawson,0.02,399,7,0.1,0.1,0.0,0.0,3.05,2.54,0.51,,,
3559060,Neguaguon Lake 25D,0.0,118,1,0.0,0.0,0.0,0.0,3.03,2.88,0.14,,,
3549014,Perry,0.04,2650,46,0.8,0.7,0.1,0.0,3.03,2.68,0.34,,,
3554058,McGarry,0.01,579,6,0.2,0.2,0.0,0.0,2.98,2.77,0.21,,,
3548031,Chisholm,0.01,1312,19,0.4,0.3,0.1,0.0,2.95,1.99,0.96,,,
3559012,Fort Frances,0.07,7466,66,2.2,2.1,0.1,0.0,2.93,2.76,0.18,,,
3557091,White River,0.0,557,6,0.2,0.1,0.0,0.0,2.9,2.22,0.65,,,
3551100,Zhiibaahaasing 19A,0.0,41,1,0.0,0.0,0.0,0.0,2.88,1.92,0.96,,,
3558080,Ojibway Nation of Saugeen (Savant Lake),0.0,88,1,0.0,0.0,0.0,0.0,2.85,2.71,0.15,,,
3548034,East Ferris,0.02,4946,61,1.4,1.2,0.2,0.0,2.83,2.33,0.48,,,
3559031,Morley,0.02,493,7,0.1,0.1,0.0,0.0,2.8,2.33,0.47,,,
3547056,Whitewater Region,0.08,7225,163,2.0,1.8,0.3,0.0,2.77,2.43,0.35,12.31,10.77,1.54
3507065,North Grenville,0.13,17964,257,4.8,4.4,0.4,0.0,2.66,2.44,0.22,18.6,17.05,1.55
3556031,Iroquois Falls,0.04,4418,39,1.2,1.1,0.1,0.0,2.66,2.47,0.19,,,
3557038,Blind River,0.06,3422,62,0.9,0.9,0.0,0.0,2.63,2.63,0.0,,,
3559024,Chapple,0.03,763,11,0.2,0.2,0.0,0.0,2.63,2.19,0.44,,,
3552056,Chapleau Cree Fox Lake,0.0,62,1,0.0,0.0,0.0,0.0,2.53,1.94,0.57,,,
3558011,Oliver Paipoonge,1.27,6035,150,1.4,0.6,0.8,0.0,2.39,1.0,1.39,9.61,4.03,5.58
3557016,Johnson,0.01,749,12,0.2,0.2,0.0,0.0,2.32,2.32,0.0,,,
3538056,Kettle Point 44,0.01,1233,15,0.3,0.2,0.1,0.0,2.24,1.79,0.45,,,
3558065,Gull River 55,0.0,110,1,0.0,0.0,0.0,0.0,2.15,2.05,0.1,,,
3554036,Armstrong,0.01,1199,19,0.3,0.2,0.0,0.0,2.12,1.71,0.41,,,
3557071,Sagamok,0.02,1110,27,0.2,0.2,0.1,0.0,2.1,1.4,0.7,,,
3554038,Thornloe,0.0,92,1,0.0,0.0,0.0,0.0,2.04,1.65,0.39,,,
3560027,Dryden,0.11,7388,113,1.5,1.1,0.4,0.0,2.04,1.46,0.58,13.4,9.57,3.83
3541045,Saugeen Shores,0.05,15908,175,3.2,2.8,0.4,0.0,2.0,1.74,0.26,18.18,15.8,2.38
3558067,Ginoogaming First Nation,0.0,200,1,0.0,0.0,0.0,0.0,1.97,1.87,0.09,,,
3556077,Mattice-Val Côté,0.0,542,8,0.1,0.1,0.0,0.0,1.97,1.62,0.35,,,
3547002,Arnprior,0.07,9629,119,1.9,1.6,0.3,0.0,1.96,1.61,0.35,15.86,13.04,2.82
3560052,Marten Falls 65,0.0,243,2,0.0,0.0,0.0,0.0,1.96,1.87,0.09,,,
3551040,Whitefish River 4,0.01,457,10,0.1,0.1,0.0,0.0,1.95,1.3,0.65,,,
3548027,Bonfield,0.01,2146,19,0.4,0.3,0.1,0.0,1.87,1.26,0.6,,,
3509004,Smiths Falls,0.03,9254,54,1.5,1.3,0.2,0.0,1.61,1.42,0.19,,,
3557079,Dubreuilville,0.01,576,3,0.1,0.1,0.0,0.0,1.61,1.37,0.25,,,
3557051,"Macdonald, Meredith and Aberdeen Additional",0.01,1513,8,0.2,0.2,0.0,0.0,1.6,1.36,0.22,,,
3560053,Fort Hope 64,0.0,977,5,0.2,0.1,0.0,0.0,1.58,1.5,0.08,,,
3557076,Wawa,0.03,2705,15,0.4,0.4,0.1,0.0,1.55,1.31,0.24,,,
3509028,Carleton Place,0.04,12517,73,1.9,1.7,0.2,0.0,1.51,1.37,0.14,,,
3553040,Wahnapitei 11,0.0,124,1,0.0,0.0,0.0,0.0,1.4,1.07,0.31,,,
3556070,Val Rita-Harty,0.0,757,7,0.1,0.1,0.0,0.0,1.28,1.06,0.23,,,
3557014,Tarbutt and Tarbutt Additional,0.01,573,5,0.1,0.1,0.0,0.0,1.26,1.26,0.0,,,
3549060,Powassan,0.01,3346,20,0.4,0.3,0.1,0.0,1.23,0.84,0.4,,,
3557008,St. Joseph,0.01,1426,12,0.2,0.2,0.0,0.0,1.23,1.23,0.0,,,
3558019,Conmee,0.0,798,3,0.1,0.1,0.0,0.0,1.19,1.13,0.06,,,
3558012,Gillies,0.0,441,2,0.1,0.0,0.0,0.0,1.18,1.12,0.06,,,
3560100,Wawakapewin,0.0,16,0,0.0,0.0,0.0,0.0,1.09,0.82,0.27,,,
3559016,La Vallee,0.01,788,5,0.1,0.1,0.0,0.0,1.08,0.9,0.18,,,
3547064,Pembroke,0.02,14364,80,1.5,1.2,0.3,0.0,1.06,0.86,0.2,,,
3558066,Manitouwadge,0.0,1974,7,0.2,0.2,0.0,0.0,1.06,1.01,0.05,,,
3556106,Moosonee,0.0,1512,11,0.2,0.1,0.0,0.0,1.05,0.86,0.18,,,
3531016,St. Marys,0.04,7386,35,0.8,0.3,0.3,0.2,1.05,0.41,0.41,,,
3507024,Gananoque,0.05,5383,50,0.5,0.5,0.0,0.0,1.01,1.01,0.0,,,
3544073,Moose Point 79,0.0,213,1,0.0,0.0,0.0,0.0,0.96,0.75,0.21,,,
3509021,Perth,0.02,6469,31,0.6,0.5,0.1,0.0,0.94,0.83,0.11,,,
3558016,O'Connor,0.0,689,2,0.1,0.1,0.0,0.0,0.87,0.83,0.04,,,
3551045,M'Chigeeng 22,0.01,926,9,0.1,0.1,0.0,0.0,0.87,0.58,0.29,,,
3543070,Christian Island 30A,0.0,30,0,0.0,0.0,0.0,0.0,0.86,0.78,0.08,,,
3557026,Thessalon 12,0.0,151,1,0.0,0.0,0.0,0.0,0.86,0.86,0.0,,,
3557011,Laird,0.01,1121,4,0.1,0.1,0.0,0.0,0.86,0.73,0.13,,,
3515019,Curve Lake First Nation 35,0.0,1244,5,0.1,0.1,0.0,0.0,0.8,0.67,0.13,,,
3560069,Rat Portage 38A,0.0,171,0,0.0,0.0,0.0,0.0,0.8,0.22,0.58,,,
3539002,Newbury,0.0,440,2,0.0,0.0,0.0,0.0,0.78,0.57,0.21,,,
3559001,Atikokan,0.0,2642,6,0.2,0.2,0.0,0.0,0.77,0.73,0.04,,,
3534011,Aylmer,0.02,7699,29,0.6,0.5,0.0,0.0,0.74,0.68,0.0,,,
3547048,Renfrew,0.02,8190,35,0.6,0.5,0.1,0.0,0.72,0.55,0.16,,,
3540028,Goderich,0.04,7881,51,0.6,0.4,0.2,0.0,0.72,0.5,0.23,,,
3549032,Parry Sound,0.01,6879,20,0.4,0.4,0.1,0.0,0.65,0.52,0.13,,,
3549066,Callander,0.01,3964,12,0.2,0.2,0.1,0.0,0.62,0.42,0.2,,,
3557073,Mississagi River 8,0.0,414,2,0.0,0.0,0.0,0.0,0.62,0.62,0.0,,,
3538019,Petrolia,0.01,6013,20,0.4,0.3,0.1,0.0,0.61,0.49,0.12,,,
3560005,Whitefish Bay 33A,0.0,94,0,0.0,0.0,0.0,0.0,0.61,0.17,0.44,,,
3558054,Terrace Bay,0.0,1528,3,0.1,0.1,0.0,0.0,0.59,0.56,0.03,,,
3559019,Emo,0.01,1204,4,0.1,0.1,0.0,0.0,0.58,0.49,0.1,,,
3556056,Moonbeam,0.0,1157,5,0.1,0.1,0.0,0.0,0.57,0.47,0.1,,,
3547037,Pikwakanagan (Golden Lake 39),0.0,490,2,0.0,0.0,0.0,0.0,0.55,0.48,0.07,,,
3502044,Casselman,0.0,3960,9,0.2,0.2,0.0,0.0,0.54,0.47,0.07,,,
3554020,Temiskaming Shores,0.02,9634,39,0.5,0.4,0.1,0.0,0.54,0.44,0.1,,,
3560061,Wabaseemoong,0.0,815,1,0.0,0.0,0.0,0.0,0.54,0.15,0.39,,,
3547096,Deep River,0.01,4175,18,0.2,0.2,0.0,0.0,0.52,0.46,0.07,,,
3522021,Shelburne,0.01,8994,7,0.5,0.4,0.1,0.0,0.5,0.43,0.08,,,
3507008,Prescott,0.0,4078,6,0.2,0.2,0.0,0.0,0.48,0.4,0.09,,,
3507033,Westport,0.0,634,2,0.0,0.0,0.0,0.0,0.48,0.45,0.04,,,
3559051,Big Grassy River 35G,0.0,251,1,0.0,0.0,0.0,0.0,0.45,0.37,0.07,,,
3558044,Nipigon,0.0,1473,2,0.1,0.1,0.0,0.0,0.44,0.42,0.02,,,
3556048,Smooth Rock Falls,0.0,1200,4,0.1,0.0,0.0,0.0,0.43,0.36,0.08,,,
3560001,Ignace,0.0,1206,2,0.1,0.0,0.0,0.0,0.42,0.4,0.02,,,
3522014,Orangeville,0.02,30167,73,1.2,0.7,0.3,0.2,0.4,0.24,0.1,,,
3558041,Red Rock,0.0,895,1,0.0,0.0,0.0,0.0,0.39,0.37,0.02,,,
3551041,Sucker Creek 23,0.0,373,2,0.0,0.0,0.0,0.0,0.38,0.25,0.13,,,
3512002,Deseronto,0.0,1747,3,0.1,0.0,0.0,0.0,0.36,0.28,0.07,,,
3560086,Summer Beaver,0.0,355,0,0.0,0.0,0.0,0.0,0.36,0.35,0.02,,,
3560068,Shoal Lake 39A,0.0,445,0,0.0,0.0,0.0,0.0,0.33,0.09,0.24,,,
3558059,Marathon,0.0,3138,3,0.1,0.1,0.0,0.0,0.3,0.29,0.01,,,
3559052,Big Island Mainland 93,0.0,5,0,0.0,0.0,0.0,0.0,0.3,0.25,0.05,,,
3559066,Seine River 23A,0.0,270,0,0.0,0.0,0.0,0.0,0.28,0.23,0.05,,,
3559026,Manitou Rapids 11,0.0,300,0,0.0,0.0,0.0,0.0,0.27,0.23,0.05,,,
3556042,Cochrane,0.0,5390,10,0.1,0.1,0.0,0.0,0.26,0.21,0.05,,,
3560093,Neskantaga,0.0,244,0,0.0,0.0,0.0,0.0,0.25,0.24,0.01,,,
3558060,Pic Mobert North,0.0,138,0,0.0,0.0,0.0,0.0,0.22,0.17,0.05,,,
3560058,English River 21,0.0,584,0,0.0,0.0,0.0,0.0,0.21,0.06,0.15,,,
3560082,Shoal Lake (Part) 40,0.0,96,0,0.0,0.0,0.0,0.0,0.21,0.06,0.15,,,
3552054,Duck Lake 76B,0.0,154,0,0.0,0.0,0.0,0.0,0.2,0.15,0.05,,,
3558051,Schreiber,0.0,1039,1,0.0,0.0,0.0,0.0,0.2,0.19,0.01,,,
3560049,Pickle Lake,0.0,398,1,0.0,0.0,0.0,0.0,0.2,0.15,0.05,,,
3560083,Whitefish Bay 34A,0.0,125,0,0.0,0.0,0.0,0.0,0.2,0.06,0.15,,,
3559068,Rainy Lake 17A,0.0,234,0,0.0,0.0,0.0,0.0,0.2,0.17,0.03,,,
3548072,Bear Island 1,0.0,244,0,0.0,0.0,0.0,0.0,0.18,0.12,0.06,,,
3549056,South River,0.0,1101,1,0.0,0.0,0.0,0.0,0.18,0.16,0.02,,,
3557006,Hilton Beach,0.0,198,0,0.0,0.0,0.0,0.0,0.18,0.18,0.0,,,
3560075,Kitchenuhmaykoosib Aaki 84,0.0,1029,2,0.0,0.0,0.0,0.0,0.18,0.14,0.05,,,
3560004,Whitefish Bay 32A,0.0,610,0,0.0,0.0,0.0,0.0,0.15,0.04,0.11,,,
3560084,Wabauskang 21,0.0,57,0,0.0,0.0,0.0,0.0,0.15,0.11,0.04,,,
3549022,Burk's Falls,0.0,957,1,0.0,0.0,0.0,0.0,0.14,0.12,0.02,,,
3557021,Bruce Mines,0.0,582,1,0.0,0.0,0.0,0.0,0.14,0.14,0.0,,,
3560104,Kee-Way-Win,0.0,409,1,0.0,0.0,0.0,0.0,0.14,0.11,0.04,,,
3551026,Gore Bay,0.0,808,1,0.0,0.0,0.0,0.0,0.14,0.1,0.05,,,
3560032,Ear Falls,0.0,924,1,0.0,0.0,0.0,0.0,0.13,0.1,0.03,,,
3552092,Chapleau,0.0,1942,1,0.0,0.0,0.0,0.0,0.12,0.09,0.03,,,
3560095,Bearskin Lake,0.0,447,0,0.0,0.0,0.0,0.0,0.12,0.09,0.03,,,
3558063,Pays Plat 51,0.0,100,0,0.0,0.0,0.0,0.0,0.11,0.11,0.01,,,
3556095,Constance Lake 92,0.0,741,1,0.0,0.0,0.0,0.0,0.11,0.09,0.02,,,
3549048,Sundridge,0.0,938,1,0.0,0.0,0.0,0.0,0.1,0.09,0.01,,,
3560021,Machin,0.0,1012,1,0.0,0.0,0.0,0.0,0.1,0.07,0.02,,,
3560056,Lac Seul 28,0.0,1022,1,0.0,0.0,0.0,0.0,0.1,0.08,0.03,,,
3560064,Shoal Lake 34B2,0.0,81,0,0.0,0.0,0.0,0.0,0.1,0.03,0.07,,,
3558062,Pic River 50,0.0,372,0,0.0,0.0,0.0,0.0,0.07,0.06,0.0,,,
3558076,Aroland,0.0,178,0,0.0,0.0,0.0,0.0,0.07,0.07,0.0,,,
3558085,Osnaburgh 63A,0.0,233,0,0.0,0.0,0.0,0.0,0.07,0.06,0.02,,,
3560055,Osnaburgh 63B,0.0,524,0,0.0,0.0,0.0,0.0,0.07,0.05,0.02,,,
3554008,Cobalt,0.0,989,1,0.0,0.0,0.0,0.0,0.07,0.06,0.01,,,
3560046,Slate Falls,0.0,299,0,0.0,0.0,0.0,0.0,0.07,0.05,0.02,,,
3554052,Englehart,0.0,1442,1,0.0,0.0,0.0,0.0,0.06,0.05,0.01,,,
3560063,Sabaskong Bay 35D,0.0,383,0,0.0,0.0,0.0,0.0,0.06,0.02,0.04,,,
3558097,Whitesand,0.0,297,0,0.0,0.0,0.0,0.0,0.05,0.05,0.0,,,
3556076,Hearst,0.0,4794,2,0.0,0.0,0.0,0.0,0.05,0.04,0.01,,,
3560042,Red Lake,0.0,4094,2,0.0,0.0,0.0,0.0,0.05,0.04,0.01,,,
3558068,Long Lake 58,0.0,410,0,0.0,0.0,0.0,0.0,0.04,0.04,0.0,,,
3548021,Mattawa,0.0,1881,0,0.0,0.0,0.0,0.0,0.04,0.02,0.01,,,
3556102,New Post 69A,0.0,128,0,0.0,0.0,0.0,0.0,0.04,0.04,0.01,,,
3560091,Peawanuck,0.0,247,0,0.0,0.0,0.0,0.0,0.04,0.03,0.01,,,
3557028,Thessalon,0.0,1260,0,0.0,0.0,0.0,0.0,0.04,0.04,0.0,,,
3560024,Eagle Lake 27,0.0,257,0,0.0,0.0,0.0,0.0,0.04,0.03,0.01,,,
3560096,Kasabonika Lake,0.0,1060,0,0.0,0.0,0.0,0.0,0.04,0.03,0.01,,,
3560078,Fort Severn 89,0.0,364,0,0.0,0.0,0.0,0.0,0.04,0.03,0.01,,,
3558061,Pic Mobert South,0.0,127,0,0.0,0.0,0.0,0.0,0.03,0.02,0.01,,,
3560059,Weagamow Lake 87,0.0,921,0,0.0,0.0,0.0,0.0,0.03,0.02,0.01,,,
3560085,Wunnumin 1,0.0,587,0,0.0,0.0,0.0,0.0,0.03,0.02,0.01,,,
3558064,Lake Helen 53A,0.0,240,0,0.0,0.0,0.0,0.0,0.02,0.02,0.0,,,
3560080,North Spirit Lake,0.0,265,0,0.0,0.0,0.0,0.0,0.02,0.01,0.0,,,
3560076,Sachigo Lake 1,0.0,608,0,0.0,0.0,0.0,0.0,0.02,0.01,0.0,,,
3560088,Wapekeka 2,0.0,456,0,0.0,0.0,0.0,0.0,0.02,0.01,0.0,,,
3556093,Fort Albany (Part) 67,0.0,775,0,0.0,0.0,0.0,0.0,0.01,0.01,0.0,,,
3560054,Cat Lake 63C,0.0,651,0,0.0,0.0,0.0,0.0,0.01,0.01,0.0,,,
3560071,Sandy Lake 88,0.0,2100,0,0.0,0.0,0.0,0.0,0.01,0.0,0.0,,,
3559042,Rainy River,0.0,752,0,0.0,0.0,0.0,0.0,0.01,0.01,0.0,,,
3559053,Saug-A-Gaw-Sing 1,0.0,136,0,0.0,0.0,0.0,0.0,0.01,0.01,0.0,,,
3529020,Six Nations (Part) 40,0.4,,1047,42.1,37.0,5.1,0.0,,,,40.2,35.34,4.86
3501007,Akwesasne (Part) 59,0.12,,728,23.1,21.1,2.0,0.0,,,,31.74,28.94,2.8
3557075,Rankin Location 15D,0.04,,165,5.0,4.3,0.5,0.1,,,,30.17,26.08,3.22
3552058,Chapleau 75,0.0,0,0,0.0,0.0,0.0,0.0,,,,,,
3538004,Walpole Island 46,0.38,,601,16.1,14.6,1.5,0.0,,,,26.8,24.24,2.56
3558001,Neebing,0.0,2241,0,0.0,0.0,0.0,0.0,0.0,0.0,0.0,,,
3558100,Lac des Mille Lacs 22A1,0.0,0,0,0.0,0.0,0.0,0.0,,,,,,
3558092,Red Rock 53,0.0,0,0,0.0,0.0,0.0,0.0,,,,,,
3558069,Rocky Bay 1,0.0,154,0,0.0,0.0,0.0,0.0,0.0,0.0,0.0,,,
3558077,Lake Nipigon,0.0,0,0,0.0,0.0,0.0,0.0,,,,,,
3544071,Wahta Mohawk Territory,0.03,,54,1.9,1.5,0.5,0.0,,,,,,
3539017,Chippewas of the Thames First Nation 42,0.02,,51,0.9,0.6,0.2,0.0,,,,,,
3539021,Oneida 41,0.13,,113,3.4,3.2,0.1,0.0,,,,29.67,28.51,1.15
3556094,Factory Island 1,0.0,1376,0,0.0,0.0,0.0,0.0,0.0,0.0,0.0,,,
3556096,Moose Factory 68,0.0,0,3,0.0,0.0,0.0,0.0,,,,,,
3556100,Flying Post 73,0.0,0,1,0.0,0.0,0.0,0.0,,,,,,
3560050,Fort Albany (Part) 67,0.0,,1,0.0,0.0,0.0,0.0,,,,,,
3560051,Attawapiskat 91A,0.0,1586,0,0.0,0.0,0.0,0.0,0.0,0.0,0.0,,,
3559062,Agency 1,0.0,0,2,0.1,0.1,0.0,0.0,,,,,,
3528037,Six Nations (Part) 40,0.03,,46,0.9,0.8,0.1,0.0,,,,,,
3557077,Goulais Bay 15A,0.0,,0,0.0,0.0,0.0,0.0,,,,,,
3557092,Obadjiwan 15E,0.0,,0,0.0,0.0,0.0,0.0,,,,,,
3560077,Pikangikum 14,0.0,,0,0.0,0.0,0.0,0.0,,,,,,
3560067,Poplar Hill,0.0,663,0,0.0,0.0,0.0,0.0,0.0,0.0,0.0,,,
3560070,Deer Lake,0.0,1087,0,0.0,0.0,0.0,0.0,0.0,0.0,0.0,,,
3560098,Kingfisher Lake 1,0.0,511,0,0.0,0.0,0.0,0.0,0.0,0.0,0.0,,,
3560097,Muskrat Dam Lake,0.0,,0,0.0,0.0,0.0,0.0,,,,,,
3560081,Lansdowne House,0.0,0,0,0.0,0.0,0.0,0.0,,,,,,
3559046,Assabaska,0.0,0,0,0.0,0.0,0.0,0.0,,,,,,
3549093,Naiscoutaing 17A,0.01,0,2,0.1,0.1,0.0,0.0,,,,,,
