fsa,total_applications,landlord_filed,tenant_filed,coop_filed,L1,L2,L4,T2,T6,T1,population,total_applications_per_10k,landlord_filed_per_10k,tenant_filed_per_10k
L5T,2,2,0,0,0,0,2,0,0,0,19.0,1052.63,1052.63,0.0
L8N,278,250,28,0,178,21,45,8,11,1,15568.0,178.57,160.59,17.99
N6B,183,165,17,1,95,31,30,5,6,3,11101.0,164.85,148.64,15.31
L9J,37,28,9,0,21,2,1,2,1,4,2272.0,162.85,123.24,39.61
M9N,358,338,18,2,265,28,37,12,3,1,26059.0,137.38,129.71,6.91
P3C,239,198,39,2,98,37,53,15,11,9,17596.0,135.83,112.53,22.16
K1N,358,293,65,0,198,28,39,18,12,19,26639.0,134.39,109.99,24.4
L8R,149,135,14,0,86,22,22,9,3,1,11651.0,127.89,115.87,12.02
N9A,324,278,46,0,159,46,42,16,12,10,26107.0,124.1,106.48,17.62
L8L,392,336,56,0,190,38,80,17,15,6,32312.0,121.32,103.99,17.33
M4Y,437,354,74,9,229,40,68,21,14,18,36319.0,120.32,97.47,20.38
K1L,214,167,47,0,105,31,24,18,10,11,18213.0,117.5,91.69,25.81
L8M,160,142,18,0,63,21,39,6,7,2,13774.0,116.16,103.09,13.07
M3N,471,458,13,0,328,36,77,7,3,0,40846.0,115.31,112.13,3.18
M6K,469,407,59,3,231,71,66,17,12,19,42110.0,111.37,96.65,14.01
N6A,153,136,16,1,77,19,27,8,6,1,13810.0,110.79,98.48,11.59
P0Y,1,0,1,0,0,0,0,1,0,0,96.0,104.17,0.0,104.17
M3A,341,310,30,1,204,61,37,13,2,8,34361.0,99.24,90.22,8.73
K1Z,222,195,27,0,126,24,39,17,4,1,22714.0,97.74,85.85,11.89
M4X,193,168,24,1,111,19,29,9,9,3,19896.0,97.0,84.44,12.06
N9C,120,106,14,0,58,17,12,3,1,3,12538.0,95.71,84.54,11.17
M5B,166,120,38,8,72,16,7,6,4,10,17422.0,95.28,68.88,21.81
N8X,154,126,28,0,61,29,16,7,7,2,16457.0,93.58,76.56,17.01
L8P,228,186,42,0,116,40,21,21,6,5,24773.0,92.04,75.08,16.95
M3J,243,222,21,0,140,24,39,7,4,4,26600.0,91.35,83.46,7.89
N5Z,219,197,19,3,111,40,34,10,2,1,24067.0,91.0,81.85,7.89
L1H,292,254,35,3,146,35,35,7,9,4,32298.0,90.41,78.64,10.84
N5W,223,183,38,2,109,28,32,12,12,2,24740.0,90.14,73.97,15.36
M9M,217,209,8,0,170,5,27,2,0,6,24245.0,89.5,86.2,3.3
L2R,227,203,23,1,114,35,32,13,4,2,25558.0,88.82,79.43,9.0
K2P,167,128,36,3,93,18,10,16,5,4,18825.0,88.71,67.99,19.12
M3L,169,164,5,0,127,10,26,1,0,3,19263.0,87.73,85.14,2.6
K1K,268,239,24,5,139,41,38,4,6,3,32046.0,83.63,74.58,7.49
M1J,307,283,21,3,179,27,56,6,0,4,37002.0,82.97,76.48,5.68
N7T,216,177,38,1,89,33,33,10,11,5,26033.0,82.97,67.99,14.6
N2M,299,273,26,0,175,31,42,16,4,1,36494.0,81.93,74.81,7.12
M3M,204,193,11,0,144,18,24,5,2,1,24906.0,81.91,77.49,4.42
L1J,352,299,45,8,187,26,73,17,13,6,43107.0,81.66,69.36,10.44
L1G,354,307,39,8,194,42,49,13,4,10,43497.0,81.38,70.58,8.97
K7K,270,243,26,1,126,41,45,9,5,4,33705.0,80.11,72.1,7.71
M6M,332,304,24,4,190,37,58,9,4,2,42148.0,78.77,72.13,5.69
N2L,298,211,87,0,111,28,27,26,21,31,37953.0,78.52,55.6,22.92
K1P,5,4,1,0,2,0,0,1,0,0,645.0,77.52,62.02,15.5
K2B,255,233,22,0,144,23,56,13,5,1,33254.0,76.68,70.07,6.62
K6A,96,84,12,0,26,43,4,3,2,0,12529.0,76.62,67.04,9.58
L6T,303,290,13,0,198,21,57,5,2,3,39614.0,76.49,73.21,3.28
K1R,155,133,20,2,81,21,20,6,6,5,20343.0,76.19,65.38,9.83
M5A,372,301,67,4,153,84,35,17,15,21,48978.0,75.95,61.46,13.68
M5G,74,62,12,0,39,11,4,2,1,6,9751.0,75.89,63.58,12.31
L4K,151,126,25,0,78,19,11,4,5,9,20172.0,74.86,62.46,12.39
K1G,262,237,24,1,175,16,41,6,5,6,35074.0,74.7,67.57,6.84
M5T,133,93,39,1,53,13,12,13,7,8,17903.0,74.29,51.95,21.78
L8H,194,172,22,0,107,29,22,7,2,6,26187.0,74.08,65.68,8.4
M4P,184,156,28,0,105,16,18,10,7,8,25057.0,73.43,62.26,11.17
L3B,189,156,32,1,97,26,16,13,5,3,25869.0,73.06,60.3,12.37
N2C,129,117,12,0,81,16,12,5,2,1,17681.0,72.96,66.17,6.79
N5Y,258,237,20,1,171,23,33,9,7,3,35934.0,71.8,65.95,5.57
L2E,131,111,20,0,54,27,15,3,6,2,18587.0,70.48,59.72,10.76
M2R,286,263,23,0,190,30,30,8,5,4,40581.0,70.48,64.81,5.67
M8V,310,259,39,12,138,46,44,19,4,8,44144.0,70.22,58.67,8.83
K8P,161,136,25,0,75,32,23,11,3,2,23166.0,69.5,58.71,10.79
M9R,234,216,18,0,143,33,33,6,2,1,33783.0,69.27,63.94,5.33
M5R,181,142,38,1,82,32,15,18,8,6,26197.0,69.09,54.2,14.51
P3B,113,90,20,3,40,26,19,7,5,2,16434.0,68.76,54.76,12.17
L7R,119,90,17,12,55,6,7,6,5,4,17338.0,68.64,51.91,9.81
N2G,100,75,24,1,44,12,9,10,6,5,14580.0,68.59,51.44,16.46
M4H,128,116,10,2,54,27,21,1,3,2,18698.0,68.46,62.04,5.35
N2H,153,128,25,0,64,19,23,10,4,5,22456.0,68.13,57.0,11.13
N8Y,131,112,19,0,70,13,20,7,3,3,19254.0,68.04,58.17,9.87
N6J,186,161,20,5,96,30,27,8,1,3,27497.0,67.64,58.55,7.27
M4R,80,70,10,0,43,2,16,3,2,2,11909.0,67.18,58.78,8.4
L6W,157,144,13,0,88,18,32,2,8,3,23547.0,66.68,61.15,5.52
M9V,358,334,19,5,218,32,73,5,3,4,53878.0,66.45,61.99,3.53
N8T,118,113,3,2,62,11,21,0,2,0,17935.0,65.79,63.01,1.67
M4B,121,103,17,1,77,7,15,5,6,2,18612.0,65.01,55.34,9.13
M3K,50,48,2,0,31,6,10,0,1,1,7865.0,63.57,61.03,2.54
K6H,193,176,17,0,89,26,38,13,0,2,30440.0,63.4,57.82,5.58
N7M,162,134,25,3,71,22,22,7,9,2,25579.0,63.33,52.39,9.77
M4S,194,169,20,5,115,27,19,5,2,8,30754.0,63.08,54.95,6.5
N2J,131,98,33,0,58,10,11,8,9,9,20899.0,62.68,46.89,15.79
L4M,293,247,46,0,140,43,44,19,6,7,46902.0,62.47,52.66,9.81
M4V,120,102,18,0,74,10,11,6,4,4,19273.0,62.26,52.92,9.34
N9B,122,99,23,0,48,13,12,10,5,3,19613.0,62.2,50.48,11.73
L2V,122,106,16,0,52,19,18,7,2,4,19795.0,61.63,53.55,8.08
M5H,20,15,5,0,8,0,2,1,0,3,3248.0,61.58,46.18,15.39
L4T,235,228,7,0,188,14,19,3,0,2,38182.0,61.55,59.71,1.83
N3T,226,196,30,0,136,22,30,14,3,2,37406.0,60.42,52.4,8.02
K6V,170,147,22,1,87,25,25,9,3,2,28174.0,60.34,52.18,7.81
N5V,198,167,22,9,114,9,29,8,2,5,32961.0,60.07,50.67,6.67
M6H,262,220,41,1,133,44,28,20,2,10,43730.0,59.91,50.31,9.38
M6L,120,106,9,5,73,10,18,4,2,3,20156.0,59.54,52.59,4.47
K1Y,121,105,16,0,70,8,21,5,6,4,20712.0,58.42,50.7,7.72
L5G,121,106,15,0,66,8,21,3,3,5,20714.0,58.41,51.17,7.24
M4A,85,74,11,0,43,18,11,7,0,3,14589.0,58.26,50.72,7.54
M3C,228,218,10,0,149,28,27,3,2,3,39616.0,57.55,55.03,2.52
M1K,277,237,38,2,140,48,36,13,8,5,48175.0,57.5,49.2,7.89
K9H,170,147,23,0,87,33,16,7,6,4,29704.0,57.23,49.49,7.74
L3L,5,4,1,0,2,2,0,1,0,0,879.0,56.88,45.51,11.38
L2P,86,67,17,2,37,13,10,4,3,7,15128.0,56.85,44.29,11.24
K7M,279,254,25,0,169,29,36,13,3,2,49268.0,56.63,51.55,5.07
K1V,318,291,24,3,200,41,38,10,6,3,57157.0,55.64,50.91,4.2
M5P,110,88,22,0,58,15,11,9,1,4,19791.0,55.58,44.46,11.12
M4W,85,64,21,0,28,6,7,6,1,7,15296.0,55.57,41.84,13.73
M4C,258,229,26,3,140,49,29,10,2,3,46440.0,55.56,49.31,5.6
L8K,181,163,18,0,93,20,41,7,3,4,32598.0,55.52,50.0,5.52
L1L,72,56,16,0,34,4,8,4,1,3,12976.0,55.49,43.16,12.33
M1G,170,155,15,0,90,23,13,7,1,6,30894.0,55.03,50.17,4.86
L4X,103,99,3,1,78,4,15,2,1,0,18719.0,55.02,52.89,1.6
M4K,170,144,26,0,96,26,15,17,3,5,30913.0,54.99,46.58,8.41
M5V,328,201,125,2,92,31,34,34,16,34,59912.0,54.75,33.55,20.86
L2G,166,141,25,0,64,30,35,6,2,9,30344.0,54.71,46.47,8.24
N6H,239,219,20,0,143,14,30,7,6,5,44215.0,54.05,49.53,4.52
L5K,72,67,2,3,63,1,3,1,0,0,13363.0,53.88,50.14,1.5
L8S,85,53,32,0,26,14,4,12,4,7,15787.0,53.84,33.57,20.27
N3S,148,135,13,0,81,22,22,2,5,2,27527.0,53.77,49.04,4.72
M1L,191,177,14,0,113,20,29,3,2,3,35833.0,53.3,49.4,3.91
P2N,37,36,1,0,24,5,4,1,0,0,6944.0,53.28,51.84,1.44
L4Y,124,111,13,0,75,8,28,3,2,1,23490.0,52.79,47.25,5.53
M8Y,116,106,10,0,65,14,10,2,1,4,21986.0,52.76,48.21,4.55
M8W,116,90,25,1,47,13,24,9,5,3,22381.0,51.83,40.21,11.17
L2T,59,43,16,0,28,8,4,7,3,2,11401.0,51.75,37.72,14.03
N1R,221,189,30,2,98,35,44,12,4,7,42928.0,51.48,44.03,6.99
L7S,62,56,6,0,41,8,5,1,2,0,12207.0,50.79,45.88,4.92
N5P,106,95,8,3,51,22,17,2,1,1,21081.0,50.28,45.06,3.79
P0N,47,37,8,2,25,7,3,2,2,0,9435.0,49.81,39.22,8.48
L5A,236,200,36,0,124,26,35,9,8,10,47406.0,49.78,42.19,7.59
L3V,240,201,38,1,109,39,35,12,8,5,48651.0,49.33,41.31,7.81
L6K,69,64,5,0,43,9,8,3,1,0,14118.0,48.87,45.33,3.54
K9J,216,186,29,1,103,36,31,11,4,3,44547.0,48.49,41.75,6.51
M5E,57,48,9,0,21,14,5,3,1,3,11779.0,48.39,40.75,7.64
P1B,160,136,24,0,84,23,17,8,8,1,33113.0,48.32,41.07,7.25
N4K,140,121,19,0,76,19,21,11,3,4,28975.0,48.32,41.76,6.56
L6G,40,32,8,0,17,4,8,4,1,2,8364.0,47.82,38.26,9.56
M9W,194,175,19,0,103,28,30,9,1,5,40977.0,47.34,42.71,4.64
M9C,183,169,14,0,136,9,22,5,0,4,38725.0,47.26,43.64,3.62
M6R,91,70,21,0,41,16,8,6,4,4,19349.0,47.03,36.18,10.85
M6E,176,142,34,0,75,27,20,12,4,6,37684.0,46.7,37.68,9.02
N1H,196,166,24,6,97,37,25,11,4,5,42178.0,46.47,39.36,5.69
M2J,286,249,37,0,173,15,39,16,6,8,61761.0,46.31,40.32,5.99
M5J,78,54,24,0,23,18,4,7,1,3,16879.0,46.21,31.99,14.22
M2K,117,89,28,0,44,17,14,12,6,8,25377.0,46.1,35.07,11.03
M6J,148,113,35,0,62,19,18,11,12,5,32111.0,46.09,35.19,10.9
M5N,74,66,8,0,44,5,9,2,3,0,16154.0,45.81,40.86,4.95
K1S,143,118,25,0,88,5,13,7,6,7,31257.0,45.75,37.75,8.0
K6J,81,71,10,0,37,16,5,2,3,0,17827.0,45.44,39.83,5.61
N6C,138,122,16,0,89,4,23,3,5,3,30629.0,45.06,39.83,5.22
N7L,113,108,5,0,53,21,19,0,3,0,25127.0,44.97,42.98,1.99
L8V,95,76,18,1,40,9,18,8,4,0,21165.0,44.89,35.91,8.5
M1T,155,134,21,0,87,16,18,11,1,7,34607.0,44.79,38.72,6.07
P6A,151,131,16,4,93,14,18,1,10,1,33800.0,44.67,38.76,4.73
M1R,136,111,23,2,71,9,18,12,4,3,30467.0,44.64,36.43,7.55
M6C,107,85,20,2,50,6,18,7,2,4,23997.0,44.59,35.42,8.33
M1E,214,186,19,9,90,40,43,7,1,6,48033.0,44.55,38.72,3.96
N3H,108,92,16,0,48,14,16,4,7,2,24306.0,44.43,37.85,6.58
K8N,135,109,24,2,61,14,26,5,1,5,30393.0,44.42,35.86,7.9
P4N,107,94,13,0,51,12,26,5,1,3,24098.0,44.4,39.01,5.39
M1P,200,178,22,0,120,18,23,12,1,4,45170.0,44.28,39.41,4.87
K9V,130,103,27,0,68,14,17,10,10,1,29369.0,44.26,35.07,9.19
L3C,147,127,20,0,74,12,23,7,4,2,33462.0,43.93,37.95,5.98
M6A,98,87,11,0,55,18,8,2,3,0,22380.0,43.79,38.87,4.92
L9A,113,100,13,0,58,12,22,7,4,2,25899.0,43.63,38.61,5.02
L5J,122,111,11,0,73,11,22,5,2,3,28208.0,43.25,39.35,3.9
K8V,125,108,17,0,67,13,22,7,0,0,28936.0,43.2,37.32,5.88
N2B,73,60,13,0,37,14,6,4,3,1,16939.0,43.1,35.42,7.67
M1N,98,87,10,1,54,19,9,4,1,2,22976.0,42.65,37.87,4.35
M1M,98,85,12,1,40,12,23,6,1,2,23258.0,42.14,36.55,5.16
L2M,142,119,20,3,64,14,28,6,7,2,33704.0,42.13,35.31,5.93
P7E,87,81,6,0,40,24,15,0,1,2,20897.0,41.63,38.76,2.87
M4T,43,36,7,0,17,8,9,5,0,1,10332.0,41.62,34.84,6.78
L4W,82,74,5,3,66,3,3,3,1,1,19744.0,41.53,37.48,2.53
L8G,90,78,12,0,50,12,13,5,2,2,21805.0,41.27,35.77,5.5
N8S,92,87,5,0,45,15,12,2,2,1,22354.0,41.16,38.92,2.24
M5S,70,37,31,2,15,14,6,10,2,6,17074.0,41.0,21.67,18.16
M4L,131,97,34,0,54,16,13,13,3,4,32218.0,40.66,30.11,10.55
N4S,131,113,17,1,73,14,17,6,4,1,33055.0,39.63,34.19,5.14
M6B,113,102,11,0,65,23,9,7,2,1,28534.0,39.6,35.75,3.86
L3K,77,61,16,0,33,12,12,9,3,1,19458.0,39.57,31.35,8.22
K2C,116,90,26,0,61,6,17,9,7,4,29359.0,39.51,30.65,8.86
P1A,67,59,7,1,26,18,11,5,0,2,16959.0,39.51,34.79,4.13
M9P,81,75,6,0,48,12,10,2,2,0,20645.0,39.23,36.33,2.91
M6N,156,135,21,0,68,28,23,5,5,4,40252.0,38.76,33.54,5.22
L8E,161,134,27,0,83,18,25,9,5,3,41927.0,38.4,31.96,6.44
P6C,71,66,4,1,39,9,10,1,0,0,18766.0,37.83,35.17,2.13
L4N,381,309,64,8,166,57,56,26,18,5,100835.0,37.78,30.64,6.35
M3H,145,122,23,0,77,13,20,8,3,7,38416.0,37.74,31.76,5.99
K7L,73,51,22,0,37,6,3,10,5,3,19621.0,37.21,25.99,11.21
K7N,31,27,4,0,18,1,5,2,1,0,8395.0,36.93,32.16,4.76
L6V,156,134,22,0,74,25,19,10,0,6,42392.0,36.8,31.61,5.19
K1J,103,86,16,1,53,12,10,13,0,2,28268.0,36.44,30.42,5.66
L9Z,90,77,13,0,39,13,6,5,0,2,24849.0,36.22,30.99,5.23
P6B,82,70,9,3,43,13,9,2,2,3,22754.0,36.04,30.76,3.96
L2H,107,86,13,8,64,7,8,1,3,2,29820.0,35.88,28.84,4.36
N4N,37,29,8,0,14,4,8,6,1,0,10341.0,35.78,28.04,7.74
M2P,27,25,2,0,13,3,8,0,0,1,7546.0,35.78,33.13,2.65
P3A,87,73,10,4,32,12,18,2,2,3,24326.0,35.76,30.01,4.11
M2M,114,84,30,0,55,10,7,10,2,11,31915.0,35.72,26.32,9.4
N2P,89,74,14,1,49,4,17,5,3,1,25040.0,35.54,29.55,5.59
M6P,141,113,28,0,64,27,9,14,8,2,39870.0,35.36,28.34,7.02
L4R,68,56,10,2,36,11,7,3,2,1,19245.0,35.33,29.1,5.2
L3Y,153,119,33,1,61,24,14,8,3,7,43556.0,35.13,27.32,7.58
K1H,57,51,6,0,23,10,13,3,2,0,16306.0,34.96,31.28,3.68
P7B,79,64,15,0,42,8,7,8,1,1,22675.0,34.84,28.22,6.62
P3E,101,91,9,1,50,17,13,3,0,3,29132.0,34.67,31.24,3.09
L5B,230,190,39,1,131,21,16,13,6,12,67131.0,34.26,28.3,5.81
L1P,78,69,9,0,45,2,19,2,2,3,22928.0,34.02,30.09,3.93
M4N,54,44,10,0,22,6,7,3,2,2,16058.0,33.63,27.4,6.23
K7A,59,52,7,0,20,15,14,1,3,0,17575.0,33.57,29.59,3.98
M9B,111,95,16,0,67,12,8,6,2,5,33236.0,33.4,28.58,4.81
N8A,42,38,4,0,30,7,1,1,2,0,12624.0,33.27,30.1,3.17
K1T,133,99,29,5,62,23,11,9,7,5,40054.0,33.21,24.72,7.24
L4C,247,196,49,2,104,34,27,17,7,7,74636.0,33.09,26.26,6.57
N3P,28,27,1,0,17,3,4,1,0,0,8542.0,32.78,31.61,1.17
P9A,33,31,2,0,17,6,7,2,0,0,10079.0,32.74,30.76,1.98
N7S,93,72,21,0,48,5,11,18,1,0,28410.0,32.73,25.34,7.39
K2A,56,43,13,0,31,1,4,4,4,3,17156.0,32.64,25.06,7.58
N6G,166,129,30,7,77,17,19,7,7,5,50940.0,32.59,25.32,5.89
L2S,62,51,9,2,29,12,7,2,0,0,19400.0,31.96,26.29,4.64
L8T,62,47,15,0,26,7,9,8,4,0,19405.0,31.95,24.22,7.73
M4E,81,68,11,2,31,25,6,4,0,1,25473.0,31.8,26.69,4.32
P2B,31,26,5,0,18,4,1,2,2,1,9754.0,31.78,26.66,5.13
P5A,36,32,4,0,11,15,3,2,0,2,11372.0,31.66,28.14,3.52
M4G,61,41,20,0,26,4,2,10,4,5,19598.0,31.13,20.92,10.21
K2H,83,72,11,0,48,15,9,6,3,0,26759.0,31.02,26.91,4.11
N5A,102,96,5,1,62,9,19,2,1,1,32898.0,31.0,29.18,1.52
K2V,32,25,7,0,19,2,3,1,1,2,10486.0,30.52,23.84,6.68
M6G,93,67,26,0,17,32,6,9,2,7,30600.0,30.39,21.9,8.5
L1Y,6,6,0,0,2,1,3,0,0,0,1976.0,30.36,30.36,0.0
M9A,111,96,15,0,62,19,7,7,3,4,36642.0,30.29,26.2,4.09
N1S,61,56,4,1,31,9,7,2,0,0,20171.0,30.24,27.76,1.98
L4P,90,64,24,2,33,11,11,4,5,3,29861.0,30.14,21.43,8.04
N3R,108,101,4,3,64,18,10,1,1,0,35858.0,30.12,28.17,1.12
L5E,39,30,9,0,18,2,6,6,0,1,12972.0,30.06,23.13,6.94
M1H,72,61,7,4,41,6,7,6,0,0,23964.0,30.05,25.45,2.92
M6S,102,82,20,0,43,12,15,4,4,5,34029.0,29.97,24.1,5.88
L5H,52,42,10,0,19,11,11,2,3,2,17409.0,29.87,24.13,5.74
L9V,53,45,8,0,26,2,15,4,0,1,17750.0,29.86,25.35,4.51
K8R,6,4,2,0,3,0,0,1,1,0,2012.0,29.82,19.88,9.94
N2E,120,101,13,6,59,15,19,5,0,3,40428.0,29.68,24.98,3.22
L1N,146,107,32,7,51,25,17,15,11,0,49649.0,29.41,21.55,6.45
N4G,63,56,5,2,37,5,8,3,1,1,21519.0,29.28,26.02,2.32
K2E,59,50,8,1,36,3,8,2,2,1,20172.0,29.25,24.79,3.97
N8W,70,60,8,2,28,5,18,3,1,1,24057.0,29.1,24.94,3.33
M5C,9,4,2,3,3,1,0,2,0,0,3149.0,28.58,12.7,6.35
N6E,80,69,11,0,47,11,10,3,3,2,28140.0,28.43,24.52,3.91
L1A,45,32,13,0,21,4,4,2,2,8,15845.0,28.4,20.2,8.2
L8W,74,60,9,5,38,6,9,2,2,2,26077.0,28.38,23.01,3.45
M1B,185,138,16,31,88,24,15,3,4,4,65555.0,28.22,21.05,2.44
N5C,44,36,4,4,20,5,8,1,1,2,15721.0,27.99,22.9,2.54
M2N,210,167,43,0,80,41,23,16,3,12,75100.0,27.96,22.24,5.73
L4Z,104,74,17,13,49,6,11,8,5,2,37218.0,27.94,19.88,4.57
K9K,37,32,5,0,25,3,3,1,0,1,13359.0,27.7,23.95,3.74
M4M,69,49,20,0,28,8,7,5,2,4,25052.0,27.54,19.56,7.98
L9Y,79,65,14,0,28,14,14,4,2,1,28925.0,27.31,22.47,4.84
L1X,67,57,10,0,38,6,5,0,5,1,24639.0,27.19,23.13,4.06
M3B,35,33,2,0,12,12,2,1,1,0,12880.0,27.17,25.62,1.55
K7R,42,38,4,0,17,11,8,3,1,0,15480.0,27.13,24.55,2.58
N6L,14,12,2,0,6,1,1,0,1,1,5167.0,27.1,23.22,3.87
N8M,32,28,4,0,9,9,10,1,2,0,11819.0,27.08,23.69,3.38
K2T,32,21,11,0,11,4,4,4,6,0,11871.0,26.96,17.69,9.27
P7A,77,60,16,1,31,17,6,6,0,4,28587.0,26.94,20.99,5.6
N6K,101,91,10,0,66,3,17,3,2,2,37596.0,26.86,24.2,2.66
M4J,94,67,27,0,34,19,8,14,7,3,35128.0,26.76,19.07,7.69
P7C,58,55,3,0,37,11,5,2,0,1,21695.0,26.73,25.35,1.38
P3L,21,18,3,0,9,5,2,1,0,0,7996.0,26.26,22.51,3.75
L1S,110,85,25,0,51,16,11,5,6,3,42045.0,26.16,20.22,5.95
L2J,39,31,8,0,16,3,8,1,1,4,14908.0,26.16,20.79,5.37
L2A,45,37,7,1,25,2,2,4,0,0,17293.0,26.02,21.4,4.05
L6Y,251,214,32,5,143,22,24,15,4,7,97601.0,25.72,21.93,3.28
L5L,111,99,11,1,73,5,17,3,1,3,43585.0,25.47,22.71,2.52
P0K,29,27,2,0,20,4,3,2,0,0,11456.0,25.31,23.57,1.75
L6H,183,151,32,0,94,23,14,9,5,7,72662.0,25.19,20.78,4.4
K1M,17,11,6,0,6,4,0,2,2,1,6764.0,25.13,16.26,8.87
L6X,191,162,24,5,92,23,24,7,3,7,76113.0,25.09,21.28,3.15
N3E,7,4,3,0,3,1,0,0,1,0,2802.0,24.98,14.28,10.71
N1G,74,47,24,3,27,10,2,4,2,3,29688.0,24.93,15.83,8.08
M2L,28,26,2,0,15,6,3,0,1,0,11274.0,24.84,23.06,1.77
L9S,83,65,18,0,44,10,5,3,4,6,33434.0,24.83,19.44,5.38
M9L,29,21,8,0,10,5,2,3,3,1,11737.0,24.71,17.89,6.82
L0E,54,43,11,0,23,6,10,5,1,0,21898.0,24.66,19.64,5.02
N2A,80,65,15,0,41,5,5,5,2,2,32454.0,24.65,20.03,4.62
P2A,36,29,7,0,14,6,4,3,1,0,14695.0,24.5,19.73,4.76
N4T,37,30,6,1,13,0,4,2,0,1,15161.0,24.4,19.79,3.96
L6S,132,121,11,0,72,11,25,6,1,1,54361.0,24.28,22.26,2.02
K8A,64,52,12,0,26,15,5,5,1,2,26392.0,24.25,19.7,4.55
P5N,20,17,3,0,11,5,1,1,0,0,8260.0,24.21,20.58,3.63
L9N,52,44,8,0,19,8,9,4,0,2,21656.0,24.01,20.32,3.69
K9A,64,53,11,0,22,11,11,5,4,0,26757.0,23.92,19.81,4.11
N5X,88,66,22,0,50,7,2,9,4,6,36963.0,23.81,17.86,5.95
N1M,44,40,4,0,22,8,7,1,1,0,18498.0,23.79,21.62,2.16
N6P,26,25,1,0,19,3,0,0,0,0,10943.0,23.76,22.85,0.91
L7T,44,38,6,0,21,5,6,2,1,1,18555.0,23.71,20.48,3.23
K2K,59,40,16,3,17,7,3,4,7,1,24922.0,23.67,16.05,6.42
L7N,31,28,3,0,22,2,4,1,0,0,13160.0,23.56,21.28,2.28
P1P,26,17,7,2,13,2,1,0,1,4,11083.0,23.46,15.34,6.32
L1V,123,101,20,2,61,15,12,5,4,5,52787.0,23.3,19.13,3.79
K6K,8,8,0,0,1,3,4,0,0,0,3452.0,23.17,23.17,0.0
M1V,117,101,16,0,80,7,10,5,1,6,50825.0,23.02,19.87,3.15
P0M,111,85,25,1,46,19,8,10,3,0,49727.0,22.32,17.09,5.03
K7V,31,24,7,0,16,6,1,3,3,0,13943.0,22.23,17.21,5.02
L5C,65,50,12,3,33,8,5,3,5,0,29284.0,22.2,17.07,4.1
L1C,111,86,22,3,49,14,17,13,3,2,50217.0,22.1,17.13,4.38
P1H,40,34,6,0,10,7,8,3,1,1,18099.0,22.1,18.79,3.32
L5R,81,71,10,0,39,9,11,1,2,2,37022.0,21.88,19.18,2.7
P4P,7,4,1,2,0,1,3,1,0,0,3232.0,21.66,12.38,3.09
L3T,109,91,18,0,51,15,17,5,2,6,50405.0,21.62,18.05,3.57
K7C,44,40,4,0,17,5,11,1,1,0,20382.0,21.59,19.63,1.96
N7V,25,20,5,0,10,3,3,2,2,0,11611.0,21.53,17.23,4.31
N8H,59,51,5,3,35,5,6,2,1,1,27530.0,21.43,18.53,1.82
N3Y,50,41,9,0,29,5,2,8,1,0,23402.0,21.37,17.52,3.85
L9E,36,33,3,0,14,6,2,1,0,1,16933.0,21.26,19.49,1.77
N8R,27,24,3,0,14,3,3,1,1,1,12733.0,21.2,18.85,2.36
K0E,84,69,15,0,36,15,13,6,4,1,39649.0,21.19,17.4,3.78
N2R,39,30,9,0,17,2,4,1,1,3,18445.0,21.14,16.26,4.88
N6M,18,15,3,0,4,0,4,2,0,1,8542.0,21.07,17.56,3.51
N2Z,26,22,4,0,10,5,4,0,0,4,12341.0,21.07,17.83,3.24
K7H,34,30,4,0,14,9,4,3,1,0,16175.0,21.02,18.55,2.47
L0N,5,4,1,0,4,0,0,1,0,0,2395.0,20.88,16.7,4.18
M8Z,40,29,11,0,12,8,0,5,0,4,19312.0,20.71,15.02,5.7
K4K,35,27,8,0,13,7,2,1,0,0,16958.0,20.64,15.92,4.72
N1E,92,72,18,2,32,17,13,3,3,4,44799.0,20.54,16.07,4.02
L9H,64,53,11,0,43,5,4,2,2,0,31221.0,20.5,16.98,3.52
L9M,34,31,3,0,15,7,6,1,1,0,16607.0,20.47,18.67,1.81
M1C,72,62,8,2,22,19,7,3,0,1,35642.0,20.2,17.4,2.24
L7A,210,169,41,0,88,23,14,16,5,8,104009.0,20.19,16.25,3.94
L9C,83,62,15,6,34,9,11,7,2,4,41202.0,20.14,15.05,3.64
K2G,102,84,18,0,59,8,9,7,1,4,50692.0,20.12,16.57,3.55
N0C,35,29,6,0,20,0,5,3,0,0,17537.0,19.96,16.54,3.42
K7P,49,40,9,0,24,5,5,3,1,2,24660.0,19.87,16.22,3.65
P0T,63,60,3,0,38,12,4,2,1,0,32000.0,19.69,18.75,0.94
K7S,28,23,5,0,12,4,3,2,1,1,14265.0,19.63,16.12,3.51
N5R,59,50,9,0,28,9,11,4,2,1,30680.0,19.23,16.3,2.93
N3V,3,3,0,0,3,0,0,0,0,0,1562.0,19.21,19.21,0.0
M1S,72,60,12,0,35,8,10,4,1,1,37663.0,19.12,15.93,3.19
N7G,38,34,4,0,16,6,7,2,2,0,19921.0,19.08,17.07,2.01
K0B,40,32,8,0,17,13,0,4,1,1,21020.0,19.03,15.22,3.81
M1W,89,71,18,0,53,11,3,4,1,7,47070.0,18.91,15.08,3.82
N1L,33,25,8,0,6,4,9,3,0,2,17474.0,18.89,14.31,4.58
N3L,33,23,10,0,9,2,4,3,1,2,17676.0,18.67,13.01,5.66
L4E,101,74,27,0,32,23,6,11,1,6,54606.0,18.5,13.55,4.94
P5E,10,8,2,0,6,1,1,0,0,0,5427.0,18.43,14.74,3.69
N1K,20,17,3,0,11,3,2,2,0,1,10908.0,18.34,15.58,2.75
N1A,23,20,3,0,8,8,3,0,0,1,12614.0,18.23,15.86,2.38
N4X,18,7,7,4,1,5,1,5,2,0,9946.0,18.1,7.04,7.04
K1E,26,20,6,0,9,3,3,0,0,4,14508.0,17.92,13.79,4.14
L1W,33,29,4,0,13,7,5,2,0,0,18433.0,17.9,15.73,2.17
L6L,53,46,7,0,26,5,13,2,0,1,30012.0,17.66,15.33,2.33
L2N,54,43,8,3,22,7,7,5,1,1,30719.0,17.58,14.0,2.6
L7P,52,49,3,0,25,15,9,1,0,0,29777.0,17.46,16.46,1.01
N0P,91,78,13,0,31,21,16,5,3,3,53140.0,17.12,14.68,2.45
N3W,27,26,1,0,11,5,3,0,0,0,15805.0,17.08,16.45,0.63
N3C,47,30,17,0,19,5,3,1,4,4,27518.0,17.08,10.9,6.18
L3Z,70,55,15,0,26,11,8,4,3,1,41072.0,17.04,13.39,3.65
M8X,18,15,3,0,8,3,2,0,0,2,10624.0,16.94,14.12,2.82
L7C,57,47,10,0,26,6,5,3,1,2,33846.0,16.84,13.89,2.95
L9B,42,34,7,1,26,3,4,3,0,1,25025.0,16.78,13.59,2.8
P4R,8,8,0,0,3,2,0,0,0,0,4795.0,16.68,16.68,0.0
K1W,23,16,7,0,3,6,1,4,0,3,13825.0,16.64,11.57,5.06
N2N,44,40,4,0,32,2,2,3,0,1,26596.0,16.54,15.04,1.5
N4W,22,18,4,0,11,5,2,0,0,3,13311.0,16.53,13.52,3.01
L5N,136,106,29,1,57,20,22,10,2,11,83700.0,16.25,12.66,3.46
N0G,141,121,20,0,63,23,21,4,8,0,86935.0,16.22,13.92,2.3
P1L,29,25,4,0,9,8,5,2,1,0,17984.0,16.13,13.9,2.22
N5H,25,23,0,2,13,4,4,0,0,0,15625.0,16.0,14.72,0.0
N2K,47,32,15,0,17,3,8,3,2,4,29381.0,16.0,10.89,5.11
N3A,27,24,3,0,15,6,3,2,0,1,17045.0,15.84,14.08,1.76
L9L,23,18,3,2,7,6,4,2,0,0,14620.0,15.73,12.31,2.05
N9V,34,28,4,2,14,9,3,1,0,2,21688.0,15.68,12.91,1.84
L1K,68,52,12,4,22,8,7,5,0,1,43574.0,15.61,11.93,2.75
L1E,44,37,7,0,20,5,7,3,2,1,28325.0,15.53,13.06,2.47
L5M,165,134,30,1,62,31,9,8,4,11,106468.0,15.5,12.59,2.82
M2H,36,28,8,0,12,8,2,2,1,3,23396.0,15.39,11.97,3.42
L0K,59,45,14,0,26,6,6,4,3,0,38386.0,15.37,11.72,3.65
L4B,55,38,14,3,15,11,5,2,1,3,36080.0,15.24,10.53,3.88
P0L,34,28,6,0,27,0,1,2,3,0,22859.0,14.87,12.25,2.62
L8J,43,40,3,0,29,3,5,2,0,0,29146.0,14.75,13.72,1.03
L4S,54,46,8,0,24,9,5,1,2,4,36688.0,14.72,12.54,2.18
L1T,77,61,16,0,16,21,12,5,3,1,52632.0,14.63,11.59,3.04
K1B,26,23,3,0,13,7,3,0,0,3,17769.0,14.63,12.94,1.69
P8N,14,10,4,0,7,1,0,3,0,0,9619.0,14.55,10.4,4.16
P3G,6,5,1,0,0,3,0,1,0,0,4167.0,14.4,12.0,2.4
L0S,87,66,21,0,37,9,8,7,4,3,60409.0,14.4,10.93,3.48
L4G,88,64,19,5,26,12,15,8,3,3,62061.0,14.18,10.31,3.06
M1X,21,15,6,0,6,4,1,4,1,0,14810.0,14.18,10.13,4.05
K2J,116,87,29,0,38,10,19,8,1,14,81863.0,14.17,10.63,3.54
L3X,64,57,7,0,28,12,10,3,1,2,45284.0,14.13,12.59,1.55
L6C,73,52,21,0,21,14,6,3,1,7,51738.0,14.11,10.05,4.06
L6M,102,72,29,1,35,14,11,6,4,4,72547.0,14.06,9.92,4.0
P0E,5,5,0,0,3,2,0,0,0,0,3606.0,13.87,13.87,0.0
K0M,74,60,14,0,35,8,7,2,3,3,53815.0,13.75,11.15,2.6
K0K,159,126,33,0,53,29,29,12,12,2,115850.0,13.72,10.88,2.85
L4L,76,66,10,0,34,10,7,6,2,2,55426.0,13.71,11.91,1.8
L0C,13,9,4,0,6,0,1,1,0,0,9486.0,13.7,9.49,4.22
L6B,47,30,17,0,15,12,0,8,2,3,34763.0,13.52,8.63,4.89
N2V,26,17,9,0,5,7,0,4,1,2,19428.0,13.38,8.75,4.63
L0G,60,57,3,0,24,17,7,0,1,1,44945.0,13.35,12.68,0.67
N0M,92,80,12,0,33,19,16,4,4,1,69177.0,13.3,11.56,1.73
K0C,70,58,12,0,26,3,18,4,1,2,52838.0,13.25,10.98,2.27
N4L,11,9,2,0,5,2,0,2,0,0,8337.0,13.19,10.8,2.4
L4A,66,45,21,0,20,9,7,10,2,4,50389.0,13.1,8.93,4.17
P0X,11,3,8,0,2,1,0,8,0,0,8410.0,13.08,3.57,9.51
L7J,18,12,6,0,4,4,1,1,2,1,13766.0,13.08,8.72,4.36
K1X,6,5,1,0,4,0,0,1,0,0,4594.0,13.06,10.88,2.18
P3Y,10,7,3,0,3,2,2,3,0,0,7757.0,12.89,9.02,3.87
P0J,26,21,5,0,14,2,2,2,1,1,20179.0,12.88,10.41,2.48
K2L,24,18,6,0,12,6,0,1,0,4,18739.0,12.81,9.61,3.2
N7A,16,11,5,0,5,3,3,3,1,0,12495.0,12.81,8.8,4.0
L4H,99,76,23,0,35,17,6,6,5,4,77353.0,12.8,9.83,2.97
P0S,13,11,2,0,5,3,2,0,0,0,10170.0,12.78,10.82,1.97
L9R,33,26,7,0,12,7,5,2,1,0,25949.0,12.72,10.02,2.7
N4Z,3,3,0,0,0,2,0,0,0,0,2362.0,12.7,12.7,0.0
K7G,11,11,0,0,7,1,2,0,0,0,8740.0,12.59,12.59,0.0
K4A,77,62,15,0,34,6,7,5,2,5,62125.0,12.39,9.98,2.41
L9T,137,89,48,0,38,24,11,17,10,5,110956.0,12.35,8.02,4.33
M5M,31,20,11,0,16,1,1,7,2,0,25495.0,12.16,7.84,4.31
N9H,16,13,3,0,4,2,3,0,0,0,13173.0,12.15,9.87,2.28
L0L,51,37,14,0,17,9,9,9,2,1,42022.0,12.14,8.8,3.33
N2T,25,14,9,2,10,2,2,3,1,2,20634.0,12.12,6.78,4.36
L6Z,41,31,10,0,13,8,7,4,2,1,33888.0,12.1,9.15,2.95
L3M,34,23,11,0,10,4,5,3,3,2,28433.0,11.96,8.09,3.87
N8N,29,21,2,6,8,6,3,1,1,0,24534.0,11.82,8.56,0.82
N9E,25,21,4,0,9,4,6,2,0,1,21465.0,11.65,9.78,1.86
K0A,130,114,16,0,52,32,19,8,3,2,111626.0,11.65,10.21,1.43
N7W,3,2,1,0,2,0,0,0,0,0,2578.0,11.64,7.76,3.88
P0H,37,25,12,0,15,4,0,5,4,0,31909.0,11.6,7.83,3.76
K4P,12,9,3,0,3,3,2,3,0,0,10448.0,11.49,8.61,2.87
N9Y,18,18,0,0,10,4,2,0,0,0,15836.0,11.37,11.37,0.0
N0H,61,53,8,0,30,6,8,1,2,3,53674.0,11.36,9.87,1.49
P0G,4,4,0,0,4,0,0,0,0,0,3553.0,11.26,11.26,0.0
L5V,55,41,14,0,14,13,5,3,2,2,49149.0,11.19,8.34,2.85
L4J,84,65,19,0,28,16,8,6,3,3,75120.0,11.18,8.65,2.53
N9G,23,18,5,0,4,4,2,2,0,1,20712.0,11.1,8.69,2.41
L6P,101,76,25,0,34,20,6,9,1,7,91155.0,11.08,8.34,2.74
N0J,37,27,10,0,10,10,4,7,0,2,33457.0,11.06,8.07,2.99
P3P,17,12,3,2,7,4,0,1,0,0,15408.0,11.03,7.79,1.95
L1Z,35,25,10,0,13,4,3,3,1,1,31989.0,10.94,7.82,3.13
N9K,3,3,0,0,3,0,0,0,0,0,2757.0,10.88,10.88,0.0
L9W,53,32,14,7,14,8,4,3,0,5,48790.0,10.86,6.56,2.87
P8T,6,4,2,0,3,0,0,1,0,0,5541.0,10.83,7.22,3.61
N1T,20,16,4,0,9,1,2,2,0,0,18513.0,10.8,8.64,2.16
P0R,14,14,0,0,10,2,0,0,0,0,12976.0,10.79,10.79,0.0
L7B,19,14,5,0,9,1,0,0,1,1,17809.0,10.67,7.86,2.81
P9N,15,15,0,0,5,8,0,0,0,0,14088.0,10.65,10.65,0.0
N0N,45,36,9,0,19,7,6,3,4,2,42297.0,10.64,8.51,2.13
L7K,9,7,2,0,2,2,3,1,0,1,8486.0,10.61,8.25,2.36
L3R,65,50,15,0,23,13,4,7,0,3,62060.0,10.47,8.06,2.42
L8B,27,18,9,0,11,3,3,4,3,1,25778.0,10.47,6.98,3.49
K0L,81,68,13,0,26,24,8,6,0,1,78142.0,10.37,8.7,1.66
K0H,48,40,8,0,20,9,7,2,1,0,47286.0,10.15,8.46,1.69
P0A,18,16,2,0,7,2,5,2,0,0,17822.0,10.1,8.98,1.12
L1R,42,35,7,0,16,7,7,2,0,2,42221.0,9.95,8.29,1.66
L1B,13,8,5,0,5,2,0,1,0,1,13203.0,9.85,6.06,3.79
L6J,24,17,7,0,9,6,2,2,1,0,24420.0,9.83,6.96,2.87
N4B,8,8,0,0,4,2,1,0,0,0,8223.0,9.73,9.73,0.0
N0A,31,27,4,0,14,6,3,2,1,1,31957.0,9.7,8.45,1.25
L9K,15,13,2,0,6,1,2,1,0,1,15928.0,9.42,8.16,1.26
K1C,35,18,17,0,11,3,3,7,4,2,37235.0,9.4,4.83,4.57
P0W,6,5,1,0,3,2,0,1,0,0,6454.0,9.3,7.75,1.55
K0G,37,34,3,0,19,6,5,1,0,0,39862.0,9.28,8.53,0.75
K8H,15,12,3,0,10,0,1,2,1,0,16188.0,9.27,7.41,1.85
K4M,13,12,1,0,6,3,2,0,1,0,14380.0,9.04,8.34,0.7
K9L,7,3,4,0,3,0,0,2,0,0,7813.0,8.96,3.84,5.12
N4V,3,3,0,0,1,0,1,0,0,0,3477.0,8.63,8.63,0.0
L6A,76,57,19,0,28,10,13,7,7,1,89287.0,8.51,6.38,2.13
K4B,4,2,2,0,1,1,0,1,0,0,4704.0,8.5,4.25,4.25
N0K,21,20,1,0,8,8,3,0,0,0,24817.0,8.46,8.06,0.4
L6R,78,59,19,0,27,18,5,8,2,5,93783.0,8.32,6.29,2.03
L7M,40,28,10,2,12,8,3,6,1,0,48498.0,8.25,5.77,2.06
N0L,41,30,11,0,14,7,5,7,2,0,49817.0,8.23,6.02,2.21
N8P,12,7,5,0,4,2,0,2,1,1,14603.0,8.22,4.79,3.42
L0H,1,1,0,0,0,0,0,0,0,0,1223.0,8.18,8.18,0.0
N0B,71,57,14,0,28,8,10,5,0,0,86919.0,8.17,6.56,1.61
N5L,3,3,0,0,1,1,1,0,0,0,3714.0,8.08,8.08,0.0
L6E,31,19,12,0,8,5,0,6,0,1,38387.0,8.08,4.95,3.13
K2R,1,1,0,0,0,0,1,0,0,0,1237.0,8.08,8.08,0.0
L1M,18,17,1,0,4,7,5,0,0,0,22542.0,7.99,7.54,0.44
N9J,16,14,2,0,8,1,1,0,1,1,20089.0,7.96,6.97,1.0
L7L,37,32,5,0,17,5,2,0,0,2,47433.0,7.8,6.75,1.05
L9X,10,9,1,0,5,0,0,0,0,0,12896.0,7.75,6.98,0.78
K2S,30,22,8,0,11,3,3,6,0,1,38903.0,7.71,5.66,2.06
P7G,10,6,4,0,1,3,2,1,1,0,13238.0,7.55,4.53,3.02
P3N,6,3,3,0,1,0,0,0,0,1,7980.0,7.52,3.76,3.76
L7G,35,25,7,3,14,4,0,2,1,2,48051.0,7.28,5.2,1.46
L0M,27,22,5,0,9,5,1,2,0,1,37226.0,7.25,5.91,1.34
L0B,11,8,3,0,5,2,1,1,0,0,15501.0,7.1,5.16,1.94
K0J,24,21,3,0,10,9,0,1,1,1,34322.0,6.99,6.12,0.87
L7E,24,18,6,0,8,3,1,5,0,0,34516.0,6.95,5.21,1.74
L0R,58,38,20,0,16,7,5,13,2,0,83602.0,6.94,4.55,2.39
L3S,38,31,7,0,13,11,3,3,2,0,55403.0,6.86,5.6,1.26
L5W,16,7,9,0,2,1,2,0,2,4,24145.0,6.63,2.9,3.73
K4C,3,2,1,0,0,2,0,0,0,0,4538.0,6.61,4.41,2.2
L0A,10,8,2,0,6,1,0,1,0,0,15325.0,6.53,5.22,1.31
N3B,8,8,0,0,4,0,2,0,0,0,13190.0,6.07,6.07,0.0
L0J,3,3,0,0,1,1,0,0,0,0,4945.0,6.07,6.07,0.0
L9G,15,10,5,0,5,2,3,2,1,0,25020.0,6.0,4.0,2.0
K2M,17,12,2,3,6,3,0,0,0,1,28708.0,5.92,4.18,0.7
P0P,12,8,4,0,7,1,0,2,0,0,20285.0,5.92,3.94,1.97
K2W,5,5,0,0,0,4,1,0,0,0,8553.0,5.85,5.85,0.0
N0E,21,13,8,0,3,5,1,5,0,0,36557.0,5.74,3.56,2.19
P0V,12,9,3,0,3,2,1,1,1,0,22944.0,5.23,3.92,1.31
P0B,5,4,1,0,2,1,0,0,0,0,9589.0,5.21,4.17,1.04
L0P,4,3,1,0,1,1,0,0,0,0,7779.0,5.14,3.86,1.29
L2W,1,0,0,1,0,0,0,0,0,0,1959.0,5.1,0.0,0.0
N0R,24,18,6,0,13,2,0,0,1,0,50203.0,4.78,3.59,1.2
L3P,16,11,5,0,6,2,0,0,0,2,37336.0,4.29,2.95,1.34
N1P,3,2,1,0,2,0,0,1,0,0,7991.0,3.75,2.5,1.25
L9P,5,5,0,0,5,0,0,0,0,0,17383.0,2.88,2.88,0.0
K4R,2,2,0,0,1,0,0,0,0,0,8740.0,2.29,2.29,0.0
P0C,1,1,0,0,0,0,0,0,0,0,4824.0,2.07,2.07,0.0
P7J,1,1,0,0,1,0,0,0,0,0,4859.0,2.06,2.06,0.0
E7B,1,0,1,0,0,0,0,0,0,0,5641.0,1.77,0.0,1.77
P7K,1,0,1,0,0,0,0,0,0,1,6801.0,1.47,0.0,1.47
B3K,1,1,0,0,1,0,0,0,0,0,23207.0,0.43,0.43,0.0
C1A,1,0,1,0,0,0,0,0,1,0,25861.0,0.39,0.0,0.39
L3J,22,13,6,3,5,3,4,0,1,2,,,,
N8L,14,13,0,1,4,5,0,0,0,0,,,,
L3W,13,11,2,0,10,0,1,2,0,0,,,,
N5G,4,4,0,0,0,0,4,0,0,0,,,,
L3E,1,1,0,0,0,1,0,0,0,0,,,,
N9X,1,0,1,0,0,0,0,0,0,0,,,,
K3V,1,1,0,0,0,1,0,0,0,0,,,,
M0B,1,1,0,0,1,0,0,0,0,0,,,,
P6P,1,0,1,0,0,0,0,0,0,0,,,,
K6N,1,0,1,0,0,0,0,0,1,0,,,,
L4F,1,0,1,0,0,0,0,1,0,0,,,,
N0W,1,1,0,0,0,0,0,0,0,0,,,,
P6G,1,1,0,0,1,0,0,0,0,0,,,,
N2W,1,1,0,0,1,0,0,0,0,0,,,,
N9S,1,1,0,0,1,0,0,0,0,0,,,,
N4J,1,0,1,0,0,0,0,0,0,1,,,,
L2C,1,0,1,0,0,0,0,0,0,0,,,,
