fsa,population_2021,households_total,households_owner,households_renter,pct_renter,median_household_income,median_household_income_after_tax,tenant_households,pct_tenant_subsidized,pct_tenant_shelter_over_30pct,pct_tenant_core_housing_need,median_monthly_rent,average_monthly_rent,rent_to_income_ratio
K0A,111626,42325,36775,5545,13.1,115000,98000,5495,9.7,34.6,20.7,1130,1204,12.6
K0B,21020,8875,7110,1765,19.89,79000,70500,1725,9,31.3,10.1,840,892,13.5
K0C,52838,21605,17705,3900,18.05,84000,74500,3830,11,29.2,9.9,900,966,13.8
K0E,39649,16440,13830,2615,15.91,83000,73500,2590,13.1,31.8,14.1,950,966,14
K0G,39862,16265,14250,2015,12.39,94000,82000,2005,12.2,33.2,21.9,1100,1160,14.8
K0H,47286,19110,17290,1825,9.55,92000,81000,1815,13.8,28.9,23.1,900,979,12.8
K0J,34322,14845,12845,1950,13.14,76000,68000,1925,13.2,28.3,17.1,850,879,13.9
K0K,115850,46955,40055,6590,14.03,83000,74000,6370,13.3,35.2,18.8,1000,1086,15.7
K0L,78142,32960,28895,4015,12.18,79000,70500,3935,19.1,36.8,20.1,950,1020,15.5
K0M,53815,23575,20795,2775,11.77,80000,71000,2755,16.9,33.6,24,970,1047,15.7
K1A,594,330,0,325,98.48,73500,65000,330,0,60.6,10,1980,1870,30.5
K1B,17769,6680,4465,2210,33.08,96000,83000,2215,9.5,28.5,24.7,1390,1350,16.9
K1C,37235,14130,11815,2320,16.42,117000,99000,2315,8,36.9,25.1,1620,1572,16.1
K1E,14508,5785,5075,715,12.36,110000,94000,710,4.9,41.5,24.5,1440,1484,16.2
K1G,35074,14715,7430,7280,49.47,83000,73000,7280,19.9,35.2,26.7,1260,1254,18.1
K1H,16306,7100,4435,2665,37.54,103000,88000,2670,23.8,35.2,24.9,1220,1210,14.1
K1J,28268,11115,7450,3665,32.97,94000,82000,3660,12.3,32.9,26.8,1380,1420,18.1
K1K,32046,14485,5930,8555,59.06,73500,65000,8555,30.3,29.3,24.8,1170,1193,19.5
K1L,18213,9710,3195,6515,67.1,63200,56000,6520,10.1,39,32.2,1120,1166,22.1
K1M,6764,3020,1770,1250,41.39,128000,105000,1255,2.8,30.2,16.4,1500,1664,15.6
K1N,26639,14480,3495,10985,75.86,64000,56800,10985,19.4,38.8,21.2,1280,1308,24.5
K1P,645,425,190,230,54.12,87000,73500,235,0,42.2,9.8,1760,1780,24.6
K1R,20343,11625,3555,8075,69.46,74000,64500,8075,15.5,34.9,21.3,1340,1366,22.2
K1S,31257,14375,7370,7000,48.7,106000,90000,7000,4.2,39.4,16.2,1440,1576,17.8
K1T,40054,13635,10000,3635,26.66,107000,93000,3635,17.6,35.6,29.1,1440,1458,16.4
K1V,57157,22015,12850,9170,41.65,93000,82000,9165,22.5,31.6,27.6,1250,1286,16.6
K1W,13825,4635,3990,640,13.81,141000,118000,640,2.3,28.3,9.6,2000,1900,16.2
K1X,4594,1530,1260,265,17.32,133000,112000,270,0,33.3,15.7,2160,1940,17.5
K1Y,20712,10135,5205,4930,48.64,99000,84000,4935,14.2,31.9,20,1360,1414,17.1
K1Z,22714,10715,4005,6710,62.62,77000,67500,6715,24.6,30.3,26.4,1180,1213,18.9
K2A,17156,7470,4455,3020,40.43,105000,90000,3015,9.6,40.3,28.1,1260,1364,15.6
K2B,33254,15030,5415,9615,63.97,72000,63600,9620,15.3,33.7,28.2,1290,1276,21.3
K2C,29359,12395,6800,5595,45.14,86000,75500,5595,6.5,37.8,23.8,1400,1420,19.8
K2E,20172,8180,4550,3630,44.38,89000,78500,3625,12.1,38.7,28.2,1420,1528,20.6
K2G,50692,17935,12975,4955,27.63,114000,98000,4955,5.9,35.3,19.6,1700,1688,17.8
K2H,26759,10870,8305,2560,23.55,100000,87000,2550,14.7,34.8,24.5,1490,1468,17.6
K2J,81863,27445,22265,5175,18.86,122000,104000,5180,4.5,35,17.3,1940,1870,18.4
K2K,24922,9400,6590,2815,29.95,116000,98000,2810,5.9,49.6,17.3,1960,1990,20.6
K2L,18739,7170,5965,1205,16.81,106000,92000,1205,10.8,27.5,19.7,1450,1436,16.3
K2M,28708,9970,8615,1350,13.54,133000,112000,1350,9.3,25,16,1960,1724,15.6
K2P,18825,12520,2375,10140,80.99,66500,58000,10140,14.4,34.5,20.5,1300,1290,23.3
K2R,1237,415,390,20,4.82,164000,134000,25,0,0,0,,1600,11.7
K2S,38903,13675,11850,1825,13.35,137000,114000,1820,1.9,42.5,15.7,2100,2214,19.4
K2T,11871,3960,3090,870,21.97,141000,117000,870,0,36.6,16.5,2080,2028,17.3
K2V,10486,3560,2635,925,25.98,128000,108000,925,0,31.5,13.6,2200,2088,19.6
K2W,8553,2675,2405,275,10.28,159000,132000,270,0,31.5,10.6,2140,2060,15.5
K4A,62125,21465,18560,2905,13.53,128000,108000,2905,1.5,37.1,16.9,1940,1924,18
K4B,4704,1700,1475,220,12.94,129000,109000,220,0,27.9,22,1200,1230,11.4
K4C,4538,1600,1455,140,8.75,143000,118000,140,0,18.5,14.8,1300,1280,10.7
K4K,16958,6610,5155,1455,22.01,104000,89000,1455,9.3,34.1,31,1170,1214,14
K4M,14380,5180,4655,525,10.14,146000,121000,530,6.6,43.4,21.2,2000,1970,16.2
K4P,10448,3490,3265,225,6.45,155000,129000,220,0,36.4,20.9,1600,1550,12
K4R,8740,3200,2810,390,12.19,127000,107000,380,5.3,34.2,21.1,1350,1400,13.2
K6A,12529,6050,3500,2550,42.15,58000,53200,2555,19.4,32,14.2,810,833,17.2
K6H,30440,13495,7420,6075,45.02,61200,56400,6075,19.7,36.6,22.5,860,919,18
K6J,17827,8015,4350,3660,45.66,60400,55200,3660,18.9,34.2,20.8,880,938,18.6
K6K,3452,1435,1125,315,21.95,83000,73500,310,0,25.8,6.5,1100,1170,16.9
K6T,690,270,260,10,3.7,108000,94000,0,,,,,,
K6V,28174,13145,8350,4800,36.52,68500,62000,4795,18,38.1,22.8,970,1022,17.9
K7A,17575,7580,5445,2135,28.17,74500,67000,2135,15.9,42.7,22.9,1000,1065,17.2
K7C,20382,8215,6525,1690,20.57,99000,85000,1690,9.5,45.2,16.4,1410,1416,17.2
K7G,8740,3965,2945,1015,25.6,77500,69000,1020,12.3,35.1,10,1000,1032,16
K7H,16175,7160,5425,1740,24.3,82000,72000,1735,13.8,35.2,19.2,980,1041,15.2
K7K,33705,15560,6785,8780,56.43,67000,60400,8775,18.7,37.5,22.2,1120,1160,20.8
K7L,19621,9265,4230,5040,54.4,72500,64000,5035,6.7,52.3,14.9,1310,1448,24
K7M,49268,21695,12385,9305,42.89,77500,69500,9305,10.3,42,21.6,1260,1334,20.7
K7N,8395,3290,2475,815,24.77,91000,80000,810,2.5,34.8,25.3,1100,1308,17.2
K7P,24660,9355,7175,2180,23.3,105000,91000,2180,1.8,39.2,12.7,1590,1612,18.4
K7R,15480,6380,4495,1885,29.55,77000,69000,1880,18.9,42,20.2,1020,1159,18.1
K7S,14265,6160,4380,1775,28.81,83000,73000,1775,18.3,32.3,19.5,1010,1077,15.6
K7V,13943,6325,4465,1855,29.33,70000,63200,1850,20.8,33,14,880,921,15.8
K8A,26392,11335,7970,3370,29.73,75000,67000,3365,17.4,35.8,22.1,950,987,15.8
K8B,490,160,155,0,,136000,116000,0,,,,,,
K8H,16188,5950,3650,2300,38.66,102000,89000,2300,18.3,12.9,4.1,940,1043,12.3
K8N,30393,13250,9255,3995,30.15,79000,70500,3990,15.9,39.6,26.4,1050,1125,17.1
K8P,23166,10025,5220,4805,47.93,64500,58800,4800,18.9,40.9,28.2,1090,1127,21
K8R,2012,780,660,120,15.38,97000,85000,120,0,45.8,12.5,1740,1640,20.3
K8V,28936,12195,8125,4075,33.42,76500,68500,4070,15.1,29.3,22.8,1000,1058,16.6
K9A,26757,11515,8520,2995,26.01,82000,73000,2990,13.4,41.7,23.1,1210,1324,19.4
K9H,29704,13495,7130,6370,47.2,64000,58800,6365,20.4,44.6,28.5,1080,1157,21.7
K9J,44547,18925,11735,7170,37.89,72500,65500,7155,14.5,41.9,29.3,1110,1182,19.6
K9K,13359,5010,4095,910,18.16,98000,86000,915,7.1,38.3,15.1,1350,1564,19.2
K9L,7813,3070,2505,560,18.24,94000,83000,555,0,48.6,20,1470,1535,19.6
K9V,29369,12295,8785,3510,28.55,72500,65000,3510,21.9,44.4,31.9,1100,1114,18.4
L0A,15325,5440,5055,380,6.99,114000,97000,370,8.1,31.1,16.2,1150,1272,13.4
L0B,15501,5765,5300,465,8.07,111000,95000,455,6.6,37.4,26.4,1150,1345,14.5
L0C,9486,3285,2980,305,9.28,117000,100000,305,6.6,29.5,17.2,1310,1240,12.7
L0E,21898,8670,7220,1430,16.49,90000,79000,1405,14.6,35.6,28.3,1170,1284,17.1
L0G,44945,15635,13815,1815,11.61,118000,101000,1805,6.9,35.9,23.9,1460,1548,15.7
L0H,1223,420,315,105,25,118000,101000,100,0,40,0,1590,1680,17.1
L0J,4945,1475,1355,120,8.14,198000,157000,120,0,37.5,0,2000,1920,11.6
L0K,38386,15810,14140,1665,10.53,88000,77500,1645,13.4,34,18.4,1120,1224,16.7
L0L,42022,15445,13805,1645,10.65,106000,92000,1615,4.3,37.3,22.8,1260,1382,15.6
L0M,37226,13305,11055,2255,16.95,103000,89000,2235,12.1,25.6,11,1130,1277,14.9
L0N,2395,775,720,60,7.74,118000,102000,55,0,27.3,0,1230,1480,15.1
L0P,7779,2630,2385,245,9.32,135000,114000,240,0,27.7,24.4,1580,1590,14.1
L0R,83602,29025,25620,3405,11.73,110000,95000,3355,8.3,32,15.6,1350,1442,15.7
L0S,60409,24200,21005,3195,13.2,95000,83000,3175,7.4,40.3,20.2,1220,1350,17.1
L1A,15845,6790,5235,1560,22.97,86000,75500,1560,12.2,45.5,35,1170,1268,17.7
L1B,13203,5140,4585,550,10.7,101000,87000,555,5.4,41.3,29,1560,1560,18.5
L1C,50217,17680,14165,3515,19.88,109000,94000,3510,7.5,41.4,23.4,1570,1642,18.1
L1E,28325,9645,8890,755,7.83,123000,105000,760,0,34.9,18.1,1720,1644,16
L1G,43497,18550,10415,8135,43.85,75500,67500,8130,11.6,44.7,32,1300,1324,21
L1H,32298,13665,8035,5635,41.24,73500,66000,5625,19.2,40.4,33.6,1150,1195,19.5
L1J,43107,17160,10375,6780,39.51,78000,70000,6780,9.5,41.4,34.3,1240,1294,19.9
L1K,43574,13510,11305,2200,16.28,119000,102000,2205,8.4,42.9,13.9,2100,2062,20.8
L1L,12976,3770,2640,1130,29.97,112000,98000,1130,0,46.5,19.2,2320,2324,24.9
L1M,22542,6920,6480,440,6.36,154000,127000,445,0,33.7,17.9,2100,1880,14.6
L1N,49649,19110,14000,5110,26.74,100000,87000,5110,17.2,41.3,28.8,1300,1328,15.9
L1P,22928,6940,5660,1280,18.44,132000,112000,1285,11.3,37.9,23.2,1620,1836,16.7
L1R,42221,13105,11635,1475,11.26,135000,114000,1470,21.4,36.1,17.2,1900,1912,17
L1S,42045,15685,11755,3930,25.06,100000,87000,3925,9.9,37.7,28.2,1500,1522,18.3
L1T,52632,14990,13195,1790,11.94,130000,112000,1795,17.8,38.1,24.1,1600,1758,16.2
L1V,52787,17830,15320,2505,14.05,118000,102000,2510,15.1,37.8,25.2,1660,1696,17.2
L1W,18433,7090,5750,1340,18.9,106000,90000,1340,7.1,38.7,27.6,1740,1680,19
L1X,24639,7330,6460,870,11.87,129000,110000,865,2.3,43.4,25.1,2160,1940,18
L1Y,1976,730,575,155,21.23,133000,110000,145,0,24.1,17.2,1360,1480,13.4
L1Z,31989,8815,8010,805,9.13,134000,114000,805,1.9,37.9,19.9,2300,2124,19
L2A,17293,7265,5375,1890,26.02,72500,65500,1890,18,35.9,28,950,1025,17
L2E,18587,8380,5085,3300,39.38,60800,55600,3295,14.9,42,28.1,1070,1108,21.9
L2G,30344,12495,7895,4605,36.85,69000,62800,4600,13.9,38.4,22.3,1120,1212,21.1
L2H,29820,10355,8230,2125,20.52,91000,82000,2120,23.6,38.3,18.7,1290,1424,18.8
L2J,14908,6190,5035,1155,18.66,81000,72500,1155,15.2,38.9,22.7,1100,1132,16.8
L2M,33704,14430,9195,5235,36.28,72000,65000,5235,17.6,39.5,23.8,1180,1170,19.5
L2N,30719,13250,9680,3570,26.94,78500,69500,3570,15.4,42.3,25.4,1130,1212,18.5
L2P,15128,6450,4120,2325,36.05,71000,64500,2325,13.8,39.8,24.4,1200,1211,20.5
L2R,25558,11980,5980,6000,50.08,61200,55200,5995,14.3,42.3,28.4,990,1068,20.9
L2S,19400,7595,5560,2030,26.73,82000,74000,2030,23.6,37.9,22.8,1060,1184,17.3
L2T,11401,4880,3260,1615,33.09,74500,67000,1615,4.6,46.2,22,1330,1384,22.3
L2V,19795,7795,5330,2465,31.62,80000,72000,2470,10.1,36.4,21.8,1010,1234,18.5
L2W,1959,675,455,225,33.33,110000,96000,225,55.6,25,23.3,820,870,9.5
L3B,25869,10965,7185,3785,34.52,66500,60400,3780,14.3,43.1,32.3,970,1075,19.4
L3C,33462,13940,10120,3825,27.44,78500,70000,3820,14.3,36.9,23.1,1070,1131,17.3
L3K,19458,8760,6380,2385,27.23,70000,63200,2380,13.7,36.6,28.4,930,982,16.8
L3L,879,255,220,40,15.69,162000,136000,35,0,0,0,1280,1500,11.1
L3M,28433,11245,9290,1955,17.39,104000,89000,1950,5.4,42.8,25,1620,1536,17.7
L3P,37336,12645,10800,1845,14.59,115000,100000,1845,16.8,40.2,30.6,1410,1552,16.2
L3R,62060,21155,17545,3615,17.09,93000,83000,3610,4.3,51.8,29.1,1920,1896,24.5
L3S,55403,14990,12475,2515,16.78,106000,96000,2520,5.8,32.1,23.8,1300,1524,17.3
L3T,50405,19830,15025,4800,24.21,95000,83000,4805,5.7,52.2,33.7,1880,1896,23.9
L3V,48651,20395,14165,6085,29.84,77500,69500,6055,14,43.6,24.2,1170,1252,19.4
L3X,45284,13940,11795,2145,15.39,129000,111000,2145,18.9,35.5,22.6,2040,1886,17.5
L3Y,43556,16715,11425,5285,31.62,93000,82000,5280,16.7,41.2,30.1,1400,1500,19.4
L3Z,41072,12785,10650,2135,16.7,114000,98000,2140,7.7,33.1,25,1500,1606,16.9
L4A,50389,16925,14885,2045,12.08,122000,104000,2035,5.2,43.2,27.8,1640,1738,17.1
L4B,36080,12915,10335,2580,19.98,97000,84000,2585,6,55.5,29.8,1960,2048,25.3
L4C,74636,28600,19915,8680,30.35,86000,76000,8680,18,47.5,33.6,1600,1666,23.2
L4E,54606,16640,14505,2130,12.8,127000,109000,2135,3,57.4,23.2,2500,2458,23.2
L4G,62061,21510,17475,4035,18.76,119000,102000,4030,10.7,44.1,27,1800,1860,18.8
L4H,77353,21840,20180,1660,7.6,144000,122000,1660,2.1,49.4,19.9,2640,2410,20.1
L4J,75120,26250,22395,3860,14.7,115000,99000,3855,8.4,49.8,28,1940,1918,20
L4K,20172,7675,5190,2485,32.38,92000,80000,2485,4.2,58.3,29.9,1980,1930,25.2
L4L,55426,19845,16895,2950,14.87,110000,95000,2955,12.7,45.8,28.1,1920,1844,20.1
L4M,46902,18410,11390,7020,38.13,87000,76500,7015,11.5,42.6,26.8,1450,1470,20.3
L4N,100835,36800,26190,10610,28.83,97000,85000,10615,10.9,42.2,25.7,1550,1552,19.2
L4P,29861,10825,8630,2195,20.28,102000,88000,2190,16.2,42.2,33.6,1480,1494,17.6
L4R,19245,8460,5750,2705,31.97,70500,63200,2695,20.8,41.9,25.4,1070,1127,19.2
L4S,36688,11160,9455,1705,15.28,119000,104000,1705,12.3,55.2,30.4,2600,2314,23.3
L4T,38182,11410,6835,4580,40.14,84000,77000,4580,10.9,33.2,28.7,1350,1396,19.9
L4V,5,,,,,,,,,,,,,
L4W,19744,7130,5560,1570,22.02,105000,92000,1565,14.1,31.7,24.7,1500,1498,17.1
L4X,18719,6785,3190,3590,52.91,81000,73000,3590,9.3,37.5,35.8,1410,1450,21.5
L4Y,23490,8860,6015,2850,32.17,89000,79000,2845,16.2,41.5,35.3,1550,1494,20.1
L4Z,37218,12820,9180,3645,28.43,100000,87000,3640,20.1,35.2,23.9,1700,1616,19.4
L5A,47406,18140,9090,9045,49.86,80000,72000,9050,11.1,38.2,32.1,1510,1494,22.4
L5B,67131,27310,15100,12210,44.71,79000,69500,12210,11.5,46.7,28,1860,1730,26.3
L5C,29284,9880,7320,2565,25.96,102000,90000,2560,18.6,31.9,27.6,1410,1474,17.3
L5E,12972,5335,4105,1230,23.06,98000,85000,1230,16.3,41.6,29,1400,1540,18.9
L5G,20714,8695,4970,3730,42.9,95000,82000,3725,5.9,40,29.9,1410,1610,20.3
L5H,17409,6280,4980,1300,20.7,139000,116000,1305,3.1,46.5,31.4,1480,1766,15.2
L5J,28208,10640,7895,2750,25.85,107000,92000,2750,8.9,39.4,29.2,1540,1658,18.6
L5K,13363,4585,2985,1600,34.9,102000,90000,1605,16.2,38.2,35.1,1350,1476,17.4
L5L,43585,15205,11955,3255,21.41,110000,95000,3255,28.4,31.1,22.5,1400,1536,16.8
L5M,106468,32265,24710,7555,23.42,118000,102000,7550,10.5,44.7,24.2,2140,2052,20.9
L5N,83700,26590,22025,4565,17.17,123000,106000,4565,9.6,35,24.3,1700,1734,16.9
L5R,37022,12690,9395,3290,25.93,99000,86000,3295,13.8,39.1,24.5,1960,1810,21.9
L5S,27,,,,,,,,,,,,,
L5T,19,,,,,,,,,,,,,
L5V,49149,13635,11255,2380,17.46,126000,110000,2380,26.5,31,21.9,1600,1742,16.6
L5W,24145,6310,5655,660,10.46,142000,123000,655,0,31.8,14.5,2280,2000,16.9
L6A,89287,26605,23080,3525,13.25,133000,115000,3520,4.8,50.6,24.3,2280,2282,20.6
L6B,34763,10150,8425,1720,16.95,121000,104000,1710,1.8,49,22.1,2300,2196,21.8
L6C,51738,15895,13650,2250,14.16,118000,102000,2250,9.3,46.3,23.3,2380,2212,22.5
L6E,38387,11690,10190,1495,12.79,115000,100000,1495,1,49.7,26.5,2240,2114,22.1
L6G,8364,4505,2430,2070,45.95,61200,54800,2070,5.1,55.6,29.3,1920,1850,36.3
L6H,72662,24750,19100,5645,22.81,123000,104000,5640,8.8,48.6,22.9,2160,2204,21.5
L6J,24420,8295,6965,1325,15.97,158000,129000,1330,10.2,48.1,27,1800,2418,18.4
L6K,14118,6315,3190,3120,49.41,83000,73000,3120,19.4,43.9,31.4,1490,1584,22.9
L6L,30012,11275,8930,2345,20.8,122000,103000,2345,7.9,46.5,23.8,1900,2118,20.8
L6M,72547,22930,18840,4090,17.84,143000,119000,4090,12.7,42.4,19,2500,2428,20.4
L6P,91155,20980,18700,2280,10.87,134000,118000,2280,3.5,40.7,24,1900,1912,17.1
L6R,93783,23260,20000,3260,14.02,116000,103000,3260,5.5,37.6,21.3,1740,1812,18.7
L6S,54361,16840,13755,3090,18.35,105000,93000,3085,7.6,35.3,25.5,1600,1622,18.5
L6T,39614,13615,7325,6290,46.2,83000,74500,6285,13.7,34,29.7,1530,1522,22
L6V,42392,13860,9555,4305,31.06,93000,83000,4305,11.7,37.3,29.8,1360,1486,19.2
L6W,23547,8350,5080,3270,39.16,87000,77000,3265,22.7,36.4,35.8,1280,1273,17.6
L6X,76113,20995,16595,4400,20.96,116000,102000,4390,9.2,36.9,25.1,1550,1668,17.3
L6Y,97601,27630,19365,8260,29.9,106000,94000,8260,14.8,36.6,26.2,1430,1506,17
L6Z,33888,10075,8780,1295,12.85,119000,103000,1290,8.1,34,24.5,1600,1680,16.9
L7A,104009,26855,23310,3550,13.22,124000,108000,3550,2.5,42.6,19.4,2420,2190,21.2
L7B,17809,5535,4990,550,9.94,154000,127000,540,7.4,36.4,12.6,1800,1880,14.6
L7C,33846,9560,8460,1105,11.56,134000,115000,1085,5.5,36.9,20.9,1820,1864,16.7
L7E,34516,11320,10220,1100,9.72,132000,111000,1100,14.1,43.8,28.9,1740,1768,16.1
L7G,48051,16585,14285,2305,13.9,132000,111000,2295,14.4,41.5,30.2,1400,1522,13.8
L7J,13766,4960,4155,805,16.23,110000,95000,805,16.1,39.8,36.9,1210,1304,14.2
L7K,8486,2925,2605,325,11.11,134000,113000,315,12.7,41.9,35,1450,1500,13.4
L7L,47433,17500,14660,2840,16.23,122000,103000,2845,12.7,46.7,15.3,1940,1972,19.4
L7M,48498,16950,15185,1765,10.41,131000,110000,1760,13.1,38.6,15.6,1920,1874,17.2
L7N,13160,5380,3785,1595,29.65,101000,87000,1595,10.3,48.7,29,1420,1500,17.8
L7P,29777,10915,9250,1670,15.3,117000,100000,1665,8.7,35.7,19.1,1430,1500,15.4
L7R,17338,8300,4100,4205,50.66,86000,74500,4200,10.5,44.6,19.6,1590,1678,23.4
L7S,12207,6155,3120,3030,49.23,77000,67500,3030,11.6,47.3,23.8,1570,1542,24
L7T,18555,7990,4870,3120,39.05,93000,81000,3120,8.5,47.9,19,1780,1780,23
L8B,25778,8930,7700,1225,13.72,131000,110000,1220,7.8,42.2,18.4,1640,1700,15.6
L8E,41927,15295,10860,4435,29,91000,81000,4435,6.7,33.9,25.5,1200,1324,17.5
L8G,21805,9290,6125,3165,34.07,77000,69000,3160,11.4,40.7,31.3,1030,1259,19.6
L8H,26187,11265,7430,3835,34.04,70000,63200,3830,16.1,39.7,35.4,1050,1155,19.8
L8J,29146,9300,7685,1615,17.37,114000,98000,1615,21.4,30.7,18.6,1800,1628,17.1
L8K,32598,13925,8910,5010,35.98,75000,67000,5005,13,36.1,30.6,1050,1161,18.6
L8L,32312,13040,6820,6220,47.7,65000,58800,6220,13.8,39.8,32.8,1140,1187,21.9
L8M,13774,6425,2580,3845,59.84,61200,55600,3845,15.3,42.9,35.3,1090,1116,21.9
L8N,15568,7685,1955,5725,74.5,54800,49600,5725,8.9,40.7,32.7,1020,1095,24
L8P,24773,13490,4140,9345,69.27,58000,52000,9350,15.4,38.6,27.8,1080,1140,23.6
L8R,11651,5710,1820,3890,68.13,53600,48800,3895,24,34.5,30.6,990,1020,22.8
L8S,15787,7115,2805,4310,60.58,62800,57200,4310,6,44.6,23.9,1150,1259,24.1
L8T,19405,7735,5190,2545,32.9,85000,75500,2550,10,34.5,24.9,1120,1239,17.5
L8V,21165,9380,5285,4095,43.66,68500,62400,4100,18.9,37.1,29.4,1010,1116,19.6
L8W,26077,8510,6475,2035,23.91,101000,89000,2035,34.4,24.4,19.1,1200,1179,14
L9A,25899,10195,6775,3425,33.59,81000,72000,3420,11.1,34.8,26.6,1170,1252,18.5
L9B,25025,8370,6750,1620,19.35,105000,92000,1620,29,27.8,15.9,1220,1259,14.4
L9C,41202,14690,10445,4245,28.9,92000,81000,4240,12.7,30.1,21.2,1210,1334,17.4
L9E,16933,4860,3620,1240,25.51,124000,106000,1240,2,49.2,19.2,2600,2496,24.2
L9G,25020,8950,8050,905,10.11,138000,115000,900,7.2,39.7,14,2000,1776,15.4
L9H,31221,12640,9925,2715,21.48,106000,91000,2715,7.9,41.3,24.9,1260,1322,15
L9J,2272,1020,650,365,35.78,84000,72500,370,0,49.3,22.5,1940,1890,27
L9K,15928,4960,4290,670,13.51,128000,110000,670,7.5,50.4,14.5,2380,2240,21
L9L,14620,5660,4720,920,16.25,107000,92000,895,15.6,39.4,16.5,1300,1316,14.8
L9M,16607,6795,5545,1165,17.14,76000,68500,1140,17.5,40.1,28.4,930,982,15.5
L9N,21656,6985,5675,1305,18.68,117000,101000,1310,2.3,45.4,21.7,2360,2162,22.2
L9P,17383,6470,5350,1115,17.23,114000,98000,1105,10.9,43.2,27.6,1300,1548,16.3
L9R,25949,9665,7775,1890,19.56,99000,86000,1890,7.1,39.2,31.5,1390,1442,17.5
L9S,33434,12180,10470,1705,14,100000,87000,1705,5.3,41,20.1,1900,1844,22.1
L9T,110956,33420,27810,5610,16.79,126000,107000,5610,7.5,39.7,22,2060,1952,18.6
L9V,17750,6140,5260,880,14.33,105000,91000,875,18.9,39.7,13.6,1140,1288,14.7
L9W,48790,17285,14065,3220,18.63,110000,95000,3215,15.1,41.9,32.6,1350,1436,15.7
L9X,12896,4250,3950,305,7.18,141000,118000,300,0,30.5,17.2,1450,1640,14
L9Y,28925,12895,9650,3245,25.16,85000,74000,3250,12.8,47.8,25.8,1410,1544,21.8
L9Z,24849,10800,9230,1570,14.54,76000,68000,1565,9.3,44.1,21.2,1430,1432,22.6
M1B,65555,20565,14800,5765,28.03,91000,82000,5770,20.6,33.6,30.6,1340,1396,18.4
M1C,35642,11385,10155,1230,10.8,130000,112000,1235,6.9,33.9,23.2,1430,1588,14.7
M1E,48033,17335,10895,6440,37.15,82000,74000,6440,38.4,31.7,36.1,1120,1106,16.2
M1G,30894,10350,4760,5590,54.01,73500,67500,5595,36.2,30.2,35.7,1130,1099,17.9
M1H,23964,8610,5325,3285,38.15,80000,72000,3290,17.9,33.7,29.8,1400,1394,20.9
M1J,37002,12610,5745,6865,54.44,76500,70000,6865,14.8,31.8,35.9,1250,1277,20
M1K,48175,17600,8740,8870,50.4,72500,66500,8865,24.9,27.7,31.7,1140,1143,18.9
M1L,35833,12675,6420,6250,49.31,78000,71000,6255,26.1,33.1,37.4,1210,1232,19
M1M,23258,8650,5460,3190,36.88,87000,77500,3185,30.3,34.2,35,1200,1197,16.5
M1N,22976,9515,6195,3315,34.84,90000,78500,3315,18.1,39.3,31.9,1200,1318,17.6
M1P,45170,16490,9765,6730,40.81,76000,68500,6725,12,36.5,32.6,1360,1402,22.1
M1R,30467,10945,6085,4855,44.36,81000,73000,4860,12.1,41,36.9,1300,1378,20.4
M1S,37663,13330,9945,3390,25.43,81000,73000,3390,5.2,38.5,24.6,1600,1494,22.1
M1T,34607,13235,6935,6295,47.56,71500,65500,6300,25,33.3,33.4,1280,1256,21.1
M1V,50825,15970,13005,2970,18.6,82000,75500,2970,9.8,38.1,34,1450,1424,20.8
M1W,47070,16725,12355,4370,26.13,82000,74000,4370,16.4,35.1,30.5,1410,1378,20.2
M1X,14810,3700,3255,445,12.03,122000,109000,450,0,34.1,24.7,1840,1820,17.9
M2H,23396,8590,6475,2115,24.62,91000,81000,2115,40.7,26.6,23.8,1000,1376,18.1
M2J,61761,24175,12330,11845,49,83000,73500,11840,5.7,41.3,28.1,1700,1702,24.6
M2K,25377,11675,6505,5165,44.24,83000,72500,5170,2.1,52.8,28.1,1900,1942,28.1
M2L,11274,3900,2680,1215,31.15,133000,109000,1220,3.3,44.8,25.2,1680,2124,19.2
M2M,31915,12565,7230,5335,42.46,81000,72000,5335,8.4,51.3,31.7,1800,1876,27.8
M2N,75100,34075,20060,14015,41.13,82000,71000,14015,6.2,49.9,24.8,1960,1956,28.6
M2P,7546,3000,2070,925,30.83,120000,101000,925,2.2,42.5,21.8,1780,2100,21
M2R,40581,15345,6750,8600,56.04,78000,70500,8595,13.5,40.5,32.4,1500,1532,23.6
M3A,34361,13125,5120,8005,60.99,85000,75500,8005,8.4,38.5,31,1530,1558,22
M3B,12880,4960,3835,1125,22.68,121000,101000,1130,0,41.4,24.6,1660,1924,19.1
M3C,39616,16240,7305,8935,55.02,74500,67000,8935,14.9,38.6,33.3,1450,1490,24
M3H,38416,14780,8020,6760,45.74,92000,81000,6760,11.5,37.6,28.3,1500,1510,19.7
M3J,26600,9675,4625,5050,52.2,75500,68500,5045,11.3,36.5,29.3,1300,1354,21.5
M3K,7865,2930,1735,1195,40.78,88000,77500,1195,5,37.4,33.5,1500,1604,21.9
M3L,19263,6435,3815,2620,40.71,77500,71500,2620,28.2,34.8,38.9,1260,1198,18.5
M3M,24906,9545,4075,5470,57.31,74000,67000,5475,9.2,32.6,33.1,1220,1275,20.7
M3N,40846,13585,5065,8520,62.72,66500,62400,8525,28.7,29.3,35.4,1210,1185,21.4
M4A,14589,6055,2995,3060,50.54,70500,63600,3065,25.9,37.5,36.7,1230,1201,20.4
M4B,18612,7605,3635,3970,52.2,78000,69500,3975,14.5,40.2,35,1210,1316,20.2
M4C,46440,19105,10200,8905,46.61,83000,73000,8905,16.7,38,33.7,1290,1336,19.3
M4E,25473,10905,6995,3910,35.86,112000,94000,3905,15.9,42.6,30.2,1350,1484,15.9
M4G,19598,8090,5480,2610,32.26,130000,106000,2610,1.9,44.6,27.3,1700,1834,16.9
M4H,18698,6060,620,5440,89.77,64500,60400,5440,9.7,35.2,42.8,1320,1372,25.5
M4J,35128,14565,8985,5585,38.35,93000,81000,5580,26.7,35.6,32.8,1130,1272,16.4
M4K,30913,14195,6320,7875,55.48,84000,72500,7875,10.6,41.2,33.8,1350,1422,20.3
M4L,32218,13805,8385,5420,39.26,101000,86000,5420,22,37.5,28.7,1320,1474,17.5
M4M,25052,11445,6410,5035,43.99,99000,85000,5035,23,35.4,24.2,1550,1608,19.5
M4N,16058,6185,3955,2235,36.14,146000,118000,2230,8.3,41.9,24,1600,1926,15.8
M4P,25057,13855,3535,10315,74.45,74500,64500,10320,8.7,45.6,27.2,1680,1704,27.4
M4R,11909,5450,2650,2800,51.38,107000,88000,2805,4.3,48.9,29,1660,1880,21.1
M4S,30754,15845,6130,9710,61.28,88000,75000,9710,6.8,44.9,24.6,1720,1822,24.8
M4T,10332,5105,2510,2590,50.73,114000,94000,2595,0,48.7,24.3,1860,2082,21.9
M4V,19273,10160,4465,5700,56.1,99000,83000,5700,2.5,45,23,1700,1982,24
M4W,15296,8020,4490,3530,44.01,104000,85000,3530,3.3,50.6,21.9,2000,2208,25.5
M4X,19896,9850,1515,8335,84.62,58800,53200,8340,29.4,33.9,33.7,1210,1208,24.7
M4Y,36319,22815,6510,16305,71.47,62400,55200,16305,9.2,52.3,25.8,1740,1762,33.9
M5A,48978,27205,9585,17625,64.79,71000,62400,17625,34.7,35.4,25.8,1380,1396,23.6
M5B,17422,10640,3020,7625,71.66,58000,52400,7620,17.3,52,23.9,1680,1646,34.1
M5C,3149,1870,885,985,52.67,89000,75000,985,13.2,40.6,18.9,1800,1828,24.6
M5E,11779,7410,3085,4320,58.3,98000,81000,4320,11.9,40.3,16.2,2060,2044,25
M5G,9751,5680,1685,4000,70.42,67500,59600,3995,9.3,56.1,21,2000,1990,35.4
M5H,3248,1955,700,1255,64.19,90000,75500,1250,0,46.6,16.9,2000,2316,30.9
M5J,16879,9930,4305,5625,56.65,94000,78500,5620,0.5,43.8,13.2,2100,2214,28.3
M5M,25495,9315,7110,2205,23.67,164000,132000,2205,6.6,36,21.5,1520,2078,15.2
M5N,16154,6310,3100,3205,50.79,110000,93000,3210,7.8,41.2,30.4,1570,1726,18.8
M5P,19791,9510,3715,5795,60.94,99000,84000,5800,4.7,46.3,25.2,1740,1966,23.8
M5R,26197,13905,5370,8535,61.38,86000,73500,8535,9.2,44.7,24.2,1680,1916,26.7
M5S,17074,8955,3215,5740,64.1,70000,61600,5740,5,56.9,19.9,1940,2060,35.3
M5T,17903,9035,2870,6170,68.29,61600,55600,6165,25.5,42.7,26.3,1500,1502,29.3
M5V,59912,37205,15540,21665,58.23,91000,76000,21665,3.9,45.1,15.7,2000,2072,27.3
M6A,22380,9265,3755,5510,59.47,72500,65000,5515,27.3,32.2,29.7,1270,1298,21.5
M6B,28534,10995,5460,5535,50.34,86000,76000,5530,11.8,36.5,29.2,1410,1456,20.3
M6C,23997,10290,5145,5145,50,91000,79000,5145,11.9,42.2,33.8,1300,1464,19.3
M6E,37684,14740,8080,6655,45.15,82000,72500,6660,10.6,38.7,34,1280,1370,20
M6G,30600,13055,6450,6605,50.59,91000,80000,6605,10.5,40.5,24.4,1590,1722,22.7
M6H,43730,19210,9315,9895,51.51,83000,73000,9900,5.7,43,29.4,1500,1588,23
M6J,32111,15490,7635,7850,50.68,90000,77500,7855,8.6,43,23.4,1740,1796,23.9
M6K,42110,22670,6955,15720,69.34,72000,63200,15720,11.4,41.7,30.8,1450,1508,25.1
M6L,20156,7320,3475,3845,52.53,74000,68000,3840,29.2,29.2,31.7,1190,1204,19.5
M6M,42148,15905,7345,8560,53.82,71500,65000,8560,20.6,33.4,36.5,1200,1189,20
M6N,40252,15915,9175,6740,42.35,75500,68000,6740,29,32.2,34.9,1100,1148,18.2
M6P,39870,19060,8095,10970,57.56,86000,74500,10970,10,40.5,28.1,1570,1612,22.5
M6R,19349,8530,4350,4185,49.06,104000,88000,4185,3.2,40.6,26.9,1530,1718,19.8
M6S,34029,14525,9810,4715,32.46,108000,91000,4720,16,34.5,24.9,1430,1592,17.7
M7A,5,,,,,,,,,,,,,
M8V,44144,22795,11095,11700,51.33,79000,68500,11695,11.4,43.3,30.1,1470,1582,24
M8W,22381,9385,6055,3330,35.48,95000,82000,3330,5.3,38.7,29,1370,1534,19.4
M8X,10624,4600,3300,1305,28.37,139000,113000,1300,1.5,46.1,23.4,1800,2098,18.1
M8Y,21986,10030,5645,4390,43.77,91000,78000,4385,8.6,39.4,32.3,1290,1438,19
M8Z,19312,7410,5910,1500,20.24,111000,94000,1500,7.3,41.1,24.7,1740,1802,19.5
M9A,36642,15680,7985,7695,49.08,93000,80000,7695,11.8,37.2,27.8,1590,1558,20.1
M9B,33236,12755,9435,3330,26.11,108000,92000,3325,10.5,37.8,27.2,1640,1668,18.5
M9C,38725,15315,10860,4455,29.09,95000,83000,4455,4.6,39.2,31.9,1530,1594,20.1
M9L,11737,3760,2800,955,25.4,81000,74000,960,7.8,43.5,39.9,1390,1460,21.6
M9M,24245,8180,4445,3735,45.66,82000,74000,3740,13.9,34.1,34.8,1280,1364,20
M9N,26059,10530,4465,6065,57.6,69500,62800,6060,22,42,41.9,1240,1235,21.3
M9P,20645,7815,4815,3000,38.39,91000,80000,3000,19,34.6,31.2,1460,1428,18.8
M9R,33783,12480,6320,6160,49.36,82000,74000,6160,12.3,42.3,36.3,1480,1512,22.1
M9V,53878,16635,9030,7615,45.78,82000,74500,7610,22.5,32.2,33.2,1300,1302,19.1
M9W,40977,14180,8225,5960,42.03,85000,76000,5960,19.3,34.1,33,1300,1314,18.6
N0A,31957,13045,11365,1610,12.34,88000,77500,1570,8.3,35.6,16.6,1020,1077,14.7
N0B,86919,30140,26505,3630,12.04,120000,102000,3555,8.4,30.4,15.7,1160,1298,13
N0C,17537,6555,5635,915,13.96,85000,75500,905,12.2,32.2,14.9,1010,1184,16.7
N0E,36557,13645,11945,1695,12.42,92000,81000,1665,7.2,26.5,13.8,940,1030,13.4
N0G,86935,32840,26235,6610,20.13,83000,74000,6465,12.8,32.1,13.3,940,979,14.2
N0H,53674,23435,19880,3355,14.32,86000,76000,3260,13.7,35.3,14.6,1040,1130,15.8
N0J,33457,11575,9800,1775,15.33,97000,85000,1690,12.1,24.9,8.7,900,999,12.4
N0K,24817,9050,7235,1815,20.06,90000,79500,1745,9.5,24.8,4.1,960,953,12.7
N0L,49817,18790,16270,2485,13.23,100000,87000,2400,12.7,25.1,10.7,840,971,11.7
N0M,69177,27755,22655,5095,18.36,91000,80000,4960,13.8,26.8,11.1,880,943,12.4
N0N,42297,16880,14310,2460,14.57,96000,84000,2395,13.6,29.6,18.3,910,1007,12.6
N0P,53140,21200,17105,4045,19.08,80000,71500,3965,8.3,25.2,15.2,850,871,13.1
N0R,50203,18105,16435,1665,9.2,107000,92000,1655,6.3,26,9.6,1010,1098,12.3
N1A,12614,4985,3935,1050,21.06,77500,70000,1040,21.6,38.9,24.9,910,1002,15.5
N1C,3678,1200,1135,70,5.83,153000,127000,75,0,28.6,21.4,1250,1280,10
N1E,44799,17500,12950,4550,26,96000,84000,4555,18.7,33.5,19.5,1310,1350,16.9
N1G,29688,11500,7525,3980,34.61,98000,86000,3980,8.4,38.6,17.5,1500,1514,18.5
N1H,42178,18085,9720,8370,46.28,77000,68500,8355,16.3,36.7,27.6,1220,1229,19.2
N1K,10908,3665,2635,1030,28.1,110000,95000,1030,2.9,50.5,18.1,1940,1864,20.3
N1L,17474,6195,4630,1560,25.18,114000,98000,1560,0,35.8,8.9,1740,1638,17.2
N1M,18498,7215,5450,1760,24.39,95000,83000,1760,10.8,40.9,17.5,1320,1354,17.1
N1P,7991,2505,2175,340,13.57,118000,101000,335,13.4,37.3,15.4,1680,1610,16.4
N1R,42928,17340,10245,7090,40.89,77000,68500,7095,14.5,34.1,22,1140,1219,19
N1S,20171,7910,5610,2295,29.01,95000,83000,2300,16.7,34.9,22.7,1200,1256,15.9
N1T,18513,5620,4700,915,16.28,124000,106000,920,10.9,36.8,14.6,1860,1728,16.7
N2A,32454,11815,8385,3435,29.07,96000,84000,3435,19.7,36.2,19.7,1250,1324,16.6
N2B,16939,7170,4375,2800,39.05,81000,72000,2795,8.9,36.9,24.4,1120,1190,17.6
N2C,17681,7305,2420,4885,66.87,70000,63600,4890,11.1,35.7,20.2,1350,1314,22.5
N2E,40428,14250,9395,4860,34.11,93000,82000,4860,9.7,32.5,16.6,1430,1442,18.6
N2G,14580,7805,2415,5395,69.12,62400,56000,5395,15.8,38.5,21.5,1260,1230,23.7
N2H,22456,10730,5295,5435,50.65,73500,65000,5435,5.2,37.6,20.2,1250,1251,20.4
N2J,20899,9430,4980,4450,47.19,74500,66500,4445,8.7,39.8,18.3,1270,1312,21.1
N2K,29381,10550,8605,1945,18.44,120000,102000,1945,6.4,28.4,12.3,1580,1612,16.1
N2L,37953,16240,5965,10275,63.27,69500,62800,10275,4.9,44.5,14.4,1350,1404,24.2
N2M,36494,15530,7200,8330,53.64,71500,64500,8325,11.4,35.2,22,1200,1247,20.9
N2N,26596,9030,7450,1580,17.5,108000,94000,1575,12.1,31.7,15.1,1590,1600,17.8
N2P,25040,8470,6435,2035,24.03,110000,95000,2040,2.7,38.9,15.7,1560,1604,17.5
N2R,18445,5660,4525,1135,20.05,116000,100000,1135,0,40.9,11.3,2020,2008,20.8
N2T,20634,7025,5960,1060,15.09,127000,108000,1065,19.7,32.4,12.8,1620,1624,15.3
N2V,19428,6280,5405,875,13.93,126000,107000,875,0,37,10.3,2020,1904,18.1
N2Z,12341,5160,4155,1005,19.48,103000,88000,1000,18.5,32.3,14.4,1150,1146,13.4
N3A,17045,6270,5315,955,15.23,111000,96000,950,8.9,28.9,18.7,1100,1176,12.7
N3B,13190,4720,3890,830,17.58,107000,93000,825,14.5,30.9,24.1,1020,1112,12.5
N3C,27518,9475,7955,1525,16.09,114000,98000,1520,7.9,32.6,15.5,1500,1466,15.4
N3E,2802,780,495,280,35.9,121000,104000,285,0,42.1,0,2480,2460,24.4
N3H,24306,9725,6020,3705,38.1,82000,72500,3705,16.5,37.2,23.8,1110,1248,18.3
N3L,17676,6550,5465,1085,16.56,102000,89000,1075,12.1,37.2,16.6,1250,1376,16.2
N3P,8542,3215,2415,800,24.88,92000,81000,800,16.9,35,22.2,1230,1226,16
N3R,35858,14730,10390,4340,29.46,83000,73500,4340,10.3,40.8,21.7,1210,1235,17.9
N3S,27527,11500,7060,4435,38.57,68500,62400,4435,15.2,37.5,28.1,1030,1100,19.3
N3T,37406,13875,9200,4670,33.66,86000,77000,4665,18.5,39.7,24.1,1120,1226,17.1
N3V,1562,565,510,50,8.85,109000,94000,55,0,27.3,0,1660,1600,17.6
N3W,15805,5595,4860,735,13.14,111000,95000,730,4.8,38.9,11.3,1330,1444,15.6
N3Y,23402,9915,7465,2445,24.66,77500,69000,2440,17.6,39.6,22,940,1039,16.1
N4B,8223,3345,2700,650,19.43,78000,69500,645,14,23.3,13.5,850,924,14.2
N4G,21519,9220,6645,2570,27.87,75000,67500,2560,15.4,37.4,15.3,1000,1168,18.7
N4K,28975,12940,8520,4425,34.2,69500,62800,4420,23,38.4,21.5,930,980,16.9
N4L,8337,3705,2895,810,21.86,74500,66500,805,19.3,36,13.9,970,1018,16.4
N4N,10341,4360,3045,1320,30.28,73000,66500,1320,8.3,39.5,13.8,1000,1007,16.6
N4S,33055,13870,9115,4755,34.28,78000,69000,4735,12.8,34.1,15.9,1030,1110,17.1
N4T,15161,5515,3980,1535,27.83,98000,86000,1535,3.3,42.7,9.5,1530,1544,18.9
N4V,3477,1320,775,540,40.91,87000,76000,535,14,49.5,7.1,1700,1770,24.4
N4W,13311,5090,3580,1510,29.67,84000,74000,1495,8.4,37.2,19.1,1080,1151,16.4
N4X,9946,4055,3240,820,20.22,89000,78500,805,13.7,24.8,6.3,1010,1010,13.6
N4Z,2362,880,715,165,18.75,95000,82000,160,28.1,21.9,18.8,1210,1180,14.9
N5A,32898,14595,9560,5035,34.5,77000,68500,5025,16.6,35.7,15.6,1080,1127,17.6
N5C,15721,6185,4800,1380,22.31,89000,78000,1380,13.4,32,10.7,1010,1074,14.5
N5H,15625,5490,4230,1265,23.04,83000,74500,1250,20.8,31.2,8.6,950,1044,15.1
N5L,3714,1660,1415,245,14.76,89000,78500,240,8.3,43.8,19.6,1100,1230,16.6
N5P,21081,8580,5815,2765,32.23,77500,69500,2760,12.7,38.3,29.5,940,996,15.4
N5R,30680,12715,9460,3250,25.56,80000,71500,3255,20.4,33.9,21.6,960,1092,16.4
N5V,32961,12665,7865,4805,37.94,74500,67500,4800,18.6,30.5,19.9,960,1086,17.5
N5W,24740,11610,6805,4805,41.39,64500,58000,4810,11.9,38.4,27.2,980,1047,19.5
N5X,36963,13340,10130,3210,24.06,103000,90000,3205,4.2,40.2,14.6,1390,1520,17.7
N5Y,35934,15260,6815,8450,55.37,63600,58000,8450,10.9,35.1,25.2,1000,1071,20.2
N5Z,24067,10540,6520,4020,38.14,64500,58400,4020,17.5,30.3,25.3,930,979,18.2
N6A,13810,7065,2075,4995,70.7,61200,55200,4995,8.4,41.5,15.1,1200,1277,25
N6B,11101,6565,1490,5075,77.3,49200,44800,5075,17.5,38.3,23.5,990,1023,25
N6C,30629,14190,8015,6170,43.48,75500,66500,6170,3.9,37.1,21,1100,1154,18.3
N6E,28140,10085,6955,3130,31.04,75000,68500,3135,13.7,36.7,26.4,1170,1207,19.3
N6G,50940,18345,12995,5350,29.16,96000,85000,5350,12.2,45.7,16.1,1540,1558,19.5
N6H,44215,19405,8920,10485,54.03,71000,64000,10480,5.6,46,21,1250,1292,21.8
N6J,27497,12770,6245,6530,51.14,65000,58800,6530,14.9,38.6,23.7,1060,1102,20.3
N6K,37596,14945,10405,4540,30.38,100000,87000,4535,4.5,38.6,17.2,1300,1374,16.5
N6L,5167,1535,1195,345,22.48,103000,91000,345,0,41.2,13.6,2120,2010,23.4
N6M,8542,2760,2380,380,13.77,109000,94000,375,0,35.1,9.6,2060,1840,20.3
N6N,728,275,245,30,10.91,95000,87000,25,0,0,0,,1200,15.2
N6P,10943,3950,3075,875,22.15,119000,102000,875,0,50.3,10.3,1720,1740,17.5
N7A,12495,5610,4190,1420,25.31,74000,66500,1415,18.7,41.1,28.7,1000,1128,18.3
N7G,19921,7895,5990,1910,24.19,85000,76000,1900,13.9,36.3,21.1,1020,1108,15.6
N7L,25127,11190,7350,3840,34.32,68500,62000,3840,13.7,35.3,16.3,900,949,16.6
N7M,25579,10930,7365,3565,32.62,71000,64000,3545,20.6,29.7,16.2,850,893,15.1
N7S,28410,11320,8790,2530,22.35,93000,81000,2525,17.8,30.3,20.5,1000,1092,14.1
N7T,26033,12915,6540,6245,48.35,58400,53200,6220,15.1,38.8,27.5,950,1024,21
N7V,11611,5505,4050,1460,26.52,83000,73000,1455,7.2,46.4,20.8,1250,1280,18.5
N7W,2578,1285,1250,35,2.72,81000,71500,40,0,28.6,0,1300,1400,20.7
N7X,1129,460,435,25,5.43,142000,115000,30,0,66.7,0,,1400,11.8
N8A,12624,5470,3905,1565,28.61,64500,59600,1565,14.1,31.3,21.5,810,824,15.3
N8H,27530,9895,6735,3160,31.94,78000,70000,3155,10.3,35.5,20.7,1070,1159,17.8
N8M,11819,4625,3745,885,19.14,88000,78500,885,26,27.1,13.2,900,940,12.8
N8N,24534,9415,8380,1030,10.94,108000,93000,1035,8.2,32.7,14.9,1130,1226,13.6
N8P,14603,5480,5065,415,7.57,100000,88000,415,12,41,7.8,1720,1620,19.4
N8R,12733,4385,3700,690,15.74,92000,82000,690,5.8,35.8,16.4,1310,1376,17.9
N8S,22354,10450,6675,3770,36.08,72500,64500,3775,7.4,37.6,19.2,1000,1093,18.1
N8T,17935,7745,4315,3430,44.29,60800,56000,3430,37.6,26.4,19.1,840,893,17.6
N8W,24057,9795,8015,1780,18.17,80000,71500,1780,20.8,28.5,15.3,1080,1142,17.1
N8X,16457,7245,3790,3455,47.69,60000,54800,3455,8.5,41.1,27,970,1051,21
N8Y,19254,9160,5215,3945,43.07,62800,56800,3940,12.6,34.1,20.8,960,1036,19.8
N9A,26107,12535,3740,8795,70.16,45200,42400,8795,23.5,37.2,25.8,900,937,24.9
N9B,19613,7420,3185,4235,57.08,59600,55600,4235,18.1,36.5,19.2,950,1041,21
N9C,12538,5325,2255,3075,57.75,54000,50000,3075,19.7,34,22.1,880,957,21.3
N9E,21465,7555,6655,900,11.91,103000,90000,895,3.4,35.4,16.1,1680,1592,18.5
N9G,20712,6630,5870,760,11.46,111000,97000,760,0,40.4,12.4,1820,1684,18.2
N9H,13173,4585,4145,435,9.49,117000,101000,435,12.6,29.1,11.9,1480,1360,13.9
N9J,20089,7265,6675,595,8.19,119000,102000,595,0,36.1,10.6,1360,1485,15
N9K,2757,835,820,10,1.2,136000,117000,15,0,0,0,,1000,8.8
N9V,21688,8515,7225,1295,15.21,97000,84000,1290,19.8,38.8,19.7,1020,1113,13.8
N9Y,15836,6235,5260,970,15.56,90000,79000,975,13.3,32.3,21.8,940,1092,14.6
P0A,17822,8090,7055,1040,12.86,68000,61200,1040,17.3,29.6,36.8,810,836,14.8
P0B,9589,4095,3720,375,9.16,90000,78000,370,8.1,35.1,20,1110,1180,15.7
P0C,4824,2090,1790,245,11.72,78500,68500,245,14.3,40.4,27.3,750,840,12.8
P0E,3606,1550,1455,95,6.13,83000,73500,95,0,52.6,36.8,980,1020,14.7
P0G,3553,1660,1450,125,7.53,72000,64500,115,0,21.7,17.4,705,900,15
P0H,31909,13310,11475,1785,13.41,80000,71500,1770,15.8,30.5,25.1,870,901,13.5
P0J,20179,8765,6790,1975,22.53,72500,65000,1955,24.3,31.7,22.3,800,820,13.6
P0K,11456,5100,4075,960,18.82,75000,67000,955,24.1,28.4,22.2,750,748,12
P0L,22859,9175,5885,2390,26.05,77500,70000,2250,26.2,22.7,13.7,730,803,12.4
P0M,49727,21240,16740,4225,19.89,86000,76000,4180,13.9,28,17.5,930,977,13.6
P0N,9435,3995,3055,935,23.4,90000,78000,935,16.6,30.5,20.7,880,894,11.9
P0P,20285,8800,6210,1365,15.51,64000,59600,1185,24.5,31.6,33.5,900,880,16.5
P0R,12976,5800,4705,970,16.72,68500,62800,955,26.7,31.1,29.3,730,734,12.9
P0S,10170,4440,3930,460,10.36,85000,74000,460,23.9,22.8,19.8,705,760,10.7
P0T,32000,13500,10270,1995,14.78,77000,69000,1960,24.7,20.5,15.2,705,741,11.5
P0V,22944,7580,3530,1070,14.12,71500,67500,970,21.6,21.4,19.8,850,880,14.8
P0W,6454,2500,1835,325,13,76500,68500,315,23.8,14.3,17.7,608,655,10.3
P0X,8410,3045,1890,185,6.08,75500,69000,170,20.6,23.5,23.5,910,930,14.8
P0Y,96,40,40,0,,,,0,,,,,,
P1A,16959,7420,4560,2865,38.61,74000,66500,2870,22.8,33.6,21.4,1020,1003,16.3
P1B,33113,15260,8650,6560,42.99,66000,59600,6480,14.2,37.5,22.6,970,1007,18.3
P1C,3371,1160,1095,65,5.6,153000,126000,70,0,0,0,1000,1360,10.7
P1H,18099,7775,6190,1585,20.39,82000,72500,1590,18.2,40.3,33.6,1110,1189,17.4
P1L,17984,7610,6100,1510,19.84,86000,76000,1505,18.9,42.6,27.3,1210,1265,17.7
P1P,11083,4645,3520,1125,24.22,72500,65500,1120,21.4,37.1,22.3,1020,1078,17.8
P2A,14695,6585,4965,1580,23.99,73500,66500,1565,21.1,39.9,13.5,1040,1142,18.6
P2B,9754,4410,2595,1760,39.91,66000,60800,1730,22.8,43.5,14.3,920,949,17.3
P2N,6944,3395,2055,1335,39.32,60800,54800,1340,23.5,34.2,13.8,750,779,15.4
P3A,24326,10330,6550,3780,36.59,83000,73500,3780,18.8,31.4,15.4,1050,1110,16
P3B,16434,7555,3670,3885,51.42,66500,60000,3880,26.5,28.7,18.2,900,910,16.4
P3C,17596,8810,3095,5710,64.81,54000,49200,5715,18.1,33.8,23.1,930,955,21.2
P3E,29132,13390,7220,6170,46.08,85000,73500,6170,16.4,32.5,15.2,1100,1135,16
P3G,4167,1585,1460,120,7.57,128000,105000,120,0,25,0,1100,1200,11.2
P3L,7996,3165,2525,635,20.06,102000,88000,635,10.2,27.6,17.6,1060,1084,12.8
P3N,7980,3040,2560,480,15.79,107000,91000,485,10.3,33,17,1000,1032,11.6
P3P,15408,5865,4995,870,14.83,109000,94000,870,10.9,34.7,17.8,1180,1128,12.4
P3Y,7757,2990,2605,385,12.88,113000,96000,385,16.9,37.7,22.1,1000,1048,11.1
P4N,24098,10985,6750,4235,38.55,73500,65000,4230,17.6,32.5,18.8,940,940,15.3
P4P,3232,1350,920,430,31.85,101000,87000,430,37.2,17.9,11.9,980,980,11.6
P4R,4795,1740,1415,325,18.68,116000,99000,320,20.3,25,9.4,1000,1020,10.6
P5A,11372,5840,3545,2290,39.21,50000,47600,2295,13.1,34.9,27.7,800,822,19.7
P5E,5427,2435,1880,560,23,78500,69000,555,18.9,35.1,22,930,924,14.1
P5N,8260,3870,2590,1275,32.95,69000,62000,1280,23.4,26,11.2,745,738,12.8
P6A,33800,15020,10350,4540,30.23,78000,69500,4510,21.8,35.5,18.1,870,890,13.7
P6B,22754,10420,6745,3670,35.22,69000,62400,3670,26.6,33.4,13.1,900,919,16
P6C,18766,8525,6330,2195,25.75,71500,64500,2195,14.8,32.2,17.1,890,930,15.6
P7A,28587,13325,9215,4110,30.84,78500,70000,4110,20.9,30.5,19.9,1010,1042,15.9
P7B,22675,10225,5630,4600,44.99,70000,62800,4605,23.6,29.1,16.7,1000,997,17.1
P7C,21695,9585,6550,3035,31.66,72500,65000,3035,23.4,30.5,22.1,930,968,16
P7E,20897,9890,6235,3655,36.96,68500,61200,3655,24.6,32,22.3,930,956,16.7
P7G,13238,5095,4775,320,6.28,117000,100000,320,10.9,27,22.6,990,990,10.2
P7J,4859,1785,1640,80,4.48,114000,99000,45,0,0,0,870,950,10
P7K,6801,2675,2545,135,5.05,118000,100000,135,0,22.2,11.5,960,1100,11.2
P7L,2188,920,870,50,5.43,94000,82000,50,0,0,0,665,760,9.7
P8N,9619,4310,3190,1045,24.25,83000,73500,1040,25,25.5,17.4,840,890,12.9
P8T,5541,2190,1445,745,34.02,103000,90000,740,29.1,24.5,11.7,1150,1132,13.2
P9A,10079,4430,3240,995,22.46,82000,72500,975,33.3,24.2,18.3,800,826,12.1
P9N,14088,6085,4230,1640,26.95,83000,73500,1635,20.8,37.2,17,1060,1075,15.5
