scope,orders,ex_parte,pct_ex_parte
all landlord-filed orders,41576,7707,18.5
all tenant-filed orders,7242,155,2.1
L4 - Breached a settlement or order,6256,3858,61.7
L1 - Non-payment of rent,25379,2934,11.6
L3 - Tenant gave notice but stayed,1035,853,82.4
T2 - Tenant rights,3385,119,3.5
L2 - End tenancy (other reasons),6389,46,0.7
T6 - Maintenance,1314,22,1.7
T1 - Rent rebate or money owed to tenant,1682,11,0.7
L9 - Collect rent during tenancy,483,7,1.4
L10 - Collect money from a former tenant,1065,7,0.7
T5 - Bad-faith notice to terminate,672,3,0.4
C1 - Co-op non-payment,252,2,0.8
A2 - Application about a mobile home site,302,1,0.3
L5 - Above-guideline rent increase,656,0,0.0
