code,meaning,filed_by,landlord_resolved,landlord_men_per_woman,tenant_resolved,tenant_men_per_woman,tenant_pct_women
L1,Non-payment of rent,landlord,4814,2.17,25450,1.03,49.1
L2,End tenancy (other reasons),landlord,2117,1.8,6489,1.07,48.4
L4,Breached a settlement or order,landlord,875,2.1,4881,1.01,49.6
T2,Tenant rights,tenant,1469,1.89,3172,0.9,52.6
T1,Rent rebate or money owed to tenant,tenant,737,1.95,1360,1.03,49.3
T6,Maintenance,tenant,498,1.65,1267,0.84,54.2
L3,Tenant gave notice but stayed,landlord,441,2.24,1044,1.18,46.0
T5,Bad-faith notice to terminate,tenant,367,1.98,749,0.9,52.7
L9,Collect rent during tenancy,landlord,94,,503,1.14,46.7
A2,Application about a mobile home site,,56,,236,1.36,42.4
L5,Above-guideline rent increase,landlord,105,1.28,251,0.9,52.6
A1,Whether the Act applies,,60,,102,1.22,45.1
