rate,census_measure,n_fsas,pearson_r,spearman_rho
"Landlord cases per 1,000 renter households",Median household income,395,-0.069,-0.128
"Landlord cases per 1,000 renter households",% of tenants in core housing need,395,0.285,0.24
"Landlord cases per 1,000 renter households",% of tenants paying 30%+ on shelter,395,-0.075,-0.09
"Landlord cases per 1,000 renter households",% of households renting,395,-0.002,0.016
"Landlord cases per 1,000 renter households",Average monthly rent,395,-0.079,-0.126
"Landlord cases per 1,000 renter households",Annual rent as % of median income,395,-0.029,0.03
Tenant cases per landlord case (who can use the Board),Median household income,395,0.293,0.305
Tenant cases per landlord case (who can use the Board),% of tenants in core housing need,395,-0.192,-0.179
Tenant cases per landlord case (who can use the Board),% of tenants paying 30%+ on shelter,395,0.265,0.264
Tenant cases per landlord case (who can use the Board),% of households renting,395,-0.189,-0.274
Tenant cases per landlord case (who can use the Board),Average monthly rent,395,0.349,0.32
Tenant cases per landlord case (who can use the Board),Annual rent as % of median income,395,0.139,0.028
