fsa,landlord_filed,tenant_filed,total_cases,renter_households,cases_per_1000_renter_households,landlord_cases_per_1000_renter_households,tenant_per_landlord_ratio,median_household_income,pct_tenant_core_housing_need,pct_tenant_shelter_over_30pct,pct_renter,average_monthly_rent,rent_to_income_ratio
K0A,90,15,105,5545,18.9,16.2,0.167,115000.0,20.7,34.6,13.1,1204.0,12.6
K0B,17,6,23,1765,13.0,9.6,0.353,79000.0,10.1,31.3,19.89,892.0,13.5
K0C,52,12,64,3900,16.4,13.3,0.231,84000.0,9.9,29.2,18.05,966.0,13.8
K0E,61,15,76,2615,29.1,23.3,0.246,83000.0,14.1,31.8,15.91,966.0,14.0
K0G,31,2,33,2015,16.4,15.4,0.065,94000.0,21.9,33.2,12.39,1160.0,14.8
K0H,33,7,40,1825,21.9,18.1,0.212,92000.0,23.1,28.9,9.55,979.0,12.8
K0J,17,3,20,1950,10.3,8.7,0.176,76000.0,17.1,28.3,13.14,879.0,13.9
K0K,108,32,140,6590,21.2,16.4,0.296,83000.0,18.8,35.2,14.03,1086.0,15.7
K0L,59,13,72,4015,17.9,14.7,0.22,79000.0,20.1,36.8,12.18,1020.0,15.5
K0M,55,14,69,2775,24.9,19.8,0.255,80000.0,24.0,33.6,11.77,1047.0,15.7
K1B,18,2,20,2210,9.0,8.1,0.111,96000.0,24.7,28.5,33.08,1350.0,16.9
K1C,17,14,31,2320,13.4,7.3,0.824,117000.0,25.1,36.9,16.42,1572.0,16.1
K1E,16,3,19,715,26.6,22.4,0.188,110000.0,24.5,41.5,12.36,1484.0,16.2
K1G,207,21,229,7280,31.3,28.4,0.101,83000.0,26.7,35.2,49.47,1254.0,18.1
K1H,40,5,45,2665,16.9,15.0,0.125,103000.0,24.9,35.2,37.54,1210.0,14.1
K1J,73,11,85,3665,22.9,19.9,0.151,94000.0,26.8,32.9,32.97,1420.0,18.1
K1K,196,22,223,8555,25.5,22.9,0.112,73500.0,24.8,29.3,59.06,1193.0,19.5
K1L,143,35,178,6515,27.3,21.9,0.245,63200.0,32.2,39.0,67.1,1166.0,22.1
K1M,10,5,15,1250,12.0,8.0,0.5,128000.0,16.4,30.2,41.39,1664.0,15.6
K1N,261,53,314,10985,28.6,23.8,0.203,64000.0,21.2,38.8,75.86,1308.0,24.5
K1P,4,1,5,230,21.7,17.4,0.25,87000.0,9.8,42.2,54.12,1780.0,24.6
K1R,122,17,141,8075,17.2,15.1,0.139,74000.0,21.3,34.9,69.46,1366.0,22.2
K1S,104,22,126,7000,18.0,14.9,0.212,106000.0,16.2,39.4,48.7,1576.0,17.8
K1T,81,21,105,3635,28.1,22.3,0.259,107000.0,29.1,35.6,26.66,1458.0,16.4
K1V,251,21,275,9170,29.7,27.4,0.084,93000.0,27.6,31.6,41.65,1286.0,16.6
K1W,14,5,19,640,29.7,21.9,0.357,141000.0,9.6,28.3,13.81,1900.0,16.2
K1X,5,1,6,265,22.6,18.9,0.2,133000.0,15.7,33.3,17.32,1940.0,17.5
K1Y,89,15,104,4930,21.1,18.1,0.169,99000.0,20.0,31.9,48.64,1414.0,17.1
K1Z,167,24,191,6710,28.5,24.9,0.144,77000.0,26.4,30.3,62.62,1213.0,18.9
K2A,38,9,47,3020,15.6,12.6,0.237,105000.0,28.1,40.3,40.43,1364.0,15.6
K2B,195,20,215,9615,22.4,20.3,0.103,72000.0,28.2,33.7,63.97,1276.0,21.3
K2C,79,24,103,5595,18.4,14.1,0.304,86000.0,23.8,37.8,45.14,1420.0,19.8
K2E,44,7,52,3630,14.0,12.1,0.159,89000.0,28.2,38.7,44.38,1528.0,20.6
K2G,80,19,99,4955,20.0,16.1,0.237,114000.0,19.6,35.3,27.63,1688.0,17.8
K2H,66,10,76,2560,29.7,25.8,0.152,100000.0,24.5,34.8,23.55,1468.0,17.6
K2J,70,27,97,5175,18.7,13.5,0.386,122000.0,17.3,35.0,18.86,1870.0,18.4
K2K,39,12,54,2815,18.1,13.9,0.308,116000.0,17.3,49.6,29.95,1990.0,20.6
K2L,17,6,23,1205,19.1,14.1,0.353,106000.0,19.7,27.5,16.81,1436.0,16.3
K2M,12,2,17,1350,10.4,8.9,0.167,133000.0,16.0,25.0,13.54,1724.0,15.6
K2P,110,31,142,10140,13.9,10.8,0.282,66500.0,20.5,34.5,80.99,1290.0,23.3
K2R,1,0,1,20,50.0,50.0,0.0,164000.0,0.0,0.0,4.82,1600.0,11.7
K2S,22,7,29,1825,15.9,12.1,0.318,137000.0,15.7,42.5,13.35,2214.0,19.4
K2T,14,6,20,870,23.0,16.1,0.429,141000.0,16.5,36.6,21.97,2028.0,17.3
K2V,21,6,27,925,29.2,22.7,0.286,128000.0,13.6,31.5,25.98,2088.0,19.6
K2W,3,0,3,275,10.9,10.9,0.0,159000.0,10.6,31.5,10.28,2060.0,15.5
K4A,47,12,59,2905,20.3,16.2,0.255,128000.0,16.9,37.1,13.53,1924.0,18.0
K4B,2,2,4,220,18.2,9.1,1.0,129000.0,22.0,27.9,12.94,1230.0,11.4
K4C,2,1,3,140,21.4,14.3,0.5,143000.0,14.8,18.5,8.75,1280.0,10.7
K4K,22,6,28,1455,19.2,15.1,0.273,104000.0,31.0,34.1,22.01,1214.0,14.0
K4M,9,1,10,525,19.0,17.1,0.111,146000.0,21.2,43.4,10.14,1970.0,16.2
K4P,8,3,11,225,48.9,35.6,0.375,155000.0,20.9,36.4,6.45,1550.0,12.0
K4R,2,0,2,390,5.1,5.1,0.0,127000.0,21.1,34.2,12.19,1400.0,13.2
K6A,44,8,52,2550,20.4,17.3,0.182,58000.0,14.2,32.0,42.15,833.0,17.2
K6H,157,15,172,6075,28.3,25.8,0.096,61200.0,22.5,36.6,45.02,919.0,18.0
K6J,66,8,74,3660,20.2,18.0,0.121,60400.0,20.8,34.2,45.66,938.0,18.6
K6K,6,0,6,315,19.0,19.0,0.0,83000.0,6.5,25.8,21.95,1170.0,16.9
K6V,139,22,162,4800,33.5,29.0,0.158,68500.0,22.8,38.1,36.52,1022.0,17.9
K7A,45,7,52,2135,24.4,21.1,0.156,74500.0,22.9,42.7,28.17,1065.0,17.2
K7C,34,4,38,1690,22.5,20.1,0.118,99000.0,16.4,45.2,20.57,1416.0,17.2
K7G,9,0,9,1015,8.9,8.9,0.0,77500.0,10.0,35.1,25.6,1032.0,16.0
K7H,27,4,31,1740,17.8,15.5,0.148,82000.0,19.2,35.2,24.3,1041.0,15.2
K7K,226,24,251,8780,28.5,25.7,0.106,67000.0,22.2,37.5,56.43,1160.0,20.8
K7L,48,22,70,5040,13.9,9.5,0.458,72500.0,14.9,52.3,54.4,1448.0,24.0
K7M,238,25,263,9305,28.3,25.6,0.105,77500.0,21.6,42.0,42.89,1334.0,20.7
K7N,26,4,30,815,36.8,31.9,0.154,91000.0,25.3,34.8,24.77,1308.0,17.2
K7P,37,9,46,2180,21.1,17.0,0.243,105000.0,12.7,39.2,23.3,1612.0,18.4
K7R,31,4,35,1885,18.6,16.4,0.129,77000.0,20.2,42.0,29.55,1159.0,18.1
K7S,21,5,26,1775,14.6,11.8,0.238,83000.0,19.5,32.3,28.81,1077.0,15.6
K7V,23,7,30,1855,16.2,12.4,0.304,70000.0,14.0,33.0,29.33,921.0,15.8
K8A,49,12,61,3370,18.1,14.5,0.245,75000.0,22.1,35.8,29.73,987.0,15.8
K8H,12,3,15,2300,6.5,5.2,0.25,102000.0,4.1,12.9,38.66,1043.0,12.3
K8N,96,22,120,3995,29.5,24.0,0.229,79000.0,26.4,39.6,30.15,1125.0,17.1
K8P,125,24,149,4805,31.0,26.0,0.192,64500.0,28.2,40.9,47.93,1127.0,21.0
K8R,4,2,6,120,50.0,33.3,0.5,97000.0,12.5,45.8,15.38,1640.0,20.3
K8V,97,17,114,4075,28.0,23.8,0.175,76500.0,22.8,29.3,33.42,1058.0,16.6
K9A,46,10,56,2995,18.7,15.4,0.217,82000.0,23.1,41.7,26.01,1324.0,19.4
K9H,137,21,158,6370,24.8,21.5,0.153,64000.0,28.5,44.6,47.2,1157.0,21.7
K9J,170,28,199,7170,27.6,23.7,0.165,72500.0,29.3,41.9,37.89,1182.0,19.6
K9K,30,5,35,910,38.5,33.0,0.167,98000.0,15.1,38.3,18.16,1564.0,19.2
K9L,3,4,7,560,12.5,5.4,1.333,94000.0,20.0,48.6,18.24,1535.0,19.6
K9V,96,24,120,3510,34.2,27.4,0.25,72500.0,31.9,44.4,28.55,1114.0,18.4
L0A,6,2,8,380,21.1,15.8,0.333,114000.0,16.2,31.1,6.99,1272.0,13.4
L0B,8,3,11,465,23.7,17.2,0.375,111000.0,26.4,37.4,8.07,1345.0,14.5
L0C,8,3,11,305,36.1,26.2,0.375,117000.0,17.2,29.5,9.28,1240.0,12.7
L0E,36,11,47,1430,32.9,25.2,0.306,90000.0,28.3,35.6,16.49,1284.0,17.1
L0G,52,3,55,1815,30.3,28.7,0.058,118000.0,23.9,35.9,11.61,1548.0,15.7
L0H,1,0,1,105,9.5,9.5,0.0,118000.0,0.0,40.0,25.0,1680.0,17.1
L0J,3,0,3,120,25.0,25.0,0.0,198000.0,0.0,37.5,8.14,1920.0,11.6
L0K,40,13,53,1665,31.8,24.0,0.325,88000.0,18.4,34.0,10.53,1224.0,16.7
L0L,34,12,46,1645,28.0,20.7,0.353,106000.0,22.8,37.3,10.65,1382.0,15.6
L0M,22,6,28,2255,12.4,9.8,0.273,103000.0,11.0,25.6,16.95,1277.0,14.9
L0N,4,1,5,60,83.3,66.7,0.25,118000.0,0.0,27.3,7.74,1480.0,15.1
L0P,3,1,4,245,16.3,12.2,0.333,135000.0,24.4,27.7,9.32,1590.0,14.1
L0R,34,20,54,3405,15.9,10.0,0.588,110000.0,15.6,32.0,11.73,1442.0,15.7
L0S,54,21,75,3195,23.5,16.9,0.389,95000.0,20.2,40.3,13.2,1350.0,17.1
L1A,30,14,44,1560,28.2,19.2,0.467,86000.0,35.0,45.5,22.97,1268.0,17.7
L1B,8,4,12,550,21.8,14.5,0.5,101000.0,29.0,41.3,10.7,1560.0,18.5
L1C,75,21,99,3515,27.3,21.3,0.28,109000.0,23.4,41.4,19.88,1642.0,18.1
L1E,32,8,40,755,53.0,42.4,0.25,123000.0,18.1,34.9,7.83,1644.0,16.0
L1G,284,38,329,8135,39.6,34.9,0.134,75500.0,32.0,44.7,43.85,1324.0,21.0
L1H,236,33,272,5635,47.7,41.9,0.14,73500.0,33.6,40.4,41.24,1195.0,19.5
L1J,272,44,322,6780,46.6,40.1,0.162,78000.0,34.3,41.4,39.51,1294.0,19.9
L1K,46,12,61,2200,26.4,20.9,0.261,119000.0,13.9,42.9,16.28,2062.0,20.8
L1L,49,16,65,1130,57.5,43.4,0.327,112000.0,19.2,46.5,29.97,2324.0,24.9
L1M,13,1,14,440,31.8,29.5,0.077,154000.0,17.9,33.7,6.36,1880.0,14.6
L1N,98,30,134,5110,25.0,19.2,0.306,100000.0,28.8,41.3,26.74,1328.0,15.9
L1P,58,9,67,1280,52.3,45.3,0.155,132000.0,23.2,37.9,18.44,1836.0,16.7
L1R,32,7,39,1475,26.4,21.7,0.219,135000.0,17.2,36.1,11.26,1912.0,17.0
L1S,78,21,99,3930,25.2,19.8,0.269,100000.0,28.2,37.7,25.06,1522.0,18.3
L1T,53,14,67,1790,37.4,29.6,0.264,130000.0,24.1,38.1,11.94,1758.0,16.2
L1V,92,17,111,2505,43.5,36.7,0.185,118000.0,25.2,37.8,14.05,1696.0,17.2
L1W,27,4,31,1340,23.1,20.1,0.148,106000.0,27.6,38.7,18.9,1680.0,19.0
L1X,46,9,55,870,63.2,52.9,0.196,129000.0,25.1,43.4,11.87,1940.0,18.0
L1Y,4,0,4,155,25.8,25.8,0.0,133000.0,17.2,24.1,21.23,1480.0,13.4
L1Z,23,9,32,805,39.8,28.6,0.391,134000.0,19.9,37.9,9.13,2124.0,19.0
L2A,36,7,44,1890,22.8,19.0,0.194,72500.0,28.0,35.9,26.02,1025.0,17.0
L2E,99,17,116,3300,35.2,30.0,0.172,60800.0,28.1,42.0,39.38,1108.0,21.9
L2G,126,22,148,4605,32.1,27.4,0.175,69000.0,22.3,38.4,36.85,1212.0,21.1
L2H,76,13,97,2125,41.9,35.8,0.171,91000.0,18.7,38.3,20.52,1424.0,18.8
L2J,27,7,34,1155,29.4,23.4,0.259,81000.0,22.7,38.9,18.66,1132.0,16.8
L2M,108,20,130,5235,24.5,20.6,0.185,72000.0,23.8,39.5,36.28,1170.0,19.5
L2N,40,8,51,3570,13.4,11.2,0.2,78500.0,25.4,42.3,26.94,1212.0,18.5
L2P,60,17,79,2325,33.1,25.8,0.283,71000.0,24.4,39.8,36.05,1211.0,20.5
L2R,182,22,205,6000,34.0,30.3,0.121,61200.0,28.4,42.3,50.08,1068.0,20.9
L2S,46,8,56,2030,26.6,22.7,0.174,82000.0,22.8,37.9,26.73,1184.0,17.3
L2T,40,16,56,1615,34.7,24.8,0.4,74500.0,22.0,46.2,33.09,1384.0,22.3
L2V,96,17,113,2465,45.8,38.9,0.177,80000.0,21.8,36.4,31.62,1234.0,18.5
L2W,0,0,1,225,0.0,0.0,,110000.0,23.3,25.0,33.33,870.0,9.5
L3B,145,26,172,3785,45.2,38.3,0.179,66500.0,32.3,43.1,34.52,1075.0,19.4
L3C,117,19,136,3825,35.6,30.6,0.162,78500.0,23.1,36.9,27.44,1131.0,17.3
L3K,55,16,71,2385,29.8,23.1,0.291,70000.0,28.4,36.6,27.23,982.0,16.8
L3L,4,1,5,40,125.0,100.0,0.25,162000.0,0.0,0.0,15.69,1500.0,11.1
L3M,21,11,32,1955,16.4,10.7,0.524,104000.0,25.0,42.8,17.39,1536.0,17.7
L3P,11,5,16,1845,8.7,6.0,0.455,115000.0,30.6,40.2,14.59,1552.0,16.2
L3R,44,13,57,3615,15.8,12.2,0.295,93000.0,29.1,51.8,17.09,1896.0,24.5
L3S,26,7,33,2515,13.1,10.3,0.269,106000.0,23.8,32.1,16.78,1524.0,17.3
L3T,78,17,95,4800,19.8,16.2,0.218,95000.0,33.7,52.2,24.21,1896.0,23.9
L3V,183,37,221,6085,36.2,30.1,0.202,77500.0,24.2,43.6,29.84,1252.0,19.4
L3X,52,7,59,2145,27.5,24.2,0.135,129000.0,22.6,35.5,15.39,1886.0,17.5
L3Y,108,30,139,5285,26.1,20.4,0.278,93000.0,30.1,41.2,31.62,1500.0,19.4
L3Z,51,15,66,2135,30.9,23.9,0.294,114000.0,25.0,33.1,16.7,1606.0,16.9
L4A,42,21,63,2045,30.8,20.5,0.5,122000.0,27.8,43.2,12.08,1738.0,17.1
L4B,35,13,51,2580,18.6,13.6,0.371,97000.0,29.8,55.5,19.98,2048.0,25.3
L4C,167,45,214,8680,24.4,19.2,0.269,86000.0,33.6,47.5,30.35,1666.0,23.2
L4E,67,23,90,2130,42.3,31.5,0.343,127000.0,23.2,57.4,12.8,2458.0,23.2
L4G,56,18,79,4035,18.3,13.9,0.321,119000.0,27.0,44.1,18.76,1860.0,18.8
L4H,65,17,82,1660,49.4,39.2,0.262,144000.0,19.9,49.4,7.6,2410.0,20.1
L4J,59,17,76,3860,19.7,15.3,0.288,115000.0,28.0,49.8,14.7,1918.0,20.0
L4K,116,22,138,2485,55.5,46.7,0.19,92000.0,29.9,58.3,32.38,1930.0,25.2
L4L,58,9,67,2950,22.7,19.7,0.155,110000.0,28.1,45.8,14.87,1844.0,20.1
L4M,220,44,264,7020,37.6,31.3,0.2,87000.0,26.8,42.6,38.13,1470.0,20.3
L4N,277,57,339,10610,31.5,26.1,0.206,97000.0,25.7,42.2,28.83,1552.0,19.2
L4P,56,21,79,2195,35.1,25.5,0.375,102000.0,33.6,42.2,20.28,1494.0,17.6
L4R,49,10,61,2705,21.8,18.1,0.204,70500.0,25.4,41.9,31.97,1127.0,19.2
L4S,38,7,45,1705,26.4,22.3,0.184,119000.0,30.4,55.2,15.28,2314.0,23.3
L4T,213,7,220,4580,48.0,46.5,0.033,84000.0,28.7,33.2,40.14,1396.0,19.9
L4W,69,5,76,1570,47.1,43.9,0.072,105000.0,24.7,31.7,22.02,1498.0,17.1
L4X,88,3,92,3590,25.3,24.5,0.034,81000.0,35.8,37.5,52.91,1450.0,21.5
L4Y,102,11,113,2850,39.6,35.8,0.108,89000.0,35.3,41.5,32.17,1494.0,20.1
L4Z,62,16,88,3645,21.4,17.0,0.258,100000.0,23.9,35.2,28.43,1616.0,19.4
L5A,183,31,214,9045,23.7,20.2,0.169,80000.0,32.1,38.2,49.86,1494.0,22.4
L5B,175,37,213,12210,17.4,14.3,0.211,79000.0,28.0,46.7,44.71,1730.0,26.3
L5C,47,12,61,2565,23.0,18.3,0.255,102000.0,27.6,31.9,25.96,1474.0,17.3
L5E,27,9,36,1230,29.3,22.0,0.333,98000.0,29.0,41.6,23.06,1540.0,18.9
L5G,97,14,111,3730,29.8,26.0,0.144,95000.0,29.9,40.0,42.9,1610.0,20.3
L5H,33,9,42,1300,32.3,25.4,0.273,139000.0,31.4,46.5,20.7,1766.0,15.2
L5J,100,11,111,2750,40.4,36.4,0.11,107000.0,29.2,39.4,25.85,1658.0,18.6
L5K,66,2,70,1600,42.5,41.2,0.03,102000.0,35.1,38.2,34.9,1476.0,17.4
L5L,96,11,108,3255,32.9,29.5,0.115,110000.0,22.5,31.1,21.41,1536.0,16.8
L5M,120,28,149,7555,19.6,15.9,0.233,118000.0,24.2,44.7,23.42,2052.0,20.9
L5N,91,26,118,4565,25.6,19.9,0.286,123000.0,24.3,35.0,17.17,1734.0,16.9
L5R,65,9,74,3290,22.5,19.8,0.138,99000.0,24.5,39.1,25.93,1810.0,21.9
L5T,1,0,1,,,,0.0,,,,,,
L5V,38,14,52,2380,21.8,16.0,0.368,126000.0,21.9,31.0,17.46,1742.0,16.6
L5W,6,8,14,660,21.2,9.1,1.333,142000.0,14.5,31.8,10.46,2000.0,16.9
L6A,48,16,64,3525,18.2,13.6,0.333,133000.0,24.3,50.6,13.25,2282.0,20.6
L6B,25,14,39,1720,22.7,14.5,0.56,121000.0,22.1,49.0,16.95,2196.0,21.8
L6C,46,19,65,2250,28.9,20.4,0.413,118000.0,23.3,46.3,14.16,2212.0,22.5
L6E,17,11,28,1495,18.7,11.4,0.647,115000.0,26.5,49.7,12.79,2114.0,22.1
L6G,29,8,37,2070,17.9,14.0,0.276,61200.0,29.3,55.6,45.95,1850.0,36.3
L6H,135,28,163,5645,28.9,23.9,0.207,123000.0,22.9,48.6,22.81,2204.0,21.5
L6J,15,7,22,1325,16.6,11.3,0.467,158000.0,27.0,48.1,15.97,2418.0,18.4
L6K,60,5,65,3120,20.8,19.2,0.083,83000.0,31.4,43.9,49.41,1584.0,22.9
L6L,40,7,47,2345,20.0,17.1,0.175,122000.0,23.8,46.5,20.8,2118.0,20.8
L6M,64,27,92,4090,22.2,15.6,0.422,143000.0,19.0,42.4,17.84,2428.0,20.4
L6P,65,23,88,2280,38.6,28.5,0.354,134000.0,24.0,40.7,10.87,1912.0,17.1
L6R,56,16,72,3260,22.1,17.2,0.286,116000.0,21.3,37.6,14.02,1812.0,18.7
L6S,109,10,119,3090,38.5,35.3,0.092,105000.0,25.5,35.3,18.35,1622.0,18.5
L6T,268,12,280,6290,44.5,42.6,0.045,83000.0,29.7,34.0,46.2,1522.0,22.0
L6V,122,21,143,4305,33.2,28.3,0.172,93000.0,29.8,37.3,31.06,1486.0,19.2
L6W,127,12,139,3270,42.5,38.8,0.094,87000.0,35.8,36.4,39.16,1273.0,17.6
L6X,149,22,175,4400,38.9,33.9,0.148,116000.0,25.1,36.9,20.96,1668.0,17.3
L6Y,202,31,235,8260,28.2,24.5,0.153,106000.0,26.2,36.6,29.9,1506.0,17.0
L6Z,27,8,35,1295,27.0,20.8,0.296,119000.0,24.5,34.0,12.85,1680.0,16.9
L7A,147,38,185,3550,52.1,41.4,0.259,124000.0,19.4,42.6,13.22,2190.0,21.2
L7B,13,4,17,550,30.9,23.6,0.308,154000.0,12.6,36.4,9.94,1880.0,14.6
L7C,43,10,53,1105,48.0,38.9,0.233,134000.0,20.9,36.9,11.56,1864.0,16.7
L7E,16,5,21,1100,19.1,14.5,0.312,132000.0,28.9,43.8,9.72,1768.0,16.1
L7G,25,7,35,2305,13.9,10.8,0.28,132000.0,30.2,41.5,13.9,1522.0,13.8
L7J,10,6,16,805,19.9,12.4,0.6,110000.0,36.9,39.8,16.23,1304.0,14.2
L7K,7,2,9,325,27.7,21.5,0.286,134000.0,35.0,41.9,11.11,1500.0,13.4
L7L,28,5,33,2840,11.6,9.9,0.179,122000.0,15.3,46.7,16.23,1972.0,19.4
L7M,25,8,35,1765,18.7,14.2,0.32,131000.0,15.6,38.6,10.41,1874.0,17.2
L7N,24,3,27,1595,16.9,15.0,0.125,101000.0,29.0,48.7,29.65,1500.0,17.8
L7P,46,3,49,1670,29.3,27.5,0.065,117000.0,19.1,35.7,15.3,1500.0,15.4
L7R,86,15,112,4205,24.0,20.5,0.174,86000.0,19.6,44.6,50.66,1678.0,23.4
L7S,52,6,58,3030,19.1,17.2,0.115,77000.0,23.8,47.3,49.23,1542.0,24.0
L7T,35,6,41,3120,13.1,11.2,0.171,93000.0,19.0,47.9,39.05,1780.0,23.0
L8B,15,9,24,1225,19.6,12.2,0.6,131000.0,18.4,42.2,13.72,1700.0,15.6
L8E,119,24,143,4435,32.2,26.8,0.202,91000.0,25.5,33.9,29.0,1324.0,17.5
L8G,71,10,81,3165,25.6,22.4,0.141,77000.0,31.3,40.7,34.07,1259.0,19.6
L8H,153,21,174,3835,45.4,39.9,0.137,70000.0,35.4,39.7,34.04,1155.0,19.8
L8J,38,3,41,1615,25.4,23.5,0.079,114000.0,18.6,30.7,17.37,1628.0,17.1
L8K,144,17,161,5010,32.1,28.7,0.118,75000.0,30.6,36.1,35.98,1161.0,18.6
L8L,304,52,356,6220,57.2,48.9,0.171,65000.0,32.8,39.8,47.7,1187.0,21.9
L8M,125,18,143,3845,37.2,32.5,0.144,61200.0,35.3,42.9,59.84,1116.0,21.9
L8N,228,25,253,5725,44.2,39.8,0.11,54800.0,32.7,40.7,74.5,1095.0,24.0
L8P,171,38,209,9345,22.4,18.3,0.222,58000.0,27.8,38.6,69.27,1140.0,23.6
L8R,128,14,142,3890,36.5,32.9,0.109,53600.0,30.6,34.5,68.13,1020.0,22.8
L8S,48,28,76,4310,17.6,11.1,0.583,62800.0,23.9,44.6,60.58,1259.0,24.1
L8T,44,15,59,2545,23.2,17.3,0.341,85000.0,24.9,34.5,32.9,1239.0,17.5
L8V,67,14,82,4095,19.8,16.4,0.209,68500.0,29.4,37.1,43.66,1116.0,19.6
L8W,56,8,69,2035,31.4,27.5,0.143,101000.0,19.1,24.4,23.91,1179.0,14.0
L9A,92,13,105,3425,30.7,26.9,0.141,81000.0,26.6,34.8,33.59,1252.0,18.5
L9B,32,7,40,1620,24.1,19.8,0.219,105000.0,15.9,27.8,19.35,1259.0,14.4
L9C,58,15,76,4245,17.2,13.7,0.259,92000.0,21.2,30.1,28.9,1334.0,17.4
L9E,28,3,31,1240,25.0,22.6,0.107,124000.0,19.2,49.2,25.51,2496.0,24.2
L9G,10,4,14,905,15.5,11.0,0.4,138000.0,14.0,39.7,10.11,1776.0,15.4
L9H,50,11,61,2715,22.5,18.4,0.22,106000.0,24.9,41.3,21.48,1322.0,15.0
L9J,27,9,36,365,98.6,74.0,0.333,84000.0,22.5,49.3,35.78,1890.0,27.0
L9K,13,2,15,670,22.4,19.4,0.154,128000.0,14.5,50.4,13.51,2240.0,21.0
L9L,17,3,22,920,21.7,18.5,0.176,107000.0,16.5,39.4,16.25,1316.0,14.8
L9M,29,3,32,1165,27.5,24.9,0.103,76000.0,28.4,40.1,17.14,982.0,15.5
L9N,34,7,41,1305,31.4,26.1,0.206,117000.0,21.7,45.4,18.68,2162.0,22.2
L9P,4,0,4,1115,3.6,3.6,0.0,114000.0,27.6,43.2,17.23,1548.0,16.3
L9R,24,7,31,1890,16.4,12.7,0.292,99000.0,31.5,39.2,19.56,1442.0,17.5
L9S,62,15,77,1705,45.2,36.4,0.242,100000.0,20.1,41.0,14.0,1844.0,22.1
L9T,81,45,126,5610,22.5,14.4,0.556,126000.0,22.0,39.7,16.79,1952.0,18.6
L9V,36,8,44,880,50.0,40.9,0.222,105000.0,13.6,39.7,14.33,1288.0,14.7
L9W,31,13,51,3220,13.7,9.6,0.419,110000.0,32.6,41.9,18.63,1436.0,15.7
L9X,8,1,9,305,29.5,26.2,0.125,141000.0,17.2,30.5,7.18,1640.0,14.0
L9Y,59,14,73,3245,22.5,18.2,0.237,85000.0,25.8,47.8,25.16,1544.0,21.8
L9Z,69,12,81,1570,51.6,43.9,0.174,76000.0,21.2,44.1,14.54,1432.0,22.6
M1B,127,16,169,5765,24.8,22.0,0.126,91000.0,30.6,33.6,28.03,1396.0,18.4
M1C,50,8,60,1230,47.2,40.7,0.16,130000.0,23.2,33.9,10.8,1588.0,14.7
M1E,167,18,191,6440,28.7,25.9,0.108,82000.0,36.1,31.7,37.15,1106.0,16.2
M1G,139,14,153,5590,27.4,24.9,0.101,73500.0,35.7,30.2,54.01,1099.0,17.9
M1H,56,7,67,3285,19.2,17.0,0.125,80000.0,29.8,33.7,38.15,1394.0,20.9
M1J,264,18,285,6865,41.1,38.5,0.068,76500.0,35.9,31.8,54.44,1277.0,20.0
M1K,217,35,253,8870,28.4,24.5,0.161,72500.0,31.7,27.7,50.4,1143.0,18.9
M1L,164,12,176,6250,28.2,26.2,0.073,78000.0,37.4,33.1,49.31,1232.0,19.0
M1M,72,12,85,3190,26.3,22.6,0.167,87000.0,35.0,34.2,36.88,1197.0,16.5
M1N,82,9,92,3315,27.5,24.7,0.11,90000.0,31.9,39.3,34.84,1318.0,17.6
M1P,163,20,183,6730,27.2,24.2,0.123,76000.0,32.6,36.5,40.81,1402.0,22.1
M1R,101,22,125,4855,25.3,20.8,0.218,81000.0,36.9,41.0,44.36,1378.0,20.4
M1S,55,11,66,3390,19.5,16.2,0.2,81000.0,24.6,38.5,25.43,1494.0,22.1
M1T,127,19,146,6295,23.2,20.2,0.15,71500.0,33.4,33.3,47.56,1256.0,21.1
M1V,96,15,111,2970,37.4,32.3,0.156,82000.0,34.0,38.1,18.6,1424.0,20.8
M1W,65,15,80,4370,18.3,14.9,0.231,82000.0,30.5,35.1,26.13,1378.0,20.2
M1X,15,4,19,445,42.7,33.7,0.267,122000.0,24.7,34.1,12.03,1820.0,17.9
M2H,25,8,33,2115,15.6,11.8,0.32,91000.0,23.8,26.6,24.62,1376.0,18.1
M2J,223,35,258,11845,21.8,18.8,0.157,83000.0,28.1,41.3,49.0,1702.0,24.6
M2K,78,25,103,5165,19.9,15.1,0.321,83000.0,28.1,52.8,44.24,1942.0,28.1
M2L,23,2,25,1215,20.6,18.9,0.087,133000.0,25.2,44.8,31.15,2124.0,19.2
M2M,79,29,108,5335,20.2,14.8,0.367,81000.0,31.7,51.3,42.46,1876.0,27.8
M2N,147,41,188,14015,13.4,10.5,0.279,82000.0,24.8,49.9,41.13,1956.0,28.6
M2P,20,2,22,925,23.8,21.6,0.1,120000.0,21.8,42.5,30.83,2100.0,21.0
M2R,241,18,259,8600,30.1,28.0,0.075,78000.0,32.4,40.5,56.04,1532.0,23.6
M3A,283,26,310,8005,38.6,35.4,0.092,85000.0,31.0,38.5,60.99,1558.0,22.0
M3B,28,2,30,1125,26.7,24.9,0.071,121000.0,24.6,41.4,22.68,1924.0,19.1
M3C,198,9,207,8935,23.2,22.2,0.045,74500.0,33.3,38.6,55.02,1490.0,24.0
M3H,114,22,136,6760,20.1,16.9,0.193,92000.0,28.3,37.6,45.74,1510.0,19.7
M3J,204,21,225,5050,44.6,40.4,0.103,75500.0,29.3,36.5,52.2,1354.0,21.5
M3K,44,2,46,1195,38.5,36.8,0.045,88000.0,33.5,37.4,40.78,1604.0,21.9
M3L,153,5,158,2620,60.3,58.4,0.033,77500.0,38.9,34.8,40.71,1198.0,18.5
M3M,180,11,191,5470,34.9,32.9,0.061,74000.0,33.1,32.6,57.31,1275.0,20.7
M3N,429,13,442,8520,51.9,50.4,0.03,66500.0,35.4,29.3,62.72,1185.0,21.4
M4A,66,7,73,3060,23.9,21.6,0.106,70500.0,36.7,37.5,50.54,1201.0,20.4
M4B,92,15,108,3970,27.0,23.2,0.163,78000.0,35.0,40.2,52.2,1316.0,20.2
M4C,212,26,241,8905,26.7,23.8,0.123,83000.0,33.7,38.0,46.61,1336.0,19.3
M4E,67,11,79,3910,19.9,17.1,0.164,112000.0,30.2,42.6,35.86,1484.0,15.9
M4G,39,15,54,2610,20.7,14.9,0.385,130000.0,27.3,44.6,32.26,1834.0,16.9
M4H,105,9,115,5440,21.0,19.3,0.086,64500.0,42.8,35.2,89.77,1372.0,25.5
M4J,62,24,86,5585,15.4,11.1,0.387,93000.0,32.8,35.6,38.35,1272.0,16.4
M4K,138,22,160,7875,20.3,17.5,0.159,84000.0,33.8,41.2,55.48,1422.0,20.3
M4L,88,31,119,5420,22.0,16.2,0.352,101000.0,28.7,37.5,39.26,1474.0,17.5
M4M,43,18,61,5035,12.1,8.5,0.419,99000.0,24.2,35.4,43.99,1608.0,19.5
M4N,38,9,47,2235,21.0,17.0,0.237,146000.0,24.0,41.9,36.14,1926.0,15.8
M4P,141,27,168,10315,16.3,13.7,0.191,74500.0,27.2,45.6,74.45,1704.0,27.4
M4R,64,8,72,2800,25.7,22.9,0.125,107000.0,29.0,48.9,51.38,1880.0,21.1
M4S,158,18,179,9710,18.1,16.3,0.114,88000.0,24.6,44.9,61.28,1822.0,24.8
M4T,31,7,38,2590,14.7,12.0,0.226,114000.0,24.3,48.7,50.73,2082.0,21.9
M4V,97,18,115,5700,20.2,17.0,0.186,99000.0,23.0,45.0,56.1,1982.0,24.0
M4W,62,16,78,3530,22.1,17.6,0.258,104000.0,21.9,50.6,44.01,2208.0,25.5
M4X,156,21,178,8335,21.2,18.7,0.135,58800.0,33.7,33.9,84.62,1208.0,24.7
M4Y,315,66,387,16305,23.4,19.3,0.21,62400.0,25.8,52.3,71.47,1762.0,33.9
M5A,269,65,338,17625,19.0,15.3,0.242,71000.0,25.8,35.4,64.79,1396.0,23.6
M5B,104,33,144,7625,18.0,13.6,0.317,58000.0,23.9,52.0,71.66,1646.0,34.1
M5C,4,2,9,985,6.1,4.1,0.5,89000.0,18.9,40.6,52.67,1828.0,24.6
M5E,41,9,50,4320,11.6,9.5,0.22,98000.0,16.2,40.3,58.3,2044.0,25.0
M5G,58,12,70,4000,17.5,14.5,0.207,67500.0,21.0,56.1,70.42,1990.0,35.4
M5H,14,3,17,1255,13.5,11.2,0.214,90000.0,16.9,46.6,64.19,2316.0,30.9
M5J,46,23,69,5625,12.3,8.2,0.5,94000.0,13.2,43.8,56.65,2214.0,28.3
M5M,19,11,30,2205,13.6,8.6,0.579,164000.0,21.5,36.0,23.67,2078.0,15.2
M5N,58,8,66,3205,20.6,18.1,0.138,110000.0,30.4,41.2,50.79,1726.0,18.8
M5P,80,19,99,5795,17.1,13.8,0.237,99000.0,25.2,46.3,60.94,1966.0,23.8
M5R,126,36,163,8535,19.0,14.8,0.286,86000.0,24.2,44.7,61.38,1916.0,26.7
M5S,36,28,66,5740,11.1,6.3,0.778,70000.0,19.9,56.9,64.1,2060.0,35.3
M5T,88,35,124,6170,19.9,14.3,0.398,61600.0,26.3,42.7,68.29,1502.0,29.3
M5V,173,119,294,21665,13.5,8.0,0.688,91000.0,15.7,45.1,58.23,2072.0,27.3
M6A,81,11,92,5510,16.7,14.7,0.136,72500.0,29.7,32.2,59.47,1298.0,21.5
M6B,94,10,104,5535,18.8,17.0,0.106,86000.0,29.2,36.5,50.34,1456.0,20.3
M6C,78,18,97,5145,18.7,15.2,0.231,91000.0,33.8,42.2,50.0,1464.0,19.3
M6E,126,33,159,6655,23.9,18.9,0.262,82000.0,34.0,38.7,45.15,1370.0,20.0
M6G,61,24,85,6605,12.9,9.2,0.393,91000.0,24.4,40.5,50.59,1722.0,22.7
M6H,198,39,238,9895,24.0,20.0,0.197,83000.0,29.4,43.0,51.51,1588.0,23.0
M6J,105,32,137,7850,17.5,13.4,0.305,90000.0,23.4,43.0,50.68,1796.0,23.9
M6K,366,57,425,15720,26.9,23.3,0.156,72000.0,30.8,41.7,69.34,1508.0,25.1
M6L,100,9,114,3845,28.3,26.0,0.09,74000.0,31.7,29.2,52.53,1204.0,19.5
M6M,277,23,304,8560,35.0,32.4,0.083,71500.0,36.5,33.4,53.82,1189.0,20.0
M6N,124,21,145,6740,21.5,18.4,0.169,75500.0,34.9,32.2,42.35,1148.0,18.2
M6P,104,26,130,10970,11.9,9.5,0.25,86000.0,28.1,40.5,57.56,1612.0,22.5
M6R,64,22,86,4185,20.5,15.3,0.344,104000.0,26.9,40.6,49.06,1718.0,19.8
M6S,73,20,93,4715,19.7,15.5,0.274,108000.0,24.9,34.5,32.46,1592.0,17.7
M8V,226,38,276,11700,22.6,19.3,0.168,79000.0,30.1,43.3,51.33,1582.0,24.0
M8W,73,23,97,3330,28.8,21.9,0.315,95000.0,29.0,38.7,35.48,1534.0,19.4
M8X,12,3,15,1305,11.5,9.2,0.25,139000.0,23.4,46.1,28.37,2098.0,18.1
M8Y,100,9,109,4390,24.8,22.8,0.09,91000.0,32.3,39.4,43.77,1438.0,19.0
M8Z,26,9,35,1500,23.3,17.3,0.346,111000.0,24.7,41.1,20.24,1802.0,19.5
M9A,93,13,106,7695,13.8,12.1,0.14,93000.0,27.8,37.2,49.08,1558.0,20.1
M9B,85,15,100,3330,30.0,25.5,0.176,108000.0,27.2,37.8,26.11,1668.0,18.5
M9C,158,12,170,4455,38.2,35.5,0.076,95000.0,31.9,39.2,29.09,1594.0,20.1
M9L,19,7,26,955,27.2,19.9,0.368,81000.0,39.9,43.5,25.4,1460.0,21.6
M9M,200,8,208,3735,55.7,53.5,0.04,82000.0,34.8,34.1,45.66,1364.0,20.0
M9N,313,17,332,6065,54.4,51.6,0.054,69500.0,41.9,42.0,57.6,1235.0,21.3
M9P,68,6,74,3000,24.7,22.7,0.088,91000.0,31.2,34.6,38.39,1428.0,18.8
M9R,202,16,218,6160,35.4,32.8,0.079,82000.0,36.3,42.3,49.36,1512.0,22.1
M9V,308,19,331,7615,42.9,40.4,0.062,82000.0,33.2,32.2,45.78,1302.0,19.1
M9W,158,17,175,5960,29.4,26.5,0.108,85000.0,33.0,34.1,42.03,1314.0,18.6
N0A,25,5,30,1610,18.6,15.5,0.2,88000.0,16.6,35.6,12.34,1077.0,14.7
N0B,44,12,56,3630,15.4,12.1,0.273,120000.0,15.7,30.4,12.04,1298.0,13.0
N0C,26,6,32,915,35.0,28.4,0.231,85000.0,14.9,32.2,13.96,1184.0,16.7
N0E,13,8,21,1695,12.4,7.7,0.615,92000.0,13.8,26.5,12.42,1030.0,13.4
N0G,112,18,130,6610,19.7,16.9,0.161,83000.0,13.3,32.1,20.13,979.0,14.2
N0H,50,8,58,3355,17.3,14.9,0.16,86000.0,14.6,35.3,14.32,1130.0,15.8
N0J,25,10,35,1775,19.7,14.1,0.4,97000.0,8.7,24.9,15.33,999.0,12.4
N0K,20,1,21,1815,11.6,11.0,0.05,90000.0,4.1,24.8,20.06,953.0,12.7
N0L,27,11,38,2485,15.3,10.9,0.407,100000.0,10.7,25.1,13.23,971.0,11.7
N0M,75,12,87,5095,17.1,14.7,0.16,91000.0,11.1,26.8,18.36,943.0,12.4
N0N,34,9,43,2460,17.5,13.8,0.265,96000.0,18.3,29.6,14.57,1007.0,12.6
N0P,69,9,78,4045,19.3,17.1,0.13,80000.0,15.2,25.2,19.08,871.0,13.1
N0R,17,5,22,1665,13.2,10.2,0.294,107000.0,9.6,26.0,9.2,1098.0,12.3
N1A,19,2,21,1050,20.0,18.1,0.105,77500.0,24.9,38.9,21.06,1002.0,15.5
N1E,65,17,83,4550,18.0,14.3,0.262,96000.0,19.5,33.5,26.0,1350.0,16.9
N1G,44,22,69,3980,16.6,11.1,0.5,98000.0,17.5,38.6,34.61,1514.0,18.5
N1H,155,21,180,8370,21.0,18.5,0.135,77000.0,27.6,36.7,46.28,1229.0,19.2
N1K,16,3,19,1030,18.4,15.5,0.188,110000.0,18.1,50.5,28.1,1864.0,20.3
N1L,20,7,27,1560,17.3,12.8,0.35,114000.0,8.9,35.8,25.18,1638.0,17.2
N1M,40,4,44,1760,25.0,22.7,0.1,95000.0,17.5,40.9,24.39,1354.0,17.1
N1P,2,1,3,340,8.8,5.9,0.5,118000.0,15.4,37.3,13.57,1610.0,16.4
N1R,169,28,199,7090,27.8,23.8,0.166,77000.0,22.0,34.1,40.89,1219.0,19.0
N1S,51,4,56,2295,24.0,22.2,0.078,95000.0,22.7,34.9,29.01,1256.0,15.9
N1T,14,4,18,915,19.7,15.3,0.286,124000.0,14.6,36.8,16.28,1728.0,16.7
N2A,61,15,76,3435,22.1,17.8,0.246,96000.0,19.7,36.2,29.07,1324.0,16.6
N2B,57,13,70,2800,25.0,20.4,0.228,81000.0,24.4,36.9,39.05,1190.0,17.6
N2C,108,10,118,4885,24.2,22.1,0.093,70000.0,20.2,35.7,66.87,1314.0,22.5
N2E,92,13,110,4860,21.6,18.9,0.141,93000.0,16.6,32.5,34.11,1442.0,18.6
N2G,69,22,92,5395,16.9,12.8,0.319,62400.0,21.5,38.5,69.12,1230.0,23.7
N2H,116,24,140,5435,25.8,21.3,0.207,73500.0,20.2,37.6,50.65,1251.0,20.4
N2J,92,30,122,4450,27.4,20.7,0.326,74500.0,18.3,39.8,47.19,1312.0,21.1
N2K,27,13,40,1945,20.6,13.9,0.481,120000.0,12.3,28.4,18.44,1612.0,16.1
N2L,191,82,273,10275,26.6,18.6,0.429,69500.0,14.4,44.5,63.27,1404.0,24.2
N2M,250,23,273,8330,32.8,30.0,0.092,71500.0,22.0,35.2,53.64,1247.0,20.9
N2N,39,4,43,1580,27.2,24.7,0.103,108000.0,15.1,31.7,17.5,1600.0,17.8
N2P,66,16,83,2035,40.3,32.4,0.242,110000.0,15.7,38.9,24.03,1604.0,17.5
N2R,27,9,36,1135,31.7,23.8,0.333,116000.0,11.3,40.9,20.05,2008.0,20.8
N2T,13,9,24,1060,20.8,12.3,0.692,127000.0,12.8,32.4,15.09,1624.0,15.3
N2V,16,9,25,875,28.6,18.3,0.562,126000.0,10.3,37.0,13.93,1904.0,18.1
N2Z,20,2,22,1005,21.9,19.9,0.1,103000.0,14.4,32.3,19.48,1146.0,13.4
N3A,21,3,24,955,25.1,22.0,0.143,111000.0,18.7,28.9,15.23,1176.0,12.7
N3B,7,0,7,830,8.4,8.4,0.0,107000.0,24.1,30.9,17.58,1112.0,12.5
N3C,28,16,44,1525,28.9,18.4,0.571,114000.0,15.5,32.6,16.09,1466.0,15.4
N3E,4,3,7,280,25.0,14.3,0.75,121000.0,0.0,42.1,35.9,2460.0,24.4
N3H,84,16,100,3705,27.0,22.7,0.19,82000.0,23.8,37.2,38.1,1248.0,18.3
N3L,20,9,29,1085,26.7,18.4,0.45,102000.0,16.6,37.2,16.56,1376.0,16.2
N3P,24,1,25,800,31.2,30.0,0.042,92000.0,22.2,35.0,24.88,1226.0,16.0
N3R,97,4,104,4340,23.3,22.4,0.041,83000.0,21.7,40.8,29.46,1235.0,17.9
N3S,121,13,134,4435,30.2,27.3,0.107,68500.0,28.1,37.5,38.57,1100.0,19.3
N3T,176,28,204,4670,43.7,37.7,0.159,86000.0,24.1,39.7,33.66,1226.0,17.1
N3V,3,0,3,50,60.0,60.0,0.0,109000.0,0.0,27.3,8.85,1600.0,17.6
N3W,25,1,26,735,35.4,34.0,0.04,111000.0,11.3,38.9,13.14,1444.0,15.6
N3Y,40,8,48,2445,19.6,16.4,0.2,77500.0,22.0,39.6,24.66,1039.0,16.1
N4B,8,0,8,650,12.3,12.3,0.0,78000.0,13.5,23.3,19.43,924.0,14.2
N4G,53,5,60,2570,22.6,20.6,0.094,75000.0,15.3,37.4,27.87,1168.0,18.7
N4K,114,18,132,4425,29.8,25.8,0.158,69500.0,21.5,38.4,34.2,980.0,16.9
N4L,9,1,10,810,12.3,11.1,0.111,74500.0,13.9,36.0,21.86,1018.0,16.4
N4N,24,8,32,1320,24.2,18.2,0.333,73000.0,13.8,39.5,30.28,1007.0,16.6
N4S,102,18,121,4755,25.2,21.5,0.176,78000.0,15.9,34.1,34.28,1110.0,17.1
N4T,25,5,31,1535,19.5,16.3,0.2,98000.0,9.5,42.7,27.83,1544.0,18.9
N4V,3,0,3,540,5.6,5.6,0.0,87000.0,7.1,49.5,40.91,1770.0,24.4
N4W,18,4,22,1510,14.6,11.9,0.222,84000.0,19.1,37.2,29.67,1151.0,16.4
N4X,7,7,16,820,17.1,8.5,1.0,89000.0,6.3,24.8,20.22,1010.0,13.6
N4Z,2,0,2,165,12.1,12.1,0.0,95000.0,18.8,21.9,18.75,1180.0,14.9
N5A,89,5,95,5035,18.7,17.7,0.056,77000.0,15.6,35.7,34.5,1127.0,17.6
N5C,32,4,39,1380,26.1,23.2,0.125,89000.0,10.7,32.0,22.31,1074.0,14.5
N5H,22,0,24,1265,17.4,17.4,0.0,83000.0,8.6,31.2,23.04,1044.0,15.1
N5L,3,0,3,245,12.2,12.2,0.0,89000.0,19.6,43.8,14.76,1230.0,16.6
N5P,82,8,93,2765,32.5,29.7,0.098,77500.0,29.5,38.3,32.23,996.0,15.4
N5R,46,9,55,3250,16.9,14.2,0.196,80000.0,21.6,33.9,25.56,1092.0,16.4
N5V,153,21,181,4805,36.2,31.8,0.137,74500.0,19.9,30.5,37.94,1086.0,17.5
N5W,168,36,206,4805,42.5,35.0,0.214,64500.0,27.2,38.4,41.39,1047.0,19.5
N5X,65,21,86,3210,26.8,20.2,0.323,103000.0,14.6,40.2,24.06,1520.0,17.7
N5Y,217,20,238,8450,28.0,25.7,0.092,63600.0,25.2,35.1,55.37,1071.0,20.2
N5Z,181,18,202,4020,49.5,45.0,0.099,64500.0,25.3,30.3,38.14,979.0,18.2
N6A,127,16,144,4995,28.6,25.4,0.126,61200.0,15.1,41.5,70.7,1277.0,25.0
N6B,156,17,174,5075,34.1,30.7,0.109,49200.0,23.5,38.3,77.3,1023.0,25.0
N6C,110,16,126,6170,20.4,17.8,0.145,75500.0,21.0,37.1,43.48,1154.0,18.3
N6E,66,11,77,3130,24.6,21.1,0.167,75000.0,26.4,36.7,31.04,1207.0,19.3
N6G,116,25,148,5350,26.4,21.7,0.216,96000.0,16.1,45.7,29.16,1558.0,19.5
N6H,209,20,229,10485,21.8,19.9,0.096,71000.0,21.0,46.0,54.03,1292.0,21.8
N6J,152,19,176,6530,26.2,23.3,0.125,65000.0,23.7,38.6,51.14,1102.0,20.3
N6K,84,9,93,4540,20.5,18.5,0.107,100000.0,17.2,38.6,30.38,1374.0,16.5
N6L,12,2,14,345,40.6,34.8,0.167,103000.0,13.6,41.2,22.48,2010.0,23.4
N6M,12,3,15,380,39.5,31.6,0.25,109000.0,9.6,35.1,13.77,1840.0,20.3
N6P,25,1,26,875,29.7,28.6,0.04,119000.0,10.3,50.3,22.15,1740.0,17.5
N7A,11,5,16,1420,11.3,7.7,0.455,74000.0,28.7,41.1,25.31,1128.0,18.3
N7G,31,4,35,1910,18.3,16.2,0.129,85000.0,21.1,36.3,24.19,1108.0,15.6
N7L,97,5,102,3840,26.6,25.3,0.052,68500.0,16.3,35.3,34.32,949.0,16.6
N7M,118,22,143,3565,39.3,33.1,0.186,71000.0,16.2,29.7,32.62,893.0,15.1
N7S,68,21,89,2530,35.2,26.9,0.309,93000.0,20.5,30.3,22.35,1092.0,14.1
N7T,167,34,202,6245,32.2,26.7,0.204,58400.0,27.5,38.8,48.35,1024.0,21.0
N7V,20,5,25,1460,17.1,13.7,0.25,83000.0,20.8,46.4,26.52,1280.0,18.5
N7W,2,1,3,35,85.7,57.1,0.5,81000.0,0.0,28.6,2.72,1400.0,20.7
N8A,35,4,39,1565,24.9,22.4,0.114,64500.0,21.5,31.3,28.61,824.0,15.3
N8H,43,5,50,3160,15.2,13.6,0.116,78000.0,20.7,35.5,31.94,1159.0,17.8
N8M,22,4,26,885,29.4,24.9,0.182,88000.0,13.2,27.1,19.14,940.0,12.8
N8N,21,2,28,1030,22.3,20.4,0.095,108000.0,14.9,32.7,10.94,1226.0,13.6
N8P,6,5,11,415,26.5,14.5,0.833,100000.0,7.8,41.0,7.57,1620.0,19.4
N8R,24,3,27,690,39.1,34.8,0.125,92000.0,16.4,35.8,15.74,1376.0,17.9
N8S,79,5,84,3770,22.3,21.0,0.063,72500.0,19.2,37.6,36.08,1093.0,18.1
N8T,102,3,107,3430,30.6,29.7,0.029,60800.0,19.1,26.4,44.29,893.0,17.6
N8W,48,8,58,1780,31.5,27.0,0.167,80000.0,15.3,28.5,18.17,1142.0,17.1
N8X,114,23,137,3455,39.7,33.0,0.202,60000.0,27.0,41.1,47.69,1051.0,21.0
N8Y,98,18,116,3945,29.4,24.8,0.184,62800.0,20.8,34.1,43.07,1036.0,19.8
N9A,255,42,297,8795,33.8,29.0,0.165,45200.0,25.8,37.2,70.16,937.0,24.9
N9B,90,22,112,4235,26.4,21.3,0.244,59600.0,19.2,36.5,57.08,1041.0,21.0
N9C,101,14,115,3075,37.4,32.8,0.139,54000.0,22.1,34.0,57.75,957.0,21.3
N9E,18,4,22,900,24.4,20.0,0.222,103000.0,16.1,35.4,11.91,1592.0,18.5
N9G,15,6,21,760,27.6,19.7,0.4,111000.0,12.4,40.4,11.46,1684.0,18.2
N9H,11,3,14,435,32.2,25.3,0.273,117000.0,11.9,29.1,9.49,1360.0,13.9
N9J,13,2,15,595,25.2,21.8,0.154,119000.0,10.6,36.1,8.19,1485.0,15.0
N9K,2,0,2,10,200.0,200.0,0.0,136000.0,0.0,0.0,1.2,1000.0,8.8
N9V,27,4,33,1295,23.9,20.8,0.148,97000.0,19.7,38.8,15.21,1113.0,13.8
N9Y,18,0,18,970,18.6,18.6,0.0,90000.0,21.8,32.3,15.56,1092.0,14.6
P0A,14,2,16,1040,15.4,13.5,0.143,68000.0,36.8,29.6,12.86,836.0,14.8
P0B,4,1,5,375,13.3,10.7,0.25,90000.0,20.0,35.1,9.16,1180.0,15.7
P0C,1,0,1,245,4.1,4.1,0.0,78500.0,27.3,40.4,11.72,840.0,12.8
P0E,4,0,4,95,42.1,42.1,0.0,83000.0,36.8,52.6,6.13,1020.0,14.7
P0G,4,0,4,125,32.0,32.0,0.0,72000.0,17.4,21.7,7.53,900.0,15.0
P0H,24,12,36,1785,20.2,13.4,0.5,80000.0,25.1,30.5,13.41,901.0,13.5
P0J,21,5,26,1975,13.2,10.6,0.238,72500.0,22.3,31.7,22.53,820.0,13.6
P0K,26,2,28,960,29.2,27.1,0.077,75000.0,22.2,28.4,18.82,748.0,12.0
P0L,26,5,31,2390,13.0,10.9,0.192,77500.0,13.7,22.7,26.05,803.0,12.4
P0M,80,21,102,4225,23.9,18.9,0.263,86000.0,17.5,28.0,19.89,977.0,13.6
P0N,37,8,47,935,48.1,39.6,0.216,90000.0,20.7,30.5,23.4,894.0,11.9
P0P,7,4,11,1365,8.1,5.1,0.571,64000.0,33.5,31.6,15.51,880.0,16.5
P0R,14,0,14,970,14.4,14.4,0.0,68500.0,29.3,31.1,16.72,734.0,12.9
P0S,9,2,11,460,23.9,19.6,0.222,85000.0,19.8,22.8,10.36,760.0,10.7
P0T,55,3,58,1995,29.1,27.6,0.055,77000.0,15.2,20.5,14.78,741.0,11.5
P0V,9,3,12,1070,11.2,8.4,0.333,71500.0,19.8,21.4,14.12,880.0,14.8
P0W,5,1,6,325,18.5,15.4,0.2,76500.0,17.7,14.3,13.0,655.0,10.3
P0X,3,7,10,185,54.1,16.2,2.333,75500.0,23.5,23.5,6.08,930.0,14.8
P0Y,0,1,1,,,,,,,,,,
P1A,54,8,63,2865,21.6,18.8,0.148,74000.0,21.4,33.6,38.61,1003.0,16.3
P1B,128,23,151,6560,23.0,19.5,0.18,66000.0,22.6,37.5,42.99,1007.0,18.3
P1H,27,5,32,1585,20.2,17.0,0.185,82000.0,33.6,40.3,20.39,1189.0,17.4
P1L,23,4,27,1510,17.9,15.2,0.174,86000.0,27.3,42.6,19.84,1265.0,17.7
P1P,17,7,26,1125,21.3,15.1,0.412,72500.0,22.3,37.1,24.22,1078.0,17.8
P2A,27,5,32,1580,20.3,17.1,0.185,73500.0,13.5,39.9,23.99,1142.0,18.6
P2B,22,4,26,1760,14.8,12.5,0.182,66000.0,14.3,43.5,39.91,949.0,17.3
P2N,32,1,33,1335,24.7,24.0,0.031,60800.0,13.8,34.2,39.32,779.0,15.4
P3A,66,9,77,3780,19.8,17.5,0.136,83000.0,15.4,31.4,36.59,1110.0,16.0
P3B,86,20,109,3885,27.3,22.1,0.233,66500.0,18.2,28.7,51.42,910.0,16.4
P3C,178,31,211,5710,36.6,31.2,0.174,54000.0,23.1,33.8,64.81,955.0,21.2
P3E,85,9,95,6170,15.2,13.8,0.106,85000.0,15.2,32.5,46.08,1135.0,16.0
P3G,4,1,5,120,41.7,33.3,0.25,128000.0,0.0,25.0,7.57,1200.0,11.2
P3L,18,3,21,635,33.1,28.3,0.167,102000.0,17.6,27.6,20.06,1084.0,12.8
P3N,3,2,5,480,10.4,6.2,0.667,107000.0,17.0,33.0,15.79,1032.0,11.6
P3P,12,3,17,870,17.2,13.8,0.25,109000.0,17.8,34.7,14.83,1128.0,12.4
P3Y,6,3,9,385,23.4,15.6,0.5,113000.0,22.1,37.7,12.88,1048.0,11.1
P4N,89,13,102,4235,24.1,21.0,0.146,73500.0,18.8,32.5,38.55,940.0,15.3
P4P,3,1,6,430,9.3,7.0,0.333,101000.0,11.9,17.9,31.85,980.0,11.6
P4R,8,0,8,325,24.6,24.6,0.0,116000.0,9.4,25.0,18.68,1020.0,10.6
P5A,31,4,35,2290,15.3,13.5,0.129,50000.0,27.7,34.9,39.21,822.0,19.7
P5E,8,2,10,560,17.9,14.3,0.25,78500.0,22.0,35.1,23.0,924.0,14.1
P5N,13,3,16,1275,12.5,10.2,0.231,69000.0,11.2,26.0,32.95,738.0,12.8
P6A,122,16,141,4540,30.4,26.9,0.131,78000.0,18.1,35.5,30.23,890.0,13.7
P6B,67,8,78,3670,20.4,18.3,0.119,69000.0,13.1,33.4,35.22,919.0,16.0
P6C,62,4,67,2195,30.1,28.2,0.065,71500.0,17.1,32.2,25.75,930.0,15.6
P7A,54,14,69,4110,16.5,13.1,0.259,78500.0,19.9,30.5,30.84,1042.0,15.9
P7B,58,11,69,4600,15.0,12.6,0.19,70000.0,16.7,29.1,44.99,997.0,17.1
P7C,45,3,48,3035,15.8,14.8,0.067,72500.0,22.1,30.5,31.66,968.0,16.0
P7E,74,5,79,3655,21.6,20.2,0.068,68500.0,22.3,32.0,36.96,956.0,16.7
P7G,6,3,9,320,28.1,18.8,0.5,117000.0,22.6,27.0,6.28,990.0,10.2
P7J,1,0,1,80,12.5,12.5,0.0,114000.0,0.0,0.0,4.48,950.0,10.0
P7K,0,1,1,135,7.4,0.0,,118000.0,11.5,22.2,5.05,1100.0,11.2
P8N,10,4,14,1045,13.4,9.6,0.4,83000.0,17.4,25.5,24.25,890.0,12.9
P8T,4,2,6,745,8.1,5.4,0.5,103000.0,11.7,24.5,34.02,1132.0,13.2
P9A,28,2,30,995,30.2,28.1,0.071,82000.0,18.3,24.2,22.46,826.0,12.1
P9N,15,0,15,1640,9.1,9.1,0.0,83000.0,17.0,37.2,26.95,1075.0,15.5
